t,e
0,0
2,0
4,0
6,0
8,0
10,0
12,0
14,0
16,0
18,0
20,0
22,0
24,0
26,0
28,0
30,0
32,0
34,0
36,0
38,0
40,0
42,0
44,0
46,0
48,0
50,0
52,0
54,0
56,0
58,0
60,0
62,0
64,0
66,0
68,0
70,0
72,0
74,0
76,0
78,0
80,0
82,0
84,0
86,0
88,0
90,0
92,0
94,0
96,0
98,0
100,0
102,0
104,0
106,0
108,0
110,0
112,0
114,0
116,0
118,0
120,0
122,0
124,0
126,0
128,0
130,0
132,0
134,0
136,0
138,0
140,0
142,0
144,0
146,0
148,0
150,0
152,0
154,0
156,0
158,0
160,0
162,0
164,0
166,0
168,0
170,0
172,0
174,0
176,0
178,0
180,0
182,0
184,0
186,0
188,0
190,0
192,0
194,0
196,0
198,0
200,0
202,0
204,0
206,0
208,0
210,0
212,0
214,0
216,0
218,0
220,0
222,0
224,0
226,0
228,0
230,0
232,0
234,0
236,0
238,0
240,0
242,0
244,0
246,0
248,0
250,-1
250.151,0.23648189146448
252.212,0.0174292036253667
253.578,-0.0163853388104678
254.028,0.0149156563572972
254.527,-0.017925883819724
257.334,-0.0174671355777276
257.784,0.0152141671203974
258,0.0152141671203974
258.255,-0.017765841862714
260.118,-0.0175216998537251
260.548,0.0145452660987559
263.368,0.0150880068963688
263.851,-0.017474549385899
264.792,-0.0176646518227508
265.22,0.0147539052633183
266,-0.0173072663166467
267.094,0.014688574410489
268.068,0.0156200151077237
268.537,-0.017013404789803
270,0.0147800740874811
271.357,-0.0172506312282841
272.308,-0.0184123778255469
273.671,0.0145154462003552
274.613,0.0149809675289205
275.101,-0.0169498965232884
276.062,-0.0180336649375001
276.497,0.0146959256756674
278.373,0.014558158001635
279.813,-0.0180746753330343
280,-0.0180746753330343
281.167,0.0146776587347088
283.076,0.0145168005252359
283.568,-0.0178229845765636
284.961,0.0149721250711776
285.447,-0.017757405572882
286.383,-0.0176771359517085
287.765,0.0149656321630034
288.265,-0.0171238286106097
288.707,0.0151828305786084
290.59,0.0151735643515645
291.999,-0.0184943216680744
292.003,-0.0185978959615793
292.416,0.0139050797160003
294.32,0.0146757231580841
295.757,-0.0180622131525112
296,-0.0180622131525112
296.17,0.0145364239092163
298.592,-0.0178269206228503
299.014,0.0147144970101429
301.394,-0.0176507960808481
301.829,0.0148131262783866
302,0.0148131262783866
303.274,-0.0173029910366034
304.227,-0.0182630046036198
305.587,0.0145337350755441
307.468,0.0154166629856971
307.941,-0.017533844614225
308.369,0.0148446233852972
308.859,-0.0178203463286377
310.214,0.0143994006232213
311.682,-0.0185459360424676
312.636,-0.0179632586613825
313.052,0.0146570471506973
314.503,-0.0177492535163948
315.867,0.0148197212683847
316,0.0148197212683847
317.301,-0.0177471038276993
318.223,-0.0171930810528447
319.609,0.0155287513809772
321.025,-0.0172423221252385
321.466,0.0150574671998815
322.896,-0.0181227187720956
323.306,0.01450708528253
324,-0.0177102241664158
325.175,0.0150070450494093
326.607,-0.0179664382954203
327.967,0.0151909205145309
328,0.0151909205145309
329.384,-0.0177423644382806
330.31,-0.0174504875833663
330.745,0.0149486791273779
332.187,-0.0175165197995879
333.574,0.0145277744790553
334.506,0.0151024031192644
335.937,-0.0175819664401526
336.365,0.0145754976022348
337.824,-0.0177567811413795
338,-0.0177567811413795
339.195,0.0157312603130126
340.112,0.0146036027070791
340.628,-0.0182814219692613
342.475,-0.0181399753620761
342.91,0.0149311200954609
344.756,0.0148389891575795
345.263,-0.0177212460099141
346,0.0147659968344049
347.098,-0.0182054943197145
348.032,-0.0184306626820248
349.413,0.0152868642525585
351.27,0.0152195735114766
351.744,-0.0176232014631204
352.687,-0.0177147924893335
353.105,0.0148126548509993
354.562,-0.0176703565952048
355.004,0.0139324643023091
356.508,-0.0177915760246234
356.934,0.0143365233396291
358.838,0.0150230391951878
359.325,-0.0170013331812142
360,0.0147670449615718
360.261,-0.0177853043300455
362,0.0143968204154041
363.051,-0.0175648789460814
364.431,0.0145320390553048
364.934,-0.0176779882073124
366.297,0.0149106522851365
367.721,-0.0176405743145756
368,-0.0176405743145756
369.079,0.0143374077393639
370.516,-0.0172072523404068
371.886,0.0151262344224867
372,0.0151262344224867
373.314,-0.0172726585670926
374.244,-0.0178098967800437
375.648,0.0148656476995352
376,0.0148656476995352
376.142,-0.0171380042597722
378.018,-0.0174245877244719
379.392,0.0153457529279923
380.344,0.0155233092293252
380.822,-0.0173723766409788
383.12,0.0149162278810073
383.614,-0.0181672691929515
384.534,-0.0175935207821607
385.919,0.0149117808699892
386,0.0149117808699892
387.372,-0.0179854212569883
388.295,-0.0168772146342482
388.732,0.0153811048859498
390.155,-0.0174284954060933
390.585,0.0149408546680525
392.966,-0.0183196055565262
393.389,0.0142788789512873
394,-0.0175612226930268
394.322,0.0145209634122696
397.181,0.015299516953819
397.659,-0.0173419953606126
398.074,0.014319014777108
399.548,-0.0176209317085347
400.491,-0.0180689676803971
401.834,0.0150783679019977
402.307,-0.0169814582947341
403.709,0.0152836809877943
404,0.0152836809877943
405.124,-0.0172424913152134
406.499,0.0141781343180942
407.028,-0.0186274164862223
408,-0.0176925216103583
409.372,0.0150491519800435
410.291,0.0146297448355948
411.755,-0.0182862737627008
412.158,0.0130796477219066
412.727,-0.0183593820850163
414,-0.0176040378452744
414.131,0.014893764636307
416.476,-0.0174633130252788
416.921,0.0149846471155426
418.35,-0.017427383716714
418.787,0.0146848955634611
420.234,-0.0174932958350715
421.616,0.0146652976528485
422,0.01465110431525
422.12,-0.0183133283987487
424,-0.0175127725414725
424.403,0.0149022617620114
426.253,0.0145287024907006
426.772,-0.0179573650581069
429.07,0.0140641797913821
429.6,-0.0179660944733939
430.551,-0.0177372173153434
431.931,0.0151602175291794
432,0.0151602175291794
433.359,-0.0177306606783088
434.289,-0.0178302793269123
435.676,0.0145983549807949
437.124,-0.0174308090871946
437.564,0.0149867456754125
438.48,0.0146640930855435
438.982,-0.01783629082705
440,-0.0173916703340988
441.29,0.015534516770813
442.223,0.0157495041173412
443.6,-0.0168081356489909
444.037,0.0146406400843024
444.555,-0.0173772465153883
446,0.0145723167267748
447.399,-0.0175483606395437
448.376,-0.0186334659917553
449.748,0.0152280514617393
450,0.0152280514617393
450.232,-0.0177154000804318
452.469,0.0139703137232976
453.009,-0.0182519520861617
454,-0.017411045532977
455.359,0.0144810195856007
456,-0.0173407048510636
456.327,0.0154318167474368
458.171,0.014201168127117
459.634,-0.0184431626669292
460.587,-0.0186006240679135
461.961,0.0149675910109512
462.446,-0.0171434135602371
463.838,0.0149966432481827
464,0.0149966432481827
465.275,-0.017374764998344
466,0.0143321115647606
466.205,-0.0170921537538771
468,0.0141400353296355
469.086,-0.0183667359842534
470.034,-0.0182544326044525
471.407,0.0145457849881354
472,-0.0178058273517787
473.273,0.0148211314068654
474.204,0.0147822223152163
474.704,-0.0177927234789506
477.475,-0.0168274462634455
477.926,0.0153713122565935
478,0.0153713122565935
479.313,-0.0177528683808559
481.191,-0.0167567646973148
481.658,0.0154305811179656
482,0.0154305811179656
483.988,-0.0177477098733871
484,-0.0177477098733871
485.328,0.0148330501785323
486.284,0.015090035128722
487.71,-0.0181766385395399
488.65,-0.0186925826164797
489.999,0.0141200113068778
490.507,-0.0173843043995556
491.893,0.0155982364806859
492,0.0155982364806859
493.319,-0.0175483246271164
495.173,-0.0170917361171599
495.617,0.0151893918357699
497.051,-0.0167226348832075
497.514,0.0148753725097577
498.945,-0.0171580045548883
499.388,0.0151876551147807
500,0.983970865148002
500.16,-0.277379009405034
502.404,0.01394786380932
503.88,-0.00991786232239344
504.391,0.0110393648953817
504.861,-0.0104437097269878
506.342,0.010601978879464
507.842,-0.011686560984453
508,-0.011686560984453
509.251,0.00997485064933556
510,-0.0115975555504546
511.213,0.0106034323339692
512.165,0.0101041124174639
513.651,-0.0106009206295918
514.151,0.0104592861962471
515.64,-0.0109710540144456
516,-0.0109487325846955
517.157,0.0107599775205838
518.084,0.0102951427604685
519.558,-0.0112844167157098
521.022,0.00993747309742332
521.556,-0.0116706932158688
522.514,-0.0115546713873658
522.955,0.0100040950579903
524.893,0.0106423839386696
525.381,-0.0112585408732104
526,0.0100242860679849
526.349,-0.0111657996359793
528.311,-0.0114040428368078
529.792,0.0108249114472385
530,0.0108249114472385
531.265,-0.0110761273649234
532.247,-0.0111117452369565
533.702,0.0102359028207752
535.165,-0.0113491950667111
535.626,0.0105364289416041
536.602,0.0107895418375374
537.087,-0.0105758176130939
539.073,-0.0112813958795366
539.528,0.00926299294984023
540.076,-0.0114485864228422
541.516,0.00992211628259376
542.511,0.0100817556290549
543.995,-0.0111587262643791
544,-0.0111587262643791
545.42,0.00972110006870386
546,-0.011141337111596
547.414,0.0101573477625498
548.408,0.0111039617029784
549.831,-0.0105874803304755
550,-0.0105874803304755
550.343,0.0109868608323831
552,-0.0103407250636438
553.223,0.011990998015138
554.162,0.0103358002350769
555.695,-0.0123322490193301
556,-0.0123313460577776
557.133,0.00999457897506284
558,-0.0111272157402884
559.111,0.0100847253926157
561.078,0.0100018070207337
561.582,-0.0110338375993029
562.568,-0.0112734363230984
563.017,0.00979719066539975
564.988,0.0108323317974701
565.463,-0.0106268673730019
566,0.0106346229297172
567.377,-0.0109799491607365
568.852,0.00963098401092655
569.405,-0.0115483679472164
570.372,-0.011665192368892
571.794,0.0100201555067367
573.309,-0.0109823026614864
573.79,0.0103338732170584
574,0.0103338732170584
575.287,-0.0111282690284651
577.271,-0.0114405386727239
577.727,0.00989276304542663
578.246,-0.0116376524879909
578.69,0.00998952615823789
580.174,-0.0116080608395244
581.656,0.0116473063543201
582,0.0115361065364294
583.065,-0.0104530055917842
584.045,-0.0108344396327875
584.541,0.0109187895111256
586.936,-0.0107535587916492
587.422,0.0105706075383938
589.441,0.0110212802137446
589.872,-0.010531454626878
591.319,0.0107132576069167
591.809,-0.0108159947071016
592.274,0.0103876136916612
592.776,-0.0110673515759276
594.76,-0.0111317681234406
595.229,0.0101092573584372
596.234,0.0107667302416092
597.651,-0.0107953208417282
598,-0.0107947779788575
598.149,0.010699724292627
600.584,-0.0117193315926694
601.999,0.00944360860946603
602.536,-0.0112837813951785
603.972,0.0109914698150719
604,0.0109914698150719
605.4,-0.0113179820680174
607.33,-0.0115172040552043
607.789,0.0102520119633538
608,0.0102520119633538
609.237,-0.0115678173251248
610.199,-0.0112137849673908
611.618,0.0101864136822867
612,0.010165963206473
612.125,-0.011398979388505
614,0.00995199228360155
615.112,-0.0121585255538421
616.519,0.00990879514184995
617.037,-0.0111118470912899
618.532,0.0107870915354966
619.959,-0.0111884739808079
620.41,0.0103065658459798
621.92,-0.0116412044160261
622,-0.0116412044160261
623.342,0.00993199243968723
624.854,-0.0112716035303617
625.325,0.0103203249062171
627.226,0.0103078133623056
627.735,-0.011377570750243
628,-0.011377570750243
629.156,0.0101205390240011
630.158,0.010663645568965
631.592,-0.0117328993893864
632.571,-0.0115988530440929
633.027,0.00985131959682528
634.044,0.0106129505337922
635.515,-0.0114822526601557
636,0.0101610122243838
636.48,-0.0114607035277243
638.429,-0.0112546419442592
639.882,0.0106842787286796
640,0.0106842787286796
641.321,-0.0110990896289831
642.291,-0.0111910075275989
643.817,0.0111540186712373
644,0.0111540186712373
645.229,-0.0106310090890027
646,0.00956527465558743
646.244,-0.0117322549477374
648.212,-0.0117644342114844
649.651,0.00948801053236981
650.65,0.0104352342948353
651.15,-0.0112285221685371
652,0.0100868135930154
653.076,-0.0111867248437678
654.044,-0.0111592990158174
655.492,0.0105075568322448
657.46,0.0101902779729826
657.972,-0.0112094329992714
658,-0.0112094329992714
658.423,0.0100717554287297
660,-0.0110874717745233
661.399,0.0114812336785892
662,-0.010450760687297
662.32,0.0116407109317911
665.202,0.0109707602312699
665.657,-0.0105363763501642
666.127,0.0105640053285319
667.582,-0.0108297614534805
668.065,0.0102065693241289
669.55,-0.0112359346859703
670.995,0.011140040853733
671.424,-0.0103583148467019
672.447,-0.0111900656803809
673.881,0.0105816206561804
674,0.0105816206561804
675.333,-0.0109094170466322
676.313,-0.0105734158544211
677.787,0.0107297138962767
678,0.0107297138962767
679.314,-0.0120514798872189
681.246,-0.0112930090350891
681.705,0.00979916194115171
682,0.00979916194115171
682.231,-0.0116306760745406
685.221,-0.0119594883729119
685.664,0.00944336791486844
686.199,-0.0112307445924482
687.636,0.0102121822310179
688.146,-0.010888700919341
688.634,0.0105560706823464
690.116,-0.01125310202473
690.581,0.0102281476771182
693.056,-0.0111973217984047
693.523,0.00999717963326452
694.041,-0.0109822935804951
695.511,0.0107094322929755
696.971,-0.0111908696869405
697.432,0.0103213173005869
699.373,0.0102811045790179
699.877,-0.0108576116808679
700.886,-0.0110167377320158
701.357,0.0105017126421458
702.818,-0.0111344717058368
703.283,0.0103181658770191
704.746,-0.0110781164999463
705.239,0.0107930700621339
706.16,0.0104060456073585
707.646,-0.011046139551893
708.132,0.010506463069563
708.616,-0.0114316464944553
710.572,-0.0114466870713368
711.984,0.0104623279194076
712,0.0104623279194076
713.431,-0.0112840887726868
714.871,0.0104286852623536
715.371,-0.0108539465969193
716.346,-0.011090353884379
717.802,0.0105821098585892
718,0.0105821098585892
719.242,-0.0114907563914366
720.652,0.0106282815942746
721.127,-0.0111547180700176
723.518,0.01061487285748
723.992,-0.0110675922115964
724.955,-0.0111025014338566
725.413,0.0102030820121755
726.399,0.010519881414659
726.91,-0.0113151038934396
728,-0.0107031910716606
729.326,0.0108627214283907
730.751,-0.0106510114561971
731.266,0.0109779022682894
732.2,0.0103029760544788
733.674,-0.0116271446433664
734.107,0.00950159217043511
735.643,-0.0119431317160807
737.075,0.00975718511921198
737.611,-0.0109758789788832
738,-0.0107552373992259
739.069,0.010760494714865
740.534,-0.0110681235640968
741.952,0.0107818547971759
742,0.0107818547971759
742.411,-0.0103234872957501
744.9,0.0113134081515325
745.357,-0.0101419387494963
746,0.0104425348108355
747.355,-0.0116613823012341
748.328,-0.011513337660247
749.759,0.00960000816990414
750,-0.990399991830096
750.15,0.234044719850486
752,0.0159697115980064
752.431,-0.0173113091643784
754.747,0.0157515584798658
755.219,-0.0165904143860538
756,0.0154174786879229
757.079,-0.017536344366579
758.023,-0.0175790624567704
758.448,0.0148046537497888
760.344,0.0149343492818579
761.789,-0.017542086644704
762.227,0.0149599131073304
763.658,-0.017633953769888
765.535,-0.017694385283046
765.981,0.0150962733956206
766,0.0150962733956206
767.403,-0.0174487139443515
768.342,-0.0171542965094305
769.713,0.0147499190433602
770,0.0147499190433602
770.221,-0.0179538614980186
773.007,-0.0172437824271445
773.448,0.0151181641173017
774.354,0.0145810801455055
775.81,-0.0182326571837566
776,-0.0182326571837566
777.168,0.0139843408075695
778,-0.0176318627960739
779.082,0.0150776374432375
780,0.0149395372894454
781.408,-0.0171926079704772
782,0.0143246970507174
783.317,-0.0172805763828205
784.758,0.0149789161460121
785.25,-0.0170888559835682
786.632,0.0143807320590574
787.155,-0.0174879100368357
788.113,-0.0177682683026177
789.496,0.0144226744610019
790.022,-0.0172938733087791
791.4,0.0148941049843834
792,-0.0171634036976336
793.262,0.0148055323576375
794.724,-0.0173418848442863
795.159,0.0150368526338505
796.617,-0.0182393886877237
797.942,0.0147585415020797
798.438,-0.017284400071695
799.807,0.0156629898909943
800,0.0156629898909943
801.216,-0.0171853489589395
802.154,-0.0179699087747696
803.505,0.0147331643905346
804.949,-0.0175526354622537
805.388,0.0151499106864206
806.286,0.0145949488548229
806.799,-0.0174409896077878
808.176,0.0146377057450318
808.676,-0.0184441670079249
810.517,-0.0169982190794329
811.9,0.0155252077102608
812,0.0155252077102608
812.371,-0.0166965536458696
814,0.0151348813637258
814.247,-0.0176514509946712
816.549,0.0146360160733421
817.051,-0.0182814929428998
818,-0.0181032895036464
819.318,0.0146650833173165
820.263,0.0152907171566508
820.749,-0.016890716326952
822.646,-0.0182607908299239
823.994,0.0147989144936123
824,0.0147989144936123
825.433,-0.0173437187787404
826,0.0147398330671287
826.361,-0.0175511465953799
828.264,-0.0181968284338394
829.615,0.0150595457538945
831.069,-0.0177063769846066
831.493,0.0147256632424151
832.433,0.0152038211900241
832.907,-0.0176469870298424
834.82,-0.0181508315911487
835.236,0.0144317850311118
836.188,0.0155790119217283
837.596,-0.0168958486828927
838.036,0.014853549525486
839.465,-0.0178506127019422
840.404,-0.0176366079890986
841.779,0.0150838227971088
843.196,-0.017044422572968
843.635,0.0152307664266735
844.111,-0.0169495194630565
845.532,0.0159003169209773
846.427,0.0149163443244213
846.928,-0.0177152448401361
848.264,0.0141612082412634
848.791,-0.0184117221857383
850.656,-0.0179551072985724
851.07,0.0146167037868481
852.011,0.0149452872656961
853.456,-0.0173826950582425
854.414,-0.0174536767659719
855.787,0.0149489117084745
856,0.0149489117084745
857.213,-0.0173385062991471
858.155,-0.0173241762801433
858.593,0.0149424400080469
860.036,-0.0180320005830912
861.412,0.0146545392588764
862.34,0.0150534867791592
862.831,-0.0178382947351423
865.133,0.0153947049449461
865.607,-0.0169486311814118
866.052,0.0145288335675913
867.507,-0.0188555790611336
868.444,-0.0177766589077351
869.85,0.014710197504836
870.808,0.0152481796760475
871.279,-0.0174669576674344
872,0.0149578388594791
872.193,-0.0171705790764847
875.037,-0.0176288116806056
875.458,0.014820715485532
876,-0.0169604665802083
877.347,0.0151855224059911
878.818,-0.0175444919757322
879.246,0.0144114757750597
881.122,0.0157787867891033
881.591,-0.0172106254883908
883.457,-0.0166265601288966
883.918,0.0155401103455741
884,0.0155401103455741
885.327,-0.0177090455334108
886.245,-0.0174729140568171
886.681,0.015123144022104
888.117,-0.0172564126097048
889.506,0.015549510851391
890.928,-0.0181048023678394
891.34,0.0144326874372154
893.229,0.0149396181284596
893.72,-0.0178624320962584
894,-0.0178624320962584
895.095,0.0148645189161325
896.003,0.0147605715090844
896.491,-0.0174199250942273
898.372,-0.0180023967041363
899.747,0.0146599484179974
900.246,-0.0172214699769566
900.671,0.0147455185708525
902.582,0.0151261256039104
903.999,-0.0179076912857354
904.42,0.0143069793235369
904.922,-0.0180895029918893
906.281,0.0147901911522506
907.753,-0.0179428989658255
908,-0.0179428989658255
908.187,0.0148395027904584
910.545,-0.0174796121929099
911.904,0.015107739149034
912,0.015107739149034
913.332,-0.0174657036287824
915.208,-0.0173964200969081
915.632,0.014994593795147
916,0.014992076399829
917.995,-0.0171905299172805
918.436,0.0150982285134793
919.847,-0.0178474996771261
920,-0.0178474996771261
920.28,0.0150496475720598
923.078,0.0151477070238912
923.58,-0.0177242227708954
924.519,-0.0182013789029161
925.883,0.0146439629051436
926.814,0.0148068298800035
927.317,-0.0171289949238087
928.244,-0.0170643407034428
929.656,0.0147280988243939
931.083,-0.0176922479894634
931.512,0.015182488438894
933.383,0.0155431115760121
933.855,-0.0172508912871896
934.291,0.0148828117183877
934.781,-0.0182783061698388
937.079,0.0151001284525072
937.571,-0.0175455594297569
938.542,-0.0188917180844843
939.92,0.0144245169219599
940.854,0.0148176711893719
941.356,-0.0179002770636796
942.726,0.0141165754362111
943.255,-0.0176981108890821
944.215,-0.0181113299145821
945.586,0.0154408010961191
946.501,0.0146767627369666
947.958,-0.0179215978913789
948.384,0.0146447904840228
949.842,-0.0183444133970765
950,-0.0183444133970765
951.176,0.0143654083844997
952.12,0.0136576162983042
952.665,-0.018527044615412
955.028,0.0158301087307642
955.504,-0.0165459932189345
956,0.0155208531575428
957.349,-0.0184407913076092
958.258,-0.0180727350677787
958.674,0.0145584332566457
960.151,-0.0178708443452393
960.568,0.0146332344501188
962.012,-0.0172850464122796
962.442,0.0147778701691599
964.327,0.0148517313306011
965.756,-0.0174703586397209
966.202,0.0149571688237269
966.685,-0.0176921826252547
969.014,0.014773474933786
969.531,-0.0172145192725921
970.9,0.0152244105135702
971.402,-0.017598419724556
973.237,-0.0179902704158623
973.673,0.015093375195018
975.494,0.0153743964792064
975.977,-0.0177250524765826
976.913,-0.0177502600147061
977.345,0.0145838024462797
978.263,0.0141889159990254
978.792,-0.0185381813809693
980.667,-0.0175093068168297
981.099,0.0143775205035608
982.983,0.0147616654373413
983.476,-0.0173179150879275
985.368,-0.0173109448911974
985.8,0.0152312298716528
986,0.0152312298716528
987.237,-0.0171313702812887
988.183,-0.0172981116100699
989.579,0.0143976093498854
990,0.0143501171443057
991.993,-0.0183482219628806
992,-0.0183482219628806
993.346,0.0151051297080134
994,-0.01766530396453
994.252,0.0144636539911036
996,-0.0176145493591013
997.089,0.015144209459593
998,0.0148837054958499
999.431,-0.0173030470108611
1000,1.01383910176455
1000.163,-0.28195817100974
1002.513,0.013935322073118
1003.999,-0.00920107548889848
1004.53,0.0107453729203648
1005.988,-0.0106975917494398
1006,-0.0106975917494398
1006.518,0.0111889717030378
1008.432,0.0108423901283312
1009.891,-0.0112496952847487
1011.37,0.00955208295852827
1011.918,-0.0117648240404411
1012,-0.0117648240404411
1012.348,0.00948279872412661
1014.347,0.0101034439847751
1014.885,-0.0115262488511094
1016.865,-0.0119514666363016
1017.296,0.00962538471870023
1018.797,-0.0111452413985791
1019.25,0.010188616306221
1020,-0.0109877081808272
1021.187,0.0106762491843702
1022.16,0.0111152024331558
1023.617,-0.0116606226834783
1024.594,-0.0117084710149016
1025.996,0.00945359871920326
1027.512,-0.0113209617779246
1027.965,0.0095702141018803
1028,0.0095702141018803
1029.49,-0.0114467448530715
1030.494,-0.0116177888062772
1031.917,0.0103805216204229
1032.413,-0.0106866742845151
1033.86,0.010791833071953
1034,0.010791833071953
1035.313,-0.011210720006259
1036,0.00973000521787615
1037.252,-0.0116068025627161
1038.711,0.00968388880719528
1039.234,-0.0117083502026918
1041.229,-0.0119980829407662
1041.669,0.0099768284900974
1042,0.0099768284900974
1043.149,-0.0111003552231079
1045.143,-0.0118424858678119
1045.575,0.00968180567067289
1046.102,-0.0110511345238682
1046.555,0.00989207949974924
1049.084,-0.0115827371218491
1049.524,0.00953590384080893
1050.052,-0.0117567597718251
1051.468,0.00976470726808287
1052,-0.0108833445622716
1053.488,0.0106806549009417
1054.885,-0.0103404026262244
1055.368,0.0109460851884742
1056.352,0.0105113938178434
1057.831,-0.0111658509571466
1058,-0.0111658509571466
1059.261,0.0103184956117515
1060.232,0.010886782751991
1061.669,-0.0117260499834764
1062,-0.0117056542963476
1063.064,0.0106193079452921
1065.503,-0.011043206301371
1065.969,0.010552574786177
1066,0.010552574786177
1067.407,-0.0113681884059351
1068.832,0.00989541624114443
1069.366,-0.0116609070778306
1070,0.00921771264550797
1071.339,-0.0118484901301303
1072.335,-0.0114166155913042
1073.825,0.0104441520568765
1075.228,-0.0107333439433344
1075.718,0.0106514972247567
1076.19,-0.0105324854346303
1076.662,0.0111311709447639
1078.613,0.0109949044788982
1079.045,-0.0107929428004505
1080.502,0.0103174830135395
1081.018,-0.0114499443007352
1082.985,-0.0115802658221851
1083.415,0.00950291945839821
1084,-0.0115177479013202
1085.379,0.0101794277526359
1086.883,-0.0115385586888019
1087.329,0.0100110691747188
1088.293,0.00978316854679528
1089.83,-0.0116232431439061
1090,-0.0116232431439061
1091.261,0.0101565801715333
1092.222,0.010186507711277
1093.738,-0.0112355195558658
1094,-0.0112355195558658
1095.17,0.0105595089364017
1097.111,0.0106932726954274
1097.601,-0.010569339882927
1098.577,-0.0112834052197994
1099.993,0.0103413779597021
1100,0.0103413779597021
1101.49,-0.0106689780328357
1102.461,-0.0115294164535373
1103.891,0.0105724014029795
1104,0.0105724014029795
1105.334,-0.0108794562836088
1106.76,0.0100805785752436
1107.263,-0.0110033990317184
1108.268,-0.0113154054718518
1109.701,0.0102499539690344
1110.696,0.0104219542797299
1111.186,-0.0106814851640482
1112.178,-0.0109900844195177
1113.647,0.010423571334182
1114.13,-0.0106317136455296
1114.616,0.0109706294086416
1116.53,0.0103258262878274
1117.043,-0.0107650643457133
1118.485,0.00969272542154531
1119.025,-0.0118174630703256
1120,-0.0113095301901982
1121.396,0.0101372185839388
1122,-0.0107813899152993
1123.373,0.0110871526946097
1124.352,0.0107211935567366
1124.825,-0.0104993870106811
1126.262,0.0104293967615532
1126.759,-0.0112991485564811
1128.227,0.0106515128158717
1129.665,-0.0110164478143762
1130.115,0.00982523044946682
1131.636,-0.0117292259862007
1132.575,-0.0110221994543023
1133.051,0.0103700391565238
1134.549,-0.0108582381688644
1135.03,0.010665019772782
1136,0.0103195362633453
1137.511,-0.0117189418232582
1138,0.0091694040285919
1139.505,-0.0120131160110228
1140.498,-0.0117730827129228
1140.933,0.00997172551058645
1143.423,-0.0112440227213322
1143.884,0.0100697240361773
1145.359,-0.0109161177410861
1145.833,0.0102733515539062
1146,0.0102733515539062
1147.361,-0.0123274218808453
1148,0.00917116130545637
1148.337,-0.0120866038702256
1150.335,-0.0118834108353183
1151.743,0.0100507568385613
1152,0.0100507568385613
1153.259,-0.0115677637749361
1154.215,-0.0110429354538528
1154.69,0.0102183170455969
1156,0.00989352424485546
1157.196,-0.0109387849289255
1158.206,-0.0116671062030305
1158.659,0.0101941842801914
1160.116,-0.0113986683649421
1161.549,0.00998091876229568
1162.522,0.00974391814478848
1163.047,-0.0113078940873477
1164.056,-0.0123124652695072
1164.486,0.00952926734992854
1166.015,-0.0109895753220617
1166.487,0.0102477402601271
1169.452,0.0105033883062591
1169.935,-0.0108103680058547
1170.413,0.0101000679565111
1171.87,-0.0110927175887214
1172,-0.0110927175887214
1173.341,0.0108332586782254
1174.293,0.0104966560044799
1175.758,-0.0107063360506314
1176,-0.0107063360506314
1177.217,0.0111237988764277
1178.642,-0.010486770443273
1179.16,0.0113530591582847
1180.129,0.0110953979774449
1181.567,-0.0100234110414097
1182.093,0.0116512894132854
1183.523,-0.0102907489615023
1184.506,-0.0107981360281566
1184.982,0.0104804596131465
1186.931,0.0105087066241847
1187.423,-0.0107316595906199
1189.402,-0.0111142100397914
1189.875,0.0104934476275544
1190,0.0104934476275544
1191.337,-0.0111161034091325
1192.358,-0.0114611036263812
1192.816,0.00985195815325923
1194.357,-0.0124255745826598
1195.771,0.00947963468465574
1197.306,-0.0119937742561096
1197.738,0.00975341932139129
1198,0.00975341932139129
1198.257,-0.0117634945330201
1201.205,-0.0113046496895064
1201.651,0.0103260787261097
1202,0.0103260787261097
1202.138,-0.010856471354785
1204.549,0.00997556014398882
1205.055,-0.0110581346484298
1207.025,-0.0115343022510557
1207.487,0.0103980252880373
1208,-0.0106052905125524
1209.401,0.0113502112140909
1211.326,0.0109791988015555
1211.803,-0.0103834443214159
1212.295,0.0104582362447694
1213.789,-0.011287453266831
1214,-0.011287453266831
1215.218,0.00962515728834656
1216.21,0.0101997935705405
1217.691,-0.0112981172675917
1218,-0.0112981172675917
1218.157,0.0102314092348093
1220.588,-0.0117086192236673
1221.033,0.0104783322635567
1222.995,0.0109081290155353
1223.476,-0.0104580478878031
1224,0.0100298368747982
1224.467,-0.011166254066221
1226,0.00945182254711696
1226.464,-0.0116076940362519
1228.465,-0.0120447240725872
1228.888,0.009207928626636
1230.452,-0.0120409587160812
1231.853,0.00924973138083729
1232.403,-0.0116080310355344
1232.841,0.009775459934112
1234.367,-0.0116372351980012
1235.79,0.0100207841123066
1236.307,-0.0110983525530468
1236.78,0.010719168306915
1238.205,-0.0105513097954744
1239.702,0.0106581060200321
1240.669,0.0107404246434344
1241.163,-0.0103604336337286
1242.159,-0.0108447649861179
1242.63,0.0110609155119432
1245.064,-0.0114091173392656
1245.533,0.0102176313613058
1246.481,0.0105003110956714
1246.976,-0.0110824484260605
1249.391,0.00993299018099902
1249.9,-0.0111118737161837
1250,-1.01111187371618
1250.151,0.234836654703826
1252.621,0.0195968261093626
1253.984,-0.016354857420636
1254.432,0.0148674263787143
1255.885,-0.017398401992605
1256.837,-0.0177177489815907
1257.261,0.01481327832732
1259.153,0.0146915026547392
1259.646,-0.0173960361988974
1260.082,0.0150156780656689
1261.528,-0.0179111246367625
1262.895,0.0147219950383346
1263.39,-0.0179177854743076
1264.335,-0.0177406985885091
1264.759,0.0147669819629894
1266.223,-0.0182702655451301
1267.582,0.0146561834400729
1268.076,-0.0174287275554379
1268.52,0.0150622370205746
1270.376,0.0149085215453275
1271.852,-0.0175912065894086
1272.277,0.0148706345120329
1272.769,-0.0178130008118944
1274,-0.0171399656757711
1274.153,0.0148498766268768
1276.521,-0.0173730130068996
1277.896,0.0145931317270405
1278.828,0.0149814505175878
1279.323,-0.0181536822330886
1280.672,0.0142421115304527
1281.189,-0.0183331703735701
1282.13,-0.0179872693125049
1283.496,0.0152448294074357
1284.409,0.0146880216194094
1285.856,-0.0180266383594123
1287.209,0.0142420104299381
1287.732,-0.0182267766620869
1288,-0.0182267766620869
1288.145,0.0144049788448855
1290.485,-0.0170120616155045
1290.946,0.0151137248622808
1293.316,-0.0173669036142372
1293.755,0.0150250524003437
1294,0.0150250524003437
1295.18,-0.0173964315356971
1296.551,0.0149475370669103
1297.999,-0.0173380205135696
1298.004,-0.0174832899497828
1298.435,0.0151143652543282
1300.278,0.0145368358105293
1301.744,-0.018527668414118
1302,-0.018527668414118
1302.156,0.0143069959098518
1304.017,0.0147083472954339
1304.518,-0.0180689056952459
1307.282,-0.0177437794054685
1307.704,0.0147320599850631
1308.653,0.0154833465725814
1309.131,-0.0167696898887071
1310.495,0.0154478504970279
1311.886,-0.0181153798365883
1312.824,-0.0183487952369954
1313.232,0.0143783390873558
1314.18,0.0145595411109203
1314.672,-0.0177574745970235
1316.539,-0.0178743040099532
1317.92,0.0149630874771494
1318,0.0149630874771494
1319.356,-0.0178975330420807
1320.72,0.0156985001611969
1321.191,-0.0171191556769701
1322,0.0150948050164081
1323.057,-0.017904052753885
1324.43,0.0152812704559913
1325.894,-0.0176615307554955
1326,-0.0176615307554955
1327.269,0.0148751078120388
1329.162,0.0151881554850233
1329.639,-0.017608403061101
1331.512,-0.0175305957189313
1331.944,0.0145181120694504
1332.434,-0.0169740300255685
1333.834,0.0152121698259919
1334,0.0152121698259919
1334.314,-0.0167780890299234
1336.213,-0.0172258471327376
1336.657,0.0152303316920692
1339.471,0.0150404886942832
1339.962,-0.0179432019532455
1340,-0.0179432019532455
1341.331,0.0152150494628267
1342,-0.0166258177445027
1343.202,0.015953900128141
1344.113,0.0154596641937492
1345.515,-0.0177422994019882
1346,0.014691856380145
1347.37,-0.0173487033136079
1348,0.0146883002532219
1348.302,-0.0175830117723335
1350,0.0145702217767751
1351.113,-0.0174374388277503
1352.088,-0.0181937678945356
1353.42,0.0145072784390359
1354.344,0.0146742380214078
1354.85,-0.0179798144353476
1357.129,0.0142833279649852
1357.652,-0.0183259746242919
1358.563,-0.0174838729758084
1359.004,0.0152490479187777
1360.433,-0.0173959878619034
1361.816,0.0149250652474766
1362.286,-0.0166409699546803
1363.703,0.0159793034262568
1364,0.0159793034262568
1365.089,-0.0174922372165045
1366.959,-0.0179166251337022
1367.39,0.0150906158275235
1368,-0.0176620428743219
1368.276,0.0148336248491625
1370.133,0.0144156337120438
1371.608,-0.0175934424880255
1373.464,-0.0170979637819264
1373.9,0.0148755550558537
1375.322,-0.0171721194152443
1375.779,0.0151267971097209
1376,0.0151267971097209
1377.213,-0.0170764160415247
1378.133,-0.0178926560965453
1378.57,0.0150280549017818
1380.915,-0.0173753107783003
1381.376,0.0146087245913895
1382.309,0.0149815157111579
1383.75,-0.0174500752948745
1384,-0.0174500752948745
1385.107,0.014556470872368
1386.069,0.0151311677172798
1386.55,-0.0175775877205173
1388.416,-0.0171175019602501
1389.833,0.0156492606661431
1390,0.0156492606661431
1391.23,-0.0172165250642542
1392.192,-0.0172267863188287
1392.644,0.0148441213445381
1394.094,-0.0176191045215388
1394.527,0.0147710457542076
1396.885,-0.0178464366375377
1397.31,0.0146922549814774
1398.256,0.0150967915118416
1398.749,-0.017745321858234
1400.623,-0.0177530718396532
1401.057,0.0151516656461124
1402.887,0.015840734737401
1403.358,-0.0166067899573004
1404,0.0154933772106722
1405.22,-0.0177803308132427
1406.577,0.0148755215161458
1407.068,-0.0165907036981525
1408.037,-0.0177432103833142
1408.468,0.014576442728008
1410.877,-0.0178424004692022
1411.297,0.0146482266591255
1412,-0.0177678033528839
1413.169,0.0147415236534845
1415.037,0.0146928880859538
1415.538,-0.0177942973560485
1416.487,-0.0178173583277146
1417.87,0.0156303181702637
1418,0.0156303181702637
1418.346,-0.0173746063009488
1420.643,0.0154453101793406
1421.108,-0.017325141977333
1422.995,-0.0184277822095584
1423.402,0.0138624183183054
1424.886,-0.017741468060509
1425.322,0.0144953440328064
1426.265,0.0145089413790904
1427.718,-0.0175466114542244
1428.141,0.0141276266241426
1428.668,-0.0176544225338824
1430.591,-0.0173921131341168
1431.97,0.0150374490283611
1432,0.0150374490283611
1433.421,-0.0182559383635423
1434.346,-0.0180420242524737
1434.762,0.0145394359234858
1436.629,0.0140868265623126
1437.158,-0.017603262302305
1438,0.01390096719074
1438.115,-0.018234402330747
1440.414,0.0141609730316667
1441.917,-0.0182655931702582
1442,-0.0182655931702582
1443.285,0.0147862498832532
1445.176,0.014617829418182
1445.668,-0.0180095300155232
1446.586,-0.0173052597537633
1447.008,0.0146850382066384
1448,0.0139820234944663
1449.415,-0.0183671350057955
1450.387,-0.0186868576724137
1451.751,0.014234466168741
1452.279,-0.0185245460618519
1453.626,0.0146386078918908
1454.562,0.015428152462361
1455.998,-0.0181145811079584
1456.407,0.014437279692431
1456.911,-0.0181200708616784
1458.829,-0.0179783787886074
1459.241,0.0139447750455255
1460,-0.0178290484200874
1461.145,0.0150284197508235
1462.554,-0.0174899807065927
1463.924,0.0150520430355274
1464.868,0.0154659303015268
1465.35,-0.0167817225546205
1466.269,-0.0165239490573765
1466.731,0.0158427227912736
1468,0.0153211734265968
1468.115,-0.0168925800331663
1471.375,0.0149823305435897
1471.863,-0.0177597214153602
1473.22,0.0146036740046149
1473.717,-0.0178958650631529
1474,-0.0178958650631529
1475.091,0.0144532750934996
1476.534,-0.0183679817337223
1476.944,0.0143940439932426
1478.819,0.01472983005347
1479.313,-0.0175421768222925
1480,0.0144331104550499
1480.245,-0.017793863228027
1483.49,0.0151291422701187
1483.975,-0.0176895766549996
1484.377,0.0140773824803908
1484.909,-0.0182908154763148
1486.274,0.0145427553865751
1487.753,-0.0181911460125566
1488,-0.0181911460125566
1489.118,0.0147276012948279
1491.493,-0.0166872916243981
1491.951,0.0155410576836736
1492,0.0155410576836736
1492.407,-0.0168642527895866
1495.276,-0.017723862983877
1495.73,0.0151464173386917
1496,0.0151464173386917
1497.142,-0.0172457648800224
1499.451,0.0146392969830655
1499.936,-0.0175187160945853
1500,0.982481283905415
1500.16,-0.282513401773614
1502.462,0.0145186535922792
1503.862,-0.00974014685891311
1504.364,0.011095683900002
1505.814,-0.011348383617511
1506.795,-0.0116897361732706
1507.249,0.00998997495733311
1508.23,0.0105030259743559
1509.72,-0.0110645591533027
1510.176,0.0098356704091298
1510.695,-0.0117190967190555
1512.708,-0.0117104902878178
1513.133,0.00936803205644487
1514,-0.0115591556056382
1515.117,0.00949620389502659
1516,-0.0112253854763469
1517.107,0.010040816178102
1518.083,0.0104647433962013
1518.585,-0.0109894314040297
1520,0.00981586456688843
1521.508,-0.0112126458139361
1522.491,-0.0119467305655405
1523.941,0.00982336452498034
1524.463,-0.0110328960475912
1524.935,0.0101884531303815
1526,0.0101512440599771
1527.37,-0.011685197984576
1528.349,-0.0113402571371741
1528.82,0.0102562968182585
1530.762,0.0100016361210971
1531.282,-0.0116539524092469
1532.265,-0.0115841001139934
1532.734,0.0103464026166575
1534.189,-0.0108722614841397
1534.693,0.0107304462003719
1536,0.00984479982267628
1536.136,-0.0116864938508812
1538.552,0.00976932571138089
1539.074,-0.0113544314691769
1540.103,-0.0121580706591915
1540.554,0.0102212206678405
1542.97,-0.0111837442414016
1543.464,0.0108788837896894
1544.385,0.0101597428654574
1544.899,-0.0108146448839572
1546.896,-0.011768044953768
1547.337,0.00907265395257228
1549.326,0.00987863707537784
1549.85,-0.0117091378547209
1550,-0.0117091378547209
1551.254,0.00979254047445899
1552,-0.010813332296931
1553.268,0.0115470266797466
1554.178,0.0100532108840268
1554.694,-0.011477137104148
1556.195,0.011576542172433
1557.607,-0.0110140428311376
1558.059,0.00991341282336
1559.57,-0.0116060669736562
1560.538,-0.0113400761376641
1561.98,0.0102648245340413
1562,0.0102648245340413
1562.476,-0.0109684895148745
1564,0.0100391584261383
1565.396,-0.0116194329221559
1567.325,-0.0110700467098077
1567.8,0.0112203372192594
1568.234,-0.00992723174945431
1568.752,0.0119360467601184
1570,0.0110459490587642
1571.121,-0.011059983510781
1572.534,0.00978416980747276
1573.083,-0.0117718456022067
1574.051,-0.011335775048835
1575.61,0.011048503565799
1576.509,0.0103443209921892
1577.99,-0.0110500142858825
1578.437,0.00962515375251005
1578.96,-0.0111178650224413
1580,-0.0109796073586084
1581.404,0.0104274163062428
1582.358,0.00999250532778051
1583.853,-0.0118150741415219
1584,-0.0118150741415219
1585.298,0.0104434303951262
1586.211,0.0101305851686351
1586.722,-0.01128456818943
1588.143,0.00999703221775805
1589.666,-0.0116563478729419
1590,-0.0116563478729419
1590.117,0.010016458801299
1592.614,-0.0115310712560781
1593.063,0.0109519520105099
1594,0.00985131820300644
1595.502,-0.0121056100010519
1596.452,-0.0112245155094615
1596.906,0.0101931969818865
1598,0.00980946634165303
1599.42,-0.0120959702802816
1600.394,-0.0114870435084502
1601.816,0.010761151322503
1602,0.010761151322503
1603.259,-0.0109745630159042
1604,0.00976148208130478
1604.236,-0.0116995202888919
1606.162,-0.0108966033638234
1606.626,0.00985858633374903
1609.163,-0.0111829301775637
1609.626,0.00986384338834734
1610,0.00986384338834734
1610.152,-0.0116914953347755
1612.127,-0.0111996823061333
1612.587,0.0105896164881445
1614.026,-0.0112300605811635
1614.477,0.00980003845008603
1616.472,0.0102489747351293
1617.946,-0.0116796196635784
1618,-0.0116796196635784
1619.347,0.0095600735069632
1620.326,0.00946086352063125
1621.876,-0.0116106867409942
1622,-0.0116106867409942
1622.316,0.00992083320713055
1624.258,0.0105485686518891
1624.734,-0.0112047767941301
1626,-0.0105171111006253
1627.136,0.0109667286680746
1628.047,0.0108046433675315
1629.509,-0.0109557182472388
1630.437,-0.0103310152833105
1631.881,0.0112445228343936
1632,0.0112445228343936
1633.305,-0.0107689282217525
1634.288,-0.0109422561417958
1635.713,0.0111261548004182
1636,0.0111261548004182
1637.192,-0.0108859129692902
1638,0.0102998185706067
1639.159,-0.011671583203229
1640.125,-0.0113272789234031
1641.563,0.0100787793316743
1643.045,-0.0109458057148419
1643.5,0.0101065912742691
1644.528,0.0109168306946801
1645.993,-0.0110889108374101
1646,-0.0110889108374101
1646.45,0.00988460769781563
1648.414,0.00936238044100657
1648.985,-0.0120482778077065
1650.963,-0.0118584511477766
1651.414,0.0102200966360511
1652.864,-0.0108601403341257
1653.344,0.0104533785689629
1654.357,0.0111156070950797
1655.792,-0.0110235497484863
1656.262,0.00988692219066722
1657.754,-0.0110602275729952
1658.746,-0.0111959895637705
1659.2,0.0100616686805908
1660.183,0.0107754189427847
1661.617,-0.0111160730403703
1662.086,0.0103513704044307
1663.552,-0.0112342156226606
1664.007,0.00978002355722785
1665.51,-0.0114750495004365
1666.941,0.00983854682109397
1667.467,-0.0116317986381136
1668.434,-0.0113264340933694
1668.874,0.00970533143385799
1670.372,-0.0111077247393994
1670.839,0.0104905450085018
1672.307,-0.0106215975323749
1672.797,0.0104926457292382
1674.737,0.0104082662072327
1675.229,-0.0107560670059619
1677.177,-0.0107702487513619
1677.651,0.0106124498399165
1678,0.0106123691876752
1679.101,-0.0112217679428677
1680.536,0.0102006539316544
1681.027,-0.0107136385806796
1682.027,-0.0114707647917078
1683.467,0.0103142000452672
1684.416,0.00960174415438697
1685.961,-0.011173022192702
1686.947,-0.0113000246089501
1687.412,0.0101287636324336
1688.397,0.0105498855404034
1689.886,-0.0115998336956724
1690.324,0.00929638038368097
1691.864,-0.0121326709931218
1692,-0.0121326709931218
1692.283,0.00894504144459907
1694,-0.0117612147313857
1695.303,0.0100996819155572
1696.294,0.0109113201332716
1697.74,-0.0111277943545647
1698.187,0.009679760405366
1699.678,-0.0113920072826887
1700.699,-0.0119046163536016
1701.136,0.00916342803597647
1702,-0.0114928018333389
1703.082,0.0108597825544967
1704.032,0.0104307611502028
1704.522,-0.0112418061402568
1706.49,-0.0115426240576555
1706.947,0.00997158001952192
1708,0.00995764340756233
1709.413,-0.0115106331117723
1710.361,-0.0111448703716226
1710.845,0.0119142110092794
1712,0.0114280111817164
1713.24,-0.0103184371792451
1715.2,-0.0112483290354151
1715.674,0.0105465826173985
1716,0.0105465826173985
1717.111,-0.0108372081301278
1718.143,-0.0115980394417294
1719.572,0.010361583740699
1721.09,-0.0119411468990431
1721.512,0.00925996482301628
1722.055,-0.0114567229240101
1722.488,0.00984924181592994
1724.98,-0.0116396708341637
1725.459,0.0102246209513415
1726.365,0.00978403680109485
1726.886,-0.0112906197616764
1728.815,-0.0113032317744182
1729.275,0.0106360494181033
1730,-0.0111738107640655
1731.189,0.0103943630664016
1732.197,0.0110463082487557
1733.682,-0.0103258278820297
1734.153,0.00998708315722885
1735.698,-0.0121100797335452
1737.124,0.00898412354063183
1737.694,-0.0123000460996987
1738,-0.0122966213082725
1739.137,0.00890340716322235
1740.706,-0.0118032913733876
1741.149,0.0097049970370704
1742,-0.0113265036139236
1743.112,0.0101217277142345
1744,-0.0109431712133834
1745.054,0.0105026120465106
1746.025,0.0107765497687837
1747.47,-0.0114947078481205
1748,0.00978680042780455
1748.439,-0.0115113770900874
1750,-0.990502954665344
1750.15,0.237688217524668
1752.135,-0.0176735562823702
1753.569,0.0150250213596781
1755.412,0.0152878127030536
1755.896,-0.0180190536375213
1756,-0.0180190536375213
1756.305,0.0144829919794516
1758,-0.0175902433322341
1759.108,0.0148441585698698
1760.042,0.0153503346829216
1761.467,-0.0186814517534848
1762.382,-0.0175409678598499
1763.758,0.0150883370283368
1764.241,-0.0170111787436298
1765.632,0.0155586130359509
1766,0.0155286752924564
1767.98,-0.0173616301054054
1768.412,0.0141768301434002
1768.931,-0.0184225494522976
1770.283,0.0144674384947385
1771.712,-0.0180508744088539
1772,-0.0180508744088539
1772.133,0.0145602039805546
1774.516,-0.0172666922527052
1774.954,0.0148041513175943
1776.401,-0.0168615452790895
1776.871,0.0153595641955273
1778.764,0.0143123781100529
1779.262,-0.0181366090942108
1781.121,-0.0181508534484487
1781.541,0.0144758742017341
1783.005,-0.0181666419216211
1783.422,0.0143138143579948
1784,-0.0181109174152008
1784.342,0.0144908670099477
1786.237,0.014749777930354
1787.678,-0.0177558168060723
1788.61,-0.0174968720428237
1789.999,0.0153770753572395
1790.005,0.0155114004282328
1790.46,-0.0168626883104599
1792,0.0149812416555144
1792.362,-0.0178462470582623
1794.269,-0.0182365821628281
1795.62,0.0146098546053897
1797.092,-0.017444945613907
1797.529,0.0149886417623599
1798.418,0.0140217679949823
1798.948,-0.0180489935098422
1800.869,-0.017277836722041
1801.329,0.015288776922433
1803.197,0.015146387346388
1803.673,-0.0173106512766625
1804.107,0.0150844639431811
1804.586,-0.0176604996153973
1807.434,-0.0176746348893526
1807.875,0.0144539469023015
1808.357,-0.0169195994819256
1809.776,0.0148192200073867
1810.725,0.0156667535005357
1811.194,-0.0171270281930354
1812,0.0148408078643527
1813.063,-0.0181045612828563
1814.4,0.0141672814790774
1814.925,-0.0184423599152059
1816.816,-0.0181021737241545
1817.232,0.0145437270616045
1818.634,-0.0178920968997343
1819.047,0.0147420979022459
1820.484,-0.0172402702856456
1820.918,0.0149964242278129
1822.382,-0.0178965493637055
1823.744,0.0143254619212856
1824.271,-0.0181046988834046
1824.694,0.0145544880122905
1826.125,-0.0176193202743757
1826.553,0.014464445846547
1828.938,-0.0170609206537509
1829.38,0.0152412335480316
1830.308,0.0143391776024453
1831.784,-0.0184438072078046
1832,-0.0184438072078046
1833.147,0.0144305421077275
1834.083,0.0142879109134806
1835.553,-0.0184837290355548
1836.482,-0.017717051029396
1837.827,0.0152132117619863
1838,0.0152132117619863
1838.307,-0.0173449648366768
1840.62,0.0145559517644127
1841.142,-0.0173999913239764
1842.086,-0.0172622652259835
1843.495,0.0155345255168795
1845.336,0.0154010666207505
1845.808,-0.0175611035873975
1846,-0.0175611035873975
1846.245,0.0148824568799637
1848.099,0.0149639950387419
1849.539,-0.0176404492073994
1850.498,-0.017947036467679
1851.882,0.0153679174538328
1852,0.0153679174538328
1853.307,-0.0177974612272838
1854.241,-0.0180105101135077
1855.612,0.0140139428126251
1856.575,0.0144820296097756
1857.082,-0.0179503761492161
1858.02,-0.0177749471342787
1858.456,0.0147893983896257
1860.837,-0.0179974833188017
1861.262,0.0143080622444605
1862.719,-0.0173720950300771
1863.173,0.0150570727468868
1865.506,-0.01732845398671
1865.945,0.0150582453137171
1866,0.0150582453137171
1866.427,-0.0178389955893854
1868.746,0.0151684777331038
1869.233,-0.0175970234809526
1870,0.0146041877487781
1870.148,-0.0177007918537577
1872.451,0.0147344638949343
1873.9,-0.0187434536442947
1874,-0.0187434536442947
1875.278,0.0147599543177801
1876.211,0.0147350645076556
1877.686,-0.0182412611673057
1878.621,-0.0177305279899556
1879.046,0.0145997977206509
1880.504,-0.0180635025556612
1880.917,0.0144587379859504
1882.372,-0.0178939503784967
1882.799,0.014351456736994
1884.236,-0.0175182785425001
1884.66,0.0149829661583158
1886.552,0.0149001870447578
1887.963,-0.0172586063548712
1888,-0.0172586063548712
1889.332,0.0151999126748126
1890.777,-0.0176823656867757
1891.204,0.0147806684561296
1892.142,0.0153073013215215
1893.559,-0.0171481996326839
1894.006,0.0144446974831181
1894.519,-0.0181314226957521
1896.384,-0.0167414644568922
1896.848,0.0154649889714196
1898,0.0148679762360677
1898.272,-0.0178432449364605
1900.551,0.0145539058317108
1901.073,-0.0183163184974111
1902.002,-0.0179296970136367
1902.437,0.0144730574850676
1904.325,0.0154158526155901
1905.716,-0.0175274511710057
1906.667,-0.0183811904647655
1907.084,0.0143728247926362
1908.019,0.0151521605934684
1909.441,-0.0170148536096124
1910.844,0.0151933554181718
1911.322,-0.0170984373064194
1912.255,-0.0165665520076463
1912.74,0.0158722618845117
1914.583,0.0150484691464503
1915.999,-0.0176713907112798
1916.015,-0.0184049496619574
1916.43,0.0144566939412547
1918.299,0.0144507557198725
1919.775,-0.0178456686664714
1920.205,0.0143713913100627
1920.712,-0.0179934217141322
1922.611,-0.0183884125571718
1923.952,0.0144869145115729
1924.473,-0.0178317568574671
1925.812,0.0148641677017962
1927.258,-0.0172627697750718
1927.697,0.0150729862706225
1928,0.0150729862706225
1929.113,-0.0180329151137477
1930.027,-0.0180153906857083
1930.439,0.0145763800084646
1932.851,-0.0179642519007874
1933.266,0.0139763902141836
1934.747,-0.0184583187635203
1935.155,0.0143124827116687
1937.027,0.0156381559750924
1937.496,-0.0171595888890836
1938.409,-0.0169392884822979
1938.862,0.0156417931988755
1940,0.0147979546508723
1941.213,-0.0176881404099047
1942.168,-0.0177148709299484
1943.585,0.014803424918457
1944.088,-0.0170895828928241
1944.528,0.0149869771874993
1946.371,0.0146754880136606
1946.887,-0.0179782546572622
1948.799,-0.0180049202487433
1949.221,0.01411283723239
1950.672,-0.0177185845716745
1951.12,0.0145380125834462
1952.075,0.0155759962342703
1952.549,-0.0176801567083165
1955.331,-0.0173527916678262
1955.777,0.0150595798318442
1956.266,-0.0170912913612411
1956.703,0.0152900852430542
1958,0.0148392755104996
1959.052,-0.0176709014882812
1960.959,-0.0184488695141778
1961.38,0.0143511756599382
1962.306,0.01498443100636
1962.8,-0.0175703783487835
1964.162,0.0141118610668247
1964.684,-0.0182593983769603
1967.551,-0.0174532751573024
1967.976,0.0149496114850649
1969.409,-0.017148367804813
1969.85,0.0151673269457726
1970,0.0151673269457726
1970.329,-0.0169161182242394
1972,0.014905473795559
1973.16,-0.0171926165939205
1974.555,0.0146172933054398
1975.999,-0.0180306034376936
1976,-0.0180400813780275
1977.361,0.0149153783122351
1978.297,0.0149501808900658
1978.785,-0.0177119455916737
1980.683,-0.0181201489566813
1981.106,0.0141039025398038
1982.978,0.0150517059494888
1983.464,-0.0176481023175419
1984,0.0148285038398992
1985.319,-0.0174337013178114
1987.207,-0.0172421578213404
1987.638,0.0150142435967222
1988,0.0150142435967222
1988.129,-0.017931360418272
1990.037,-0.0177356244138145
1990.469,0.0149702703791386
1992.315,0.0142586238526072
1993.783,-0.0187216453042756
1994,-0.0187216453042756
1995.113,0.014601551699291
1996.583,-0.0176849023940311
1997.003,0.0148561297210379
1998.849,0.0145645030588328
1999.364,-0.017943424270122
2000,1.01420199986628
2000.162,-0.288188462367096
2002.366,0.0142245992047254
2003.764,-0.00919991300421841
2004.799,-0.010587299476561
2005.305,0.0110140268570023
2006.243,0.0106989963048201
2007.728,-0.011303514281358
2008.692,-0.0114818910352539
2009.139,0.00992623057787911
2010.117,0.0105432308959226
2011.57,-0.0108788288037718
2012.56,-0.0113945671433584
2013.983,0.0103154519841659
2014,0.0103154519841659
2015.462,-0.0118358964166323
2017.457,-0.0119353058132385
2017.898,0.00944360043304693
2018,0.00944360043304693
2018.458,-0.0119467276375251
2020.421,-0.0116613989017242
2020.852,0.00968573833590636
2022.377,-0.0114756445958046
2022.842,0.01100745402834
2024.727,0.0104479622997298
2025.229,-0.0106676364929252
2027.17,-0.011338302252313
2027.632,0.0105266232724786
2028,0.0103892227271491
2029.109,-0.0111503853070665
2030.095,-0.0115125038986061
2030.545,0.010497031082175
2032.453,0.00993024247310892
2033.965,-0.0120944127137739
2034.962,-0.0125425604754534
2035.424,0.00953513984918741
2037.354,0.0104553661807367
2037.843,-0.0110485660521598
2038.295,0.00970123978572524
2038.817,-0.0111510909899788
2040.758,-0.0111566349373944
2041.21,0.0100918496496512
2042.181,0.0100156085993448
2043.663,-0.0114739030500599
2044.099,0.00937220955155516
2045.679,-0.0119498196848793
2046,-0.0119168266172585
2047.094,0.0102740656306182
2049.065,0.011117447810157
2049.541,-0.0106424560465428
2051.498,-0.0106537518329426
2051.992,0.0106312820762882
2052.959,0.0106571240790556
2053.439,-0.0109727907322887
2054.439,-0.0112022853787501
2055.872,0.0100026897760332
2056,0.0100026897760332
2057.41,-0.0123279519317216
2058.383,-0.0118255724250331
2058.831,0.01006167703241
2060.292,-0.0109259423514141
2061.823,0.0115736655350012
2062,0.0115736655350012
2063.235,-0.010630124755945
2064,0.0099631342718749
2065.201,-0.0112192889910416
2066.183,-0.0112741256603839
2067.61,0.0101944317898632
2068,0.0101874437641771
2069.082,-0.0112028391144572
2070.507,0.00989273219383646
2071.017,-0.0111514743780063
2072.019,-0.0120461945544599
2072.442,0.00918697631500098
2074,-0.0113261546222905
2075.413,0.00979397428813211
2076.426,0.0100754313406886
2077.943,-0.0117835060759688
2078,-0.0117835060759688
2079.347,0.00962915460345881
2080.86,-0.0113785487316258
2081.315,0.0103134519110322
2083.27,0.0093050865786517
2083.823,-0.011987961618283
2084,-0.011987961618283
2085.257,0.0101743168844726
2086.203,0.00998222681023719
2087.708,-0.0118462867335578
2088,-0.0118462867335578
2089.136,0.0103726638307733
2090.591,-0.0115602957032446
2091.047,0.00979442382863782
2092.03,0.010856592814624
2093.491,-0.0106492817705872
2094.493,-0.0109527811305663
2094.953,0.00996261652274644
2096.991,0.0115069331656379
2097.427,-0.00993622183841536
2098,0.0104616265034458
2099.381,-0.0112007755938581
2100.369,-0.0112559055820014
2101.791,0.00984007127626851
2102,0.00984007127626851
2102.312,-0.0116745772376525
2104.716,0.0100344123413554
2105.224,-0.0109172990504476
2106,0.00991779118751523
2107.178,-0.0113112098326205
2108,0.00921316737093392
2109.185,-0.0119765702071624
2110.171,-0.0118603743581802
2111.621,0.00963569469380854
2112.611,0.0102768464915979
2113.126,-0.0114098924263049
2114.096,-0.0112167998099859
2114.543,0.0102394138786086
2116.049,-0.0109011942128971
2116.511,0.0100896570301896
2119,-0.0109660144490078
2119.463,0.0107034707276803
2120.448,0.0109177888970939
2121.857,-0.0114211426410056
2122.302,0.00960112533843072
2122.819,-0.0114425118118844
2124.231,0.00983039642740069
2124.753,-0.0117600758695819
2127.157,0.0099051645996151
2127.696,-0.0116917407407442
2129.151,0.00940739923656819
2129.689,-0.0120166368506911
2130,-0.0120144784546501
2131.096,0.0093977611776821
2132,-0.0112085572535503
2133.118,0.0105182773395951
2134.054,0.0107787932223022
2135.511,-0.0108369752573401
2136.495,-0.011069134389651
2136.973,0.0103933588223706
2138,0.00994015884447075
2138.428,-0.0111732506980555
2140,0.00987111953277697
2141.357,-0.0110249089189924
2142,0.00984662572950334
2143.322,-0.0112066373149096
2144.307,-0.0115401676019302
2144.754,0.00929937423807248
2146.29,-0.0117131954161043
2147.76,0.00995894228662086
2148,0.00995894228662086
2149.264,-0.0115534411114238
2150.676,0.00939569554896291
2151.227,-0.01163568786957
2153.199,-0.0113395904898483
2153.659,0.00998239433960579
2154,0.00998239433960579
2155.158,-0.0109811063769452
2156.638,0.00983288049691744
2157.148,-0.0112419904155359
2159.104,-0.0115384434423775
2159.55,0.00994867673177735
2160.067,-0.011202640234391
2160.549,0.0104865385200741
2162.018,-0.0117635054748637
2162.47,0.00977803289539514
2164,-0.0117100804748593
2165.453,0.0102299740322001
2166.48,0.0108177979838446
2167.88,-0.010890039014281
2168.861,-0.0109936151023275
2169.331,0.0105763015718008
2170.286,0.0107898795333217
2171.774,-0.011284328174423
2172,-0.011284328174423
2173.207,0.0101099754873486
2174.175,0.00966691951838605
2174.694,-0.0111949810593905
2176,-0.0109623456810237
2176.202,0.0108839706974306
2178.129,0.0101359504705587
2178.635,-0.0111711314738787
2180.045,0.00935654920273565
2181.597,-0.0122352101272696
2182.572,-0.0118531109019826
2183.997,0.00938822323917554
2184.531,-0.0114849905819587
2184.974,0.00961641301192495
2186.479,-0.01141994019134
2187.926,0.0108544570713991
2188.357,-0.0102024997753711
2188.854,0.011034574799579
2190,0.0104367057067574
2191.275,-0.011413336582814
2192,0.0101194371650046
2192.235,-0.0115066990419961
2194.655,0.00988277709351282
2195.18,-0.0116761698309407
2196.154,-0.0115805207444664
2197.601,0.0111814673248154
2198.568,0.0109118298540047
2198.998,-0.0105444155995285
2200.45,0.0105768195488367
2200.922,-0.0104509563636763
2202.91,-0.0108689110584308
2203.419,0.0108929851241344
2204.423,0.0114164615545658
2205.887,-0.0115344846738952
2206,-0.0115344846738952
2207.31,0.0101034588827305
2208,-0.0110325938675464
2209.24,0.0101789121949358
2210.205,0.0104575236585269
2211.668,-0.0108944952557344
2212.155,0.0105699485632322
2213.632,-0.0112270517263036
2214.603,-0.0110496243411193
2215.084,0.0105974594875282
2216.059,0.0108152185136294
2217.52,-0.0107039300000051
2218.007,0.0105003582398981
2218.497,-0.0107294693942499
2220.914,0.0104319877686221
2221.407,-0.0109500120147197
2222,0.010039446237168
2222.383,-0.0115388973373609
2225.287,-0.0109853235724207
2225.763,0.0109508729630532
2226.217,-0.0103909464497913
2226.729,0.0109531182085889
2228,0.01082169308506
2229.099,-0.0106156205591355
2230,0.0101911834869055
2231.081,-0.0110215468852084
2232.072,-0.0107988307334719
2233.55,0.0104671819914999
2234.574,0.0108760813452737
2235.06,-0.0110451079863247
2236.002,-0.0110632716576866
2237.465,0.0102607361044229
2238.447,0.0106412168037435
2239.899,-0.0112225883199237
2240.887,-0.0113894236145868
2241.358,0.0102721382780229
2242.323,0.0101313588498066
2243.823,-0.0111561771225217
2244.826,-0.0116813378748521
2245.276,0.0101019027351219
2246.21,0.00962188430190158
2246.741,-0.0115709806781881
2248,-0.0112367102294915
2249.147,0.0104295314270568
2250,-1.01091952989526
2250.15,0.247417677239154
2252.168,0.0176571286767842
2253.525,-0.018564638472105
2254.463,-0.0181900213025727
2255.819,0.0148353611379042
2257.28,-0.0175624204309388
2257.739,0.01533511574547
2258.207,-0.0168313244155156
2258.663,0.015583292654398
2261.009,-0.0174176394495578
2261.444,0.01468677210097
2262.375,0.0141702919677504
2263.87,-0.0179306468770792
2264,-0.0179306468770792
2265.236,0.0144110231927717
2266.659,-0.0175089637696018
2267.094,0.0153317742989008
2268,0.0138122627356507
2269.512,-0.0184918161308163
2270.457,-0.0187356921444475
2270.855,0.0140063569350661
2273.227,-0.018301788569719
2273.637,0.0144285474000232
2274.141,-0.0180825468648584
2275.495,0.0152053017130713
2276.398,0.0145292784375681
2277.867,-0.0174216875417064
2278.839,-0.0179768887027385
2279.267,0.0146217010536995
2281.144,0.0137594992029046
2281.679,-0.0181033412057667
2282.636,-0.0179093584869747
2283.064,0.0146716327900709
2284.534,-0.0174240188100914
2285.938,0.01515435904565
2286.869,0.015271386776794
2287.345,-0.0176801539124409
2288.254,-0.0167492683398685
2288.719,0.0155045649013572
2290.612,0.0153996389161626
2291.097,-0.0169933125052379
2292.979,-0.0174227375402731
2293.411,0.0150327681714248
2294.33,0.0142437529897541
2294.852,-0.0184472805213938
2296,-0.0179482565552962
2296.24,0.014663784302523
2298,-0.0177126732734401
2298.107,0.0147729185483585
2300.496,-0.017116407749616
2300.934,0.0148674141219778
2303.321,-0.0173037068485846
2303.761,0.015073034706937
2304,0.015073034706937
2305.176,-0.0177594697802639
2306.524,0.0147044507129808
2307.977,-0.0184545884157816
2308,-0.0184545884157816
2309.361,0.0133065606863791
2310,-0.0181427001863872
2311.288,0.0149148911555126
2312.193,0.0145177329746082
2312.712,-0.0179338042121286
2314.594,-0.0182021513840609
2315.944,0.0147207178668962
2316,0.0147207178668962
2317.425,-0.0178378256701728
2318,0.0141330011993617
2318.363,-0.0183516177763261
2320.26,-0.0177040584509442
2321.63,0.0149399345569132
2322.106,-0.0169929388784777
2323.516,0.0154863468348023
2324.44,0.0152272678507144
2324.921,-0.017565199708073
2326.28,0.0154358989589269
2326.778,-0.0167577042638776
2328.172,0.0154809511965803
2329.62,-0.0180862293661206
2330.526,-0.0171775823143006
2330.98,0.0148729243653292
2332,0.0143253736664457
2333.364,-0.01786769186642
2334.305,-0.0181915063596536
2334.716,0.0144785595683392
2336.167,-0.0176329226439282
2336.594,0.0147923362417659
2338.43,0.0139437696014877
2338.96,-0.0185318294465548
2340,-0.0180203060696087
2340.326,0.0146246652032658
2342.226,0.0144416407456847
2343.678,-0.0182917393633528
2345.555,-0.0175475462994963
2345.995,0.0153433907930376
2346,0.0153433907930376
2347.408,-0.0172608144085409
2348,0.0149927650432962
2349.288,-0.0181693351608847
2350.233,-0.0179488945413424
2351.604,0.0147598525417032
2353.041,-0.0171317719277657
2353.48,0.0151308440738767
2354.419,0.0155848063321002
2355.814,-0.0169772223733844
2356.254,0.0147850606362336
2357.698,-0.0173805674983671
2358.641,-0.0181286331358761
2359.993,0.0149794052612053
2360,0.0149794052612053
2361.446,-0.0179023934509144
2362.372,-0.0172481352800431
2362.825,0.0146485883661307
2364.731,0.0155949278040972
2365.207,-0.0174277672342957
2366.126,-0.0177956800546104
2366.55,0.0144817819341831
2368.427,0.0147603864848174
2368.934,-0.0182803887409548
2370.801,-0.0175475516049048
2371.226,0.0148868806766709
2372.158,0.0152255752524582
2373.601,-0.0174003765879469
2374.043,0.014565832436499
2375.483,-0.0180080733190113
2376.403,-0.0174614197880869
2377.792,0.0150103067612788
2378.731,0.0151000219300479
2379.24,-0.0170003314248746
2380.172,-0.0168099636980177
2380.636,0.0153942178956878
2382.047,-0.0174154299673925
2383.421,0.0148695202130562
2384.867,-0.0174799881743271
2385.286,0.0145320260166177
2386.245,0.014807899272359
2387.677,-0.0178197926233028
2388,-0.0177511730693842
2389.984,0.0151145973539726
2390.47,-0.0169714065494779
2391.838,0.0154018019730628
2392,0.0154018019730628
2393.251,-0.0172362047642669
2394.187,-0.0175079301821719
2394.628,0.0146361335183554
2396.49,0.0144058801894023
2397.004,-0.0175337835786582
2398.388,0.0146473017696209
2398.882,-0.0178953009860319
2400.237,0.015108783942313
2401.652,-0.0172944325763535
2403.021,0.0151870546925248
2403.527,-0.0180810017317712
2404,0.014901844851225
2405.353,-0.0177069659694196
2406.711,0.0148332939595899
2407.203,-0.0171796702853828
2408,0.0144310143564264
2409.102,-0.0175562625086521
2410.986,-0.0184117230469023
2411.402,0.0140416630475655
2412,-0.0176670378544692
2413.297,0.0154277331568689
2414.204,0.0149392159014834
2415.631,-0.0180035864521022
2416.564,-0.0182874255939667
2417.93,0.0139559497193589
2418.449,-0.0178206075056089
2419.829,0.0149026285662126
2420,0.0149026285662126
2420.321,-0.0176203202968059
2423.195,-0.0186344691791693
2423.607,0.0142233613971974
2424,0.0142069180545197
2424.111,-0.0183795604783228
2426,-0.0176076823274438
2426.422,0.0152466162634326
2428.272,0.0154038408098085
2428.773,-0.0169065946313856
2431.09,0.0149642977498954
2431.57,-0.0176275387588789
2432.965,0.0143599596276061
2433.468,-0.0181001428313747
2434.841,0.0145942190719084
2435.364,-0.0173829875028435
2436.733,0.0144688463087612
2437.238,-0.0182225863220884
2438.576,0.0146040687784996
2439.081,-0.0182054600492547
2440.015,-0.0177687015235062
2441.365,0.0147266942604354
2442.811,-0.0174004814438473
2443.25,0.0146612441756324
2444.724,-0.0188638202952918
2445.137,0.0136594596849728
2447.002,0.0148285738825891
2447.482,-0.0175284158056517
2448.413,-0.0172865137430533
2449.788,0.0153106063009356
2450,0.0153106063009356
2451.216,-0.0170515295556042
2452.161,-0.0181822273970167
2453.504,0.0149224917585808
2454.459,0.0155706115844931
2455.877,-0.01721600387858
2456,-0.01721600387858
2456.337,0.0151166073284297
2458.74,-0.0178697701434953
2459.173,0.0144395975479652
2461.557,-0.0175394249916407
2461.984,0.0149132779909236
2462,0.0149132779909236
2463.406,-0.017422403062239
2464.789,0.0158027442605868
2465.255,-0.016812697634268
2466.636,0.015142597291383
2467.117,-0.0167368542651074
2468.087,-0.0181644957674454
2469.443,0.014685069674774
2470.917,-0.0176224265232445
2471.343,0.0145107037527303
2472.781,-0.0166649240237291
2473.218,0.015634658120288
2474.138,0.0150256103084088
2475.576,-0.0176122220360311
2476,0.0148143041138651
2476.483,-0.0169378055744227
2478.394,-0.0169416466794323
2478.849,0.0149142708874956
2480,0.0146929502314563
2481.25,-0.0176414116776962
2482.194,-0.0178685226371731
2483.564,0.0151441544721975
2484.042,-0.0175069317320733
2484.46,0.0148327802240087
2486.316,0.0144637440981317
2487.776,-0.0174347876521823
2488,-0.0174347876521823
2489.141,0.0151356505293236
2490.589,-0.0174279558924759
2491.032,0.0152417481686853
2492,0.014618587623223
2492.446,-0.0179974993105261
2494.308,-0.0181105839475721
2494.72,0.0144992426225867
2496,0.0143341221263866
2496.167,-0.0183190811670699
2498.472,0.0149488800140443
2499.904,-0.0181613248251926
2499.999,-0.0181613248251926
