t,x,r
0,-2,-2
2,-2,-2
4,-2,-2
6,-2,-2
8,-2,-2
10,-2,-2
12,-2,-2
14,-2,-2
16,-2,-2
18,-2,-2
20,-2,-2
22,-2,-2
24,-2,-2
26,-2,-2
28,-2,-2
30,-2,-2
32,-2,-2
34,-2,-2
36,-2,-2
38,-2,-2
40,-2,-2
42,-2,-2
44,-2,-2
46,-2,-2
48,-2,-2
50,-2,-2
52,-2,-2
54,-2,-2
56,-2,-2
58,-2,-2
60,-2,-2
62,-2,-2
64,-2,-2
66,-2,-2
68,-2,-2
70,-2,-2
72,-2,-2
74,-2,-2
76,-2,-2
78,-2,-2
80,-2,-2
82,-2,-2
84,-2,-2
86,-2,-2
88,-2,-2
90,-2,-2
92,-2,-2
94,-2,-2
96,-2,-2
98,-2,-2
100,-2,-2
102,-2,-2
104,-2,-2
106,-2,-2
108,-2,-2
110,-2,-2
112,-2,-2
114,-2,-2
116,-2,-2
118,-2,-2
120,-2,-2
122,-2,-2
124,-2,-2
126,-2,-2
128,-2,-2
130,-2,-2
132,-2,-2
134,-2,-2
136,-2,-2
138,-2,-2
140,-2,-2
142,-2,-2
144,-2,-2
146,-2,-2
148,-2,-2
150,-2,-2
152,-2,-2
154,-2,-2
156,-2,-2
158,-2,-2
160,-2,-2
162,-2,-2
164,-2,-2
166,-2,-2
168,-2,-2
170,-2,-2
172,-2,-2
174,-2,-2
176,-2,-2
178,-2,-2
180,-2,-2
182,-2,-2
184,-2,-2
186,-2,-2
188,-2,-2
190,-2,-2
192,-2,-2
194,-2,-2
196,-2,-2
198,-2,-2
200,-2,-2
202,-2,-2
204,-2,-2
206,-2,-2
208,-2,-2
210,-2,-2
212,-2,-2
214,-2,-2
216,-2,-2
218,-2,-2
220,-2,-2
222,-2,-2
224,-2,-2
226,-2,-2
228,-2,-2
230,-2,-2
232,-2,-2
234,-2,-2
236,-2,-2
238,-2,-2
240,-2,-2
242,-2,-2
244,-2,-2
246,-2,-2
248,-2,-2
250,-2,-3
250.151,-3.23648189146448,-3
252.212,-3.01742920362537,-3
253.578,-2.98361466118953,-3
254.028,-3.0149156563573,-3
254.527,-2.98207411618028,-3
257.334,-2.98253286442227,-3
257.784,-3.0152141671204,-3
258,-3.0152141671204,-3
258.255,-2.98223415813729,-3
260.118,-2.98247830014627,-3
260.548,-3.01454526609876,-3
263.368,-3.01508800689637,-3
263.851,-2.9825254506141,-3
264.792,-2.98233534817725,-3
265.22,-3.01475390526332,-3
266,-2.98269273368335,-3
267.094,-3.01468857441049,-3
268.068,-3.01562001510772,-3
268.537,-2.9829865952102,-3
270,-3.01478007408748,-3
271.357,-2.98274936877172,-3
272.308,-2.98158762217445,-3
273.671,-3.01451544620036,-3
274.613,-3.01498096752892,-3
275.101,-2.98305010347671,-3
276.062,-2.9819663350625,-3
276.497,-3.01469592567567,-3
278.373,-3.01455815800163,-3
279.813,-2.98192532466697,-3
280,-2.98192532466697,-3
281.167,-3.01467765873471,-3
283.076,-3.01451680052524,-3
283.568,-2.98217701542344,-3
284.961,-3.01497212507118,-3
285.447,-2.98224259442712,-3
286.383,-2.98232286404829,-3
287.765,-3.014965632163,-3
288.265,-2.98287617138939,-3
288.707,-3.01518283057861,-3
290.59,-3.01517356435156,-3
291.999,-2.98150567833193,-3
292.003,-2.98140210403842,-3
292.416,-3.013905079716,-3
294.32,-3.01467572315808,-3
295.757,-2.98193778684749,-3
296,-2.98193778684749,-3
296.17,-3.01453642390922,-3
298.592,-2.98217307937715,-3
299.014,-3.01471449701014,-3
301.394,-2.98234920391915,-3
301.829,-3.01481312627839,-3
302,-3.01481312627839,-3
303.274,-2.9826970089634,-3
304.227,-2.98173699539638,-3
305.587,-3.01453373507554,-3
307.468,-3.0154166629857,-3
307.941,-2.98246615538577,-3
308.369,-3.0148446233853,-3
308.859,-2.98217965367136,-3
310.214,-3.01439940062322,-3
311.682,-2.98145406395753,-3
312.636,-2.98203674133862,-3
313.052,-3.0146570471507,-3
314.503,-2.98225074648361,-3
315.867,-3.01481972126838,-3
316,-3.01481972126838,-3
317.301,-2.9822528961723,-3
318.223,-2.98280691894716,-3
319.609,-3.01552875138098,-3
321.025,-2.98275767787476,-3
321.466,-3.01505746719988,-3
322.896,-2.9818772812279,-3
323.306,-3.01450708528253,-3
324,-2.98228977583358,-3
325.175,-3.01500704504941,-3
326.607,-2.98203356170458,-3
327.967,-3.01519092051453,-3
328,-3.01519092051453,-3
329.384,-2.98225763556172,-3
330.31,-2.98254951241663,-3
330.745,-3.01494867912738,-3
332.187,-2.98248348020041,-3
333.574,-3.01452777447906,-3
334.506,-3.01510240311926,-3
335.937,-2.98241803355985,-3
336.365,-3.01457549760223,-3
337.824,-2.98224321885862,-3
338,-2.98224321885862,-3
339.195,-3.01573126031301,-3
340.112,-3.01460360270708,-3
340.628,-2.98171857803074,-3
342.475,-2.98186002463792,-3
342.91,-3.01493112009546,-3
344.756,-3.01483898915758,-3
345.263,-2.98227875399009,-3
346,-3.0147659968344,-3
347.098,-2.98179450568029,-3
348.032,-2.98156933731798,-3
349.413,-3.01528686425256,-3
351.27,-3.01521957351148,-3
351.744,-2.98237679853688,-3
352.687,-2.98228520751067,-3
353.105,-3.014812654851,-3
354.562,-2.9823296434048,-3
355.004,-3.01393246430231,-3
356.508,-2.98220842397538,-3
356.934,-3.01433652333963,-3
358.838,-3.01502303919519,-3
359.325,-2.98299866681879,-3
360,-3.01476704496157,-3
360.261,-2.98221469566995,-3
362,-3.0143968204154,-3
363.051,-2.98243512105392,-3
364.431,-3.0145320390553,-3
364.934,-2.98232201179269,-3
366.297,-3.01491065228514,-3
367.721,-2.98235942568542,-3
368,-2.98235942568542,-3
369.079,-3.01433740773936,-3
370.516,-2.98279274765959,-3
371.886,-3.01512623442249,-3
372,-3.01512623442249,-3
373.314,-2.98272734143291,-3
374.244,-2.98219010321996,-3
375.648,-3.01486564769954,-3
376,-3.01486564769954,-3
376.142,-2.98286199574023,-3
378.018,-2.98257541227553,-3
379.392,-3.01534575292799,-3
380.344,-3.01552330922933,-3
380.822,-2.98262762335902,-3
383.12,-3.01491622788101,-3
383.614,-2.98183273080705,-3
384.534,-2.98240647921784,-3
385.919,-3.01491178086999,-3
386,-3.01491178086999,-3
387.372,-2.98201457874301,-3
388.295,-2.98312278536575,-3
388.732,-3.01538110488595,-3
390.155,-2.98257150459391,-3
390.585,-3.01494085466805,-3
392.966,-2.98168039444347,-3
393.389,-3.01427887895129,-3
394,-2.98243877730697,-3
394.322,-3.01452096341227,-3
397.181,-3.01529951695382,-3
397.659,-2.98265800463939,-3
398.074,-3.01431901477711,-3
399.548,-2.98237906829147,-3
400.491,-2.9819310323196,-3
401.834,-3.015078367902,-3
402.307,-2.98301854170527,-3
403.709,-3.01528368098779,-3
404,-3.01528368098779,-3
405.124,-2.98275750868479,-3
406.499,-3.01417813431809,-3
407.028,-2.98137258351378,-3
408,-2.98230747838964,-3
409.372,-3.01504915198004,-3
410.291,-3.01462974483559,-3
411.755,-2.9817137262373,-3
412.158,-3.01307964772191,-3
412.727,-2.98164061791498,-3
414,-2.98239596215473,-3
414.131,-3.01489376463631,-3
416.476,-2.98253668697472,-3
416.921,-3.01498464711554,-3
418.35,-2.98257261628329,-3
418.787,-3.01468489556346,-3
420.234,-2.98250670416493,-3
421.616,-3.01466529765285,-3
422,-3.01465110431525,-3
422.12,-2.98168667160125,-3
424,-2.98248722745853,-3
424.403,-3.01490226176201,-3
426.253,-3.0145287024907,-3
426.772,-2.98204263494189,-3
429.07,-3.01406417979138,-3
429.6,-2.98203390552661,-3
430.551,-2.98226278268466,-3
431.931,-3.01516021752918,-3
432,-3.01516021752918,-3
433.359,-2.98226933932169,-3
434.289,-2.98216972067309,-3
435.676,-3.01459835498079,-3
437.124,-2.98256919091281,-3
437.564,-3.01498674567541,-3
438.48,-3.01466409308554,-3
438.982,-2.98216370917295,-3
440,-2.9826083296659,-3
441.29,-3.01553451677081,-3
442.223,-3.01574950411734,-3
443.6,-2.98319186435101,-3
444.037,-3.0146406400843,-3
444.555,-2.98262275348461,-3
446,-3.01457231672677,-3
447.399,-2.98245163936046,-3
448.376,-2.98136653400824,-3
449.748,-3.01522805146174,-3
450,-3.01522805146174,-3
450.232,-2.98228459991957,-3
452.469,-3.0139703137233,-3
453.009,-2.98174804791384,-3
454,-2.98258895446702,-3
455.359,-3.0144810195856,-3
456,-2.98265929514894,-3
456.327,-3.01543181674744,-3
458.171,-3.01420116812712,-3
459.634,-2.98155683733307,-3
460.587,-2.98139937593209,-3
461.961,-3.01496759101095,-3
462.446,-2.98285658643976,-3
463.838,-3.01499664324818,-3
464,-3.01499664324818,-3
465.275,-2.98262523500166,-3
466,-3.01433211156476,-3
466.205,-2.98290784624612,-3
468,-3.01414003532964,-3
469.086,-2.98163326401575,-3
470.034,-2.98174556739555,-3
471.407,-3.01454578498814,-3
472,-2.98219417264822,-3
473.273,-3.01482113140687,-3
474.204,-3.01478222231522,-3
474.704,-2.98220727652105,-3
477.475,-2.98317255373655,-3
477.926,-3.01537131225659,-3
478,-3.01537131225659,-3
479.313,-2.98224713161914,-3
481.191,-2.98324323530269,-3
481.658,-3.01543058111797,-3
482,-3.01543058111797,-3
483.988,-2.98225229012661,-3
484,-2.98225229012661,-3
485.328,-3.01483305017853,-3
486.284,-3.01509003512872,-3
487.71,-2.98182336146046,-3
488.65,-2.98130741738352,-3
489.999,-3.01412001130688,-3
490.507,-2.98261569560044,-3
491.893,-3.01559823648069,-3
492,-3.01559823648069,-3
493.319,-2.98245167537288,-3
495.173,-2.98290826388284,-3
495.617,-3.01518939183577,-3
497.051,-2.98327736511679,-3
497.514,-3.01487537250976,-3
498.945,-2.98284199544511,-3
499.388,-3.01518765511478,-3
500,-2.983970865148,-2
500.16,-1.72262099059497,-2
502.404,-2.01394786380932,-2
503.88,-1.99008213767761,-2
504.391,-2.01103936489538,-2
504.861,-1.98955629027301,-2
506.342,-2.01060197887946,-2
507.842,-1.98831343901555,-2
508,-1.98831343901555,-2
509.251,-2.00997485064934,-2
510,-1.98840244444955,-2
511.213,-2.01060343233397,-2
512.165,-2.01010411241746,-2
513.651,-1.98939907937041,-2
514.151,-2.01045928619625,-2
515.64,-1.98902894598555,-2
516,-1.9890512674153,-2
517.157,-2.01075997752058,-2
518.084,-2.01029514276047,-2
519.558,-1.98871558328429,-2
521.022,-2.00993747309742,-2
521.556,-1.98832930678413,-2
522.514,-1.98844532861263,-2
522.955,-2.01000409505799,-2
524.893,-2.01064238393867,-2
525.381,-1.98874145912679,-2
526,-2.01002428606798,-2
526.349,-1.98883420036402,-2
528.311,-1.98859595716319,-2
529.792,-2.01082491144724,-2
530,-2.01082491144724,-2
531.265,-1.98892387263508,-2
532.247,-1.98888825476304,-2
533.702,-2.01023590282078,-2
535.165,-1.98865080493329,-2
535.626,-2.0105364289416,-2
536.602,-2.01078954183754,-2
537.087,-1.98942418238691,-2
539.073,-1.98871860412046,-2
539.528,-2.00926299294984,-2
540.076,-1.98855141357716,-2
541.516,-2.00992211628259,-2
542.511,-2.01008175562905,-2
543.995,-1.98884127373562,-2
544,-1.98884127373562,-2
545.42,-2.0097211000687,-2
546,-1.9888586628884,-2
547.414,-2.01015734776255,-2
548.408,-2.01110396170298,-2
549.831,-1.98941251966952,-2
550,-1.98941251966952,-2
550.343,-2.01098686083238,-2
552,-1.98965927493636,-2
553.223,-2.01199099801514,-2
554.162,-2.01033580023508,-2
555.695,-1.98766775098067,-2
556,-1.98766865394222,-2
557.133,-2.00999457897506,-2
558,-1.98887278425971,-2
559.111,-2.01008472539262,-2
561.078,-2.01000180702073,-2
561.582,-1.9889661624007,-2
562.568,-1.9887265636769,-2
563.017,-2.0097971906654,-2
564.988,-2.01083233179747,-2
565.463,-1.989373132627,-2
566,-2.01063462292972,-2
567.377,-1.98902005083926,-2
568.852,-2.00963098401093,-2
569.405,-1.98845163205278,-2
570.372,-1.98833480763111,-2
571.794,-2.01002015550674,-2
573.309,-1.98901769733851,-2
573.79,-2.01033387321706,-2
574,-2.01033387321706,-2
575.287,-1.98887173097153,-2
577.271,-1.98855946132728,-2
577.727,-2.00989276304543,-2
578.246,-1.98836234751201,-2
578.69,-2.00998952615824,-2
580.174,-1.98839193916048,-2
581.656,-2.01164730635432,-2
582,-2.01153610653643,-2
583.065,-1.98954699440822,-2
584.045,-1.98916556036721,-2
584.541,-2.01091878951113,-2
586.936,-1.98924644120835,-2
587.422,-2.01057060753839,-2
589.441,-2.01102128021374,-2
589.872,-1.98946854537312,-2
591.319,-2.01071325760692,-2
591.809,-1.9891840052929,-2
592.274,-2.01038761369166,-2
592.776,-1.98893264842407,-2
594.76,-1.98886823187656,-2
595.229,-2.01010925735844,-2
596.234,-2.01076673024161,-2
597.651,-1.98920467915827,-2
598,-1.98920522202114,-2
598.149,-2.01069972429263,-2
600.584,-1.98828066840733,-2
601.999,-2.00944360860947,-2
602.536,-1.98871621860482,-2
603.972,-2.01099146981507,-2
604,-2.01099146981507,-2
605.4,-1.98868201793198,-2
607.33,-1.9884827959448,-2
607.789,-2.01025201196335,-2
608,-2.01025201196335,-2
609.237,-1.98843218267488,-2
610.199,-1.98878621503261,-2
611.618,-2.01018641368229,-2
612,-2.01016596320647,-2
612.125,-1.9886010206115,-2
614,-2.0099519922836,-2
615.112,-1.98784147444616,-2
616.519,-2.00990879514185,-2
617.037,-1.98888815290871,-2
618.532,-2.0107870915355,-2
619.959,-1.98881152601919,-2
620.41,-2.01030656584598,-2
621.92,-1.98835879558397,-2
622,-1.98835879558397,-2
623.342,-2.00993199243969,-2
624.854,-1.98872839646964,-2
625.325,-2.01032032490622,-2
627.226,-2.01030781336231,-2
627.735,-1.98862242924976,-2
628,-1.98862242924976,-2
629.156,-2.010120539024,-2
630.158,-2.01066364556897,-2
631.592,-1.98826710061061,-2
632.571,-1.98840114695591,-2
633.027,-2.00985131959683,-2
634.044,-2.01061295053379,-2
635.515,-1.98851774733984,-2
636,-2.01016101222438,-2
636.48,-1.98853929647228,-2
638.429,-1.98874535805574,-2
639.882,-2.01068427872868,-2
640,-2.01068427872868,-2
641.321,-1.98890091037102,-2
642.291,-1.9888089924724,-2
643.817,-2.01115401867124,-2
644,-2.01115401867124,-2
645.229,-1.989368990911,-2
646,-2.00956527465559,-2
646.244,-1.98826774505226,-2
648.212,-1.98823556578852,-2
649.651,-2.00948801053237,-2
650.65,-2.01043523429484,-2
651.15,-1.98877147783146,-2
652,-2.01008681359302,-2
653.076,-1.98881327515623,-2
654.044,-1.98884070098418,-2
655.492,-2.01050755683224,-2
657.46,-2.01019027797298,-2
657.972,-1.98879056700073,-2
658,-1.98879056700073,-2
658.423,-2.01007175542873,-2
660,-1.98891252822548,-2
661.399,-2.01148123367859,-2
662,-1.9895492393127,-2
662.32,-2.01164071093179,-2
665.202,-2.01097076023127,-2
665.657,-1.98946362364984,-2
666.127,-2.01056400532853,-2
667.582,-1.98917023854652,-2
668.065,-2.01020656932413,-2
669.55,-1.98876406531403,-2
670.995,-2.01114004085373,-2
671.424,-1.9896416851533,-2
672.447,-1.98880993431962,-2
673.881,-2.01058162065618,-2
674,-2.01058162065618,-2
675.333,-1.98909058295337,-2
676.313,-1.98942658414558,-2
677.787,-2.01072971389628,-2
678,-2.01072971389628,-2
679.314,-1.98794852011278,-2
681.246,-1.98870699096491,-2
681.705,-2.00979916194115,-2
682,-2.00979916194115,-2
682.231,-1.98836932392546,-2
685.221,-1.98804051162709,-2
685.664,-2.00944336791487,-2
686.199,-1.98876925540755,-2
687.636,-2.01021218223102,-2
688.146,-1.98911129908066,-2
688.634,-2.01055607068235,-2
690.116,-1.98874689797527,-2
690.581,-2.01022814767712,-2
693.056,-1.9888026782016,-2
693.523,-2.00999717963326,-2
694.041,-1.9890177064195,-2
695.511,-2.01070943229298,-2
696.971,-1.98880913031306,-2
697.432,-2.01032131730059,-2
699.373,-2.01028110457902,-2
699.877,-1.98914238831913,-2
700.886,-1.98898326226798,-2
701.357,-2.01050171264215,-2
702.818,-1.98886552829416,-2
703.283,-2.01031816587702,-2
704.746,-1.98892188350005,-2
705.239,-2.01079307006213,-2
706.16,-2.01040604560736,-2
707.646,-1.98895386044811,-2
708.132,-2.01050646306956,-2
708.616,-1.98856835350554,-2
710.572,-1.98855331292866,-2
711.984,-2.01046232791941,-2
712,-2.01046232791941,-2
713.431,-1.98871591122731,-2
714.871,-2.01042868526235,-2
715.371,-1.98914605340308,-2
716.346,-1.98890964611562,-2
717.802,-2.01058210985859,-2
718,-2.01058210985859,-2
719.242,-1.98850924360856,-2
720.652,-2.01062828159427,-2
721.127,-1.98884528192998,-2
723.518,-2.01061487285748,-2
723.992,-1.9889324077884,-2
724.955,-1.98889749856614,-2
725.413,-2.01020308201218,-2
726.399,-2.01051988141466,-2
726.91,-1.98868489610656,-2
728,-1.98929680892834,-2
729.326,-2.01086272142839,-2
730.751,-1.9893489885438,-2
731.266,-2.01097790226829,-2
732.2,-2.01030297605448,-2
733.674,-1.98837285535663,-2
734.107,-2.00950159217044,-2
735.643,-1.98805686828392,-2
737.075,-2.00975718511921,-2
737.611,-1.98902412102112,-2
738,-1.98924476260077,-2
739.069,-2.01076049471486,-2
740.534,-1.9889318764359,-2
741.952,-2.01078185479718,-2
742,-2.01078185479718,-2
742.411,-1.98967651270425,-2
744.9,-2.01131340815153,-2
745.357,-1.9898580612505,-2
746,-2.01044253481084,-2
747.355,-1.98833861769877,-2
748.328,-1.98848666233975,-2
749.759,-2.0096000081699,-2
750,-2.0096000081699,-3
750.15,-3.23404471985049,-3
752,-3.01596971159801,-3
752.431,-2.98268869083562,-3
754.747,-3.01575155847987,-3
755.219,-2.98340958561395,-3
756,-3.01541747868792,-3
757.079,-2.98246365563342,-3
758.023,-2.98242093754323,-3
758.448,-3.01480465374979,-3
760.344,-3.01493434928186,-3
761.789,-2.9824579133553,-3
762.227,-3.01495991310733,-3
763.658,-2.98236604623011,-3
765.535,-2.98230561471695,-3
765.981,-3.01509627339562,-3
766,-3.01509627339562,-3
767.403,-2.98255128605565,-3
768.342,-2.98284570349057,-3
769.713,-3.01474991904336,-3
770,-3.01474991904336,-3
770.221,-2.98204613850198,-3
773.007,-2.98275621757286,-3
773.448,-3.0151181641173,-3
774.354,-3.01458108014551,-3
775.81,-2.98176734281624,-3
776,-2.98176734281624,-3
777.168,-3.01398434080757,-3
778,-2.98236813720393,-3
779.082,-3.01507763744324,-3
780,-3.01493953728945,-3
781.408,-2.98280739202952,-3
782,-3.01432469705072,-3
783.317,-2.98271942361718,-3
784.758,-3.01497891614601,-3
785.25,-2.98291114401643,-3
786.632,-3.01438073205906,-3
787.155,-2.98251208996316,-3
788.113,-2.98223173169738,-3
789.496,-3.014422674461,-3
790.022,-2.98270612669122,-3
791.4,-3.01489410498438,-3
792,-2.98283659630237,-3
793.262,-3.01480553235764,-3
794.724,-2.98265811515571,-3
795.159,-3.01503685263385,-3
796.617,-2.98176061131228,-3
797.942,-3.01475854150208,-3
798.438,-2.98271559992831,-3
799.807,-3.01566298989099,-3
800,-3.01566298989099,-3
801.216,-2.98281465104106,-3
802.154,-2.98203009122523,-3
803.505,-3.01473316439053,-3
804.949,-2.98244736453775,-3
805.388,-3.01514991068642,-3
806.286,-3.01459494885482,-3
806.799,-2.98255901039221,-3
808.176,-3.01463770574503,-3
808.676,-2.98155583299208,-3
810.517,-2.98300178092057,-3
811.9,-3.01552520771026,-3
812,-3.01552520771026,-3
812.371,-2.98330344635413,-3
814,-3.01513488136373,-3
814.247,-2.98234854900533,-3
816.549,-3.01463601607334,-3
817.051,-2.9817185070571,-3
818,-2.98189671049635,-3
819.318,-3.01466508331732,-3
820.263,-3.01529071715665,-3
820.749,-2.98310928367305,-3
822.646,-2.98173920917008,-3
823.994,-3.01479891449361,-3
824,-3.01479891449361,-3
825.433,-2.98265628122126,-3
826,-3.01473983306713,-3
826.361,-2.98244885340462,-3
828.264,-2.98180317156616,-3
829.615,-3.01505954575389,-3
831.069,-2.98229362301539,-3
831.493,-3.01472566324242,-3
832.433,-3.01520382119002,-3
832.907,-2.98235301297016,-3
834.82,-2.98184916840885,-3
835.236,-3.01443178503111,-3
836.188,-3.01557901192173,-3
837.596,-2.98310415131711,-3
838.036,-3.01485354952549,-3
839.465,-2.98214938729806,-3
840.404,-2.9823633920109,-3
841.779,-3.01508382279711,-3
843.196,-2.98295557742703,-3
843.635,-3.01523076642667,-3
844.111,-2.98305048053694,-3
845.532,-3.01590031692098,-3
846.427,-3.01491634432442,-3
846.928,-2.98228475515986,-3
848.264,-3.01416120824126,-3
848.791,-2.98158827781426,-3
850.656,-2.98204489270143,-3
851.07,-3.01461670378685,-3
852.011,-3.0149452872657,-3
853.456,-2.98261730494176,-3
854.414,-2.98254632323403,-3
855.787,-3.01494891170847,-3
856,-3.01494891170847,-3
857.213,-2.98266149370085,-3
858.155,-2.98267582371986,-3
858.593,-3.01494244000805,-3
860.036,-2.98196799941691,-3
861.412,-3.01465453925888,-3
862.34,-3.01505348677916,-3
862.831,-2.98216170526486,-3
865.133,-3.01539470494495,-3
865.607,-2.98305136881859,-3
866.052,-3.01452883356759,-3
867.507,-2.98114442093887,-3
868.444,-2.98222334109226,-3
869.85,-3.01471019750484,-3
870.808,-3.01524817967605,-3
871.279,-2.98253304233257,-3
872,-3.01495783885948,-3
872.193,-2.98282942092352,-3
875.037,-2.98237118831939,-3
875.458,-3.01482071548553,-3
876,-2.98303953341979,-3
877.347,-3.01518552240599,-3
878.818,-2.98245550802427,-3
879.246,-3.01441147577506,-3
881.122,-3.0157787867891,-3
881.591,-2.98278937451161,-3
883.457,-2.9833734398711,-3
883.918,-3.01554011034557,-3
884,-3.01554011034557,-3
885.327,-2.98229095446659,-3
886.245,-2.98252708594318,-3
886.681,-3.0151231440221,-3
888.117,-2.9827435873903,-3
889.506,-3.01554951085139,-3
890.928,-2.98189519763216,-3
891.34,-3.01443268743722,-3
893.229,-3.01493961812846,-3
893.72,-2.98213756790374,-3
894,-2.98213756790374,-3
895.095,-3.01486451891613,-3
896.003,-3.01476057150908,-3
896.491,-2.98258007490577,-3
898.372,-2.98199760329586,-3
899.747,-3.014659948418,-3
900.246,-2.98277853002304,-3
900.671,-3.01474551857085,-3
902.582,-3.01512612560391,-3
903.999,-2.98209230871426,-3
904.42,-3.01430697932354,-3
904.922,-2.98191049700811,-3
906.281,-3.01479019115225,-3
907.753,-2.98205710103417,-3
908,-2.98205710103417,-3
908.187,-3.01483950279046,-3
910.545,-2.98252038780709,-3
911.904,-3.01510773914903,-3
912,-3.01510773914903,-3
913.332,-2.98253429637122,-3
915.208,-2.98260357990309,-3
915.632,-3.01499459379515,-3
916,-3.01499207639983,-3
917.995,-2.98280947008272,-3
918.436,-3.01509822851348,-3
919.847,-2.98215250032287,-3
920,-2.98215250032287,-3
920.28,-3.01504964757206,-3
923.078,-3.01514770702389,-3
923.58,-2.9822757772291,-3
924.519,-2.98179862109708,-3
925.883,-3.01464396290514,-3
926.814,-3.01480682988,-3
927.317,-2.98287100507619,-3
928.244,-2.98293565929656,-3
929.656,-3.01472809882439,-3
931.083,-2.98230775201054,-3
931.512,-3.01518248843889,-3
933.383,-3.01554311157601,-3
933.855,-2.98274910871281,-3
934.291,-3.01488281171839,-3
934.781,-2.98172169383016,-3
937.079,-3.01510012845251,-3
937.571,-2.98245444057024,-3
938.542,-2.98110828191552,-3
939.92,-3.01442451692196,-3
940.854,-3.01481767118937,-3
941.356,-2.98209972293632,-3
942.726,-3.01411657543621,-3
943.255,-2.98230188911092,-3
944.215,-2.98188867008542,-3
945.586,-3.01544080109612,-3
946.501,-3.01467676273697,-3
947.958,-2.98207840210862,-3
948.384,-3.01464479048402,-3
949.842,-2.98165558660292,-3
950,-2.98165558660292,-3
951.176,-3.0143654083845,-3
952.12,-3.0136576162983,-3
952.665,-2.98147295538459,-3
955.028,-3.01583010873076,-3
955.504,-2.98345400678107,-3
956,-3.01552085315754,-3
957.349,-2.98155920869239,-3
958.258,-2.98192726493222,-3
958.674,-3.01455843325665,-3
960.151,-2.98212915565476,-3
960.568,-3.01463323445012,-3
962.012,-2.98271495358772,-3
962.442,-3.01477787016916,-3
964.327,-3.0148517313306,-3
965.756,-2.98252964136028,-3
966.202,-3.01495716882373,-3
966.685,-2.98230781737475,-3
969.014,-3.01477347493379,-3
969.531,-2.98278548072741,-3
970.9,-3.01522441051357,-3
971.402,-2.98240158027544,-3
973.237,-2.98200972958414,-3
973.673,-3.01509337519502,-3
975.494,-3.01537439647921,-3
975.977,-2.98227494752342,-3
976.913,-2.98224973998529,-3
977.345,-3.01458380244628,-3
978.263,-3.01418891599903,-3
978.792,-2.98146181861903,-3
980.667,-2.98249069318317,-3
981.099,-3.01437752050356,-3
982.983,-3.01476166543734,-3
983.476,-2.98268208491207,-3
985.368,-2.9826890551088,-3
985.8,-3.01523122987165,-3
986,-3.01523122987165,-3
987.237,-2.98286862971871,-3
988.183,-2.98270188838993,-3
989.579,-3.01439760934989,-3
990,-3.01435011714431,-3
991.993,-2.98165177803712,-3
992,-2.98165177803712,-3
993.346,-3.01510512970801,-3
994,-2.98233469603547,-3
994.252,-3.0144636539911,-3
996,-2.9823854506409,-3
997.089,-3.01514420945959,-3
998,-3.01488370549585,-3
999.431,-2.98269695298914,-3
1000,-3.01383910176455,-2
1000.163,-1.71804182899026,-2
1002.513,-2.01393532207312,-2
1003.999,-1.9907989245111,-2
1004.53,-2.01074537292036,-2
1005.988,-1.98930240825056,-2
1006,-1.98930240825056,-2
1006.518,-2.01118897170304,-2
1008.432,-2.01084239012833,-2
1009.891,-1.98875030471525,-2
1011.37,-2.00955208295853,-2
1011.918,-1.98823517595956,-2
1012,-1.98823517595956,-2
1012.348,-2.00948279872413,-2
1014.347,-2.01010344398478,-2
1014.885,-1.98847375114889,-2
1016.865,-1.9880485333637,-2
1017.296,-2.0096253847187,-2
1018.797,-1.98885475860142,-2
1019.25,-2.01018861630622,-2
1020,-1.98901229181917,-2
1021.187,-2.01067624918437,-2
1022.16,-2.01111520243316,-2
1023.617,-1.98833937731652,-2
1024.594,-1.9882915289851,-2
1025.996,-2.0094535987192,-2
1027.512,-1.98867903822208,-2
1027.965,-2.00957021410188,-2
1028,-2.00957021410188,-2
1029.49,-1.98855325514693,-2
1030.494,-1.98838221119372,-2
1031.917,-2.01038052162042,-2
1032.413,-1.98931332571548,-2
1033.86,-2.01079183307195,-2
1034,-2.01079183307195,-2
1035.313,-1.98878927999374,-2
1036,-2.00973000521788,-2
1037.252,-1.98839319743728,-2
1038.711,-2.0096838888072,-2
1039.234,-1.98829164979731,-2
1041.229,-1.98800191705923,-2
1041.669,-2.0099768284901,-2
1042,-2.0099768284901,-2
1043.149,-1.98889964477689,-2
1045.143,-1.98815751413219,-2
1045.575,-2.00968180567067,-2
1046.102,-1.98894886547613,-2
1046.555,-2.00989207949975,-2
1049.084,-1.98841726287815,-2
1049.524,-2.00953590384081,-2
1050.052,-1.98824324022817,-2
1051.468,-2.00976470726808,-2
1052,-1.98911665543773,-2
1053.488,-2.01068065490094,-2
1054.885,-1.98965959737378,-2
1055.368,-2.01094608518847,-2
1056.352,-2.01051139381784,-2
1057.831,-1.98883414904285,-2
1058,-1.98883414904285,-2
1059.261,-2.01031849561175,-2
1060.232,-2.01088678275199,-2
1061.669,-1.98827395001652,-2
1062,-1.98829434570365,-2
1063.064,-2.01061930794529,-2
1065.503,-1.98895679369863,-2
1065.969,-2.01055257478618,-2
1066,-2.01055257478618,-2
1067.407,-1.98863181159406,-2
1068.832,-2.00989541624114,-2
1069.366,-1.98833909292217,-2
1070,-2.00921771264551,-2
1071.339,-1.98815150986987,-2
1072.335,-1.9885833844087,-2
1073.825,-2.01044415205688,-2
1075.228,-1.98926665605667,-2
1075.718,-2.01065149722476,-2
1076.19,-1.98946751456537,-2
1076.662,-2.01113117094476,-2
1078.613,-2.0109949044789,-2
1079.045,-1.98920705719955,-2
1080.502,-2.01031748301354,-2
1081.018,-1.98855005569926,-2
1082.985,-1.98841973417781,-2
1083.415,-2.0095029194584,-2
1084,-1.98848225209868,-2
1085.379,-2.01017942775264,-2
1086.883,-1.9884614413112,-2
1087.329,-2.01001106917472,-2
1088.293,-2.0097831685468,-2
1089.83,-1.98837675685609,-2
1090,-1.98837675685609,-2
1091.261,-2.01015658017153,-2
1092.222,-2.01018650771128,-2
1093.738,-1.98876448044413,-2
1094,-1.98876448044413,-2
1095.17,-2.0105595089364,-2
1097.111,-2.01069327269543,-2
1097.601,-1.98943066011707,-2
1098.577,-1.9887165947802,-2
1099.993,-2.0103413779597,-2
1100,-2.0103413779597,-2
1101.49,-1.98933102196716,-2
1102.461,-1.98847058354646,-2
1103.891,-2.01057240140298,-2
1104,-2.01057240140298,-2
1105.334,-1.98912054371639,-2
1106.76,-2.01008057857524,-2
1107.263,-1.98899660096828,-2
1108.268,-1.98868459452815,-2
1109.701,-2.01024995396903,-2
1110.696,-2.01042195427973,-2
1111.186,-1.98931851483595,-2
1112.178,-1.98900991558048,-2
1113.647,-2.01042357133418,-2
1114.13,-1.98936828635447,-2
1114.616,-2.01097062940864,-2
1116.53,-2.01032582628783,-2
1117.043,-1.98923493565429,-2
1118.485,-2.00969272542155,-2
1119.025,-1.98818253692967,-2
1120,-1.9886904698098,-2
1121.396,-2.01013721858394,-2
1122,-1.9892186100847,-2
1123.373,-2.01108715269461,-2
1124.352,-2.01072119355674,-2
1124.825,-1.98950061298932,-2
1126.262,-2.01042939676155,-2
1126.759,-1.98870085144352,-2
1128.227,-2.01065151281587,-2
1129.665,-1.98898355218562,-2
1130.115,-2.00982523044947,-2
1131.636,-1.9882707740138,-2
1132.575,-1.9889778005457,-2
1133.051,-2.01037003915652,-2
1134.549,-1.98914176183114,-2
1135.03,-2.01066501977278,-2
1136,-2.01031953626335,-2
1137.511,-1.98828105817674,-2
1138,-2.00916940402859,-2
1139.505,-1.98798688398898,-2
1140.498,-1.98822691728708,-2
1140.933,-2.00997172551059,-2
1143.423,-1.98875597727867,-2
1143.884,-2.01006972403618,-2
1145.359,-1.98908388225891,-2
1145.833,-2.01027335155391,-2
1146,-2.01027335155391,-2
1147.361,-1.98767257811915,-2
1148,-2.00917116130546,-2
1148.337,-1.98791339612977,-2
1150.335,-1.98811658916468,-2
1151.743,-2.01005075683856,-2
1152,-2.01005075683856,-2
1153.259,-1.98843223622506,-2
1154.215,-1.98895706454615,-2
1154.69,-2.0102183170456,-2
1156,-2.00989352424486,-2
1157.196,-1.98906121507107,-2
1158.206,-1.98833289379697,-2
1158.659,-2.01019418428019,-2
1160.116,-1.98860133163506,-2
1161.549,-2.0099809187623,-2
1162.522,-2.00974391814479,-2
1163.047,-1.98869210591265,-2
1164.056,-1.98768753473049,-2
1164.486,-2.00952926734993,-2
1166.015,-1.98901042467794,-2
1166.487,-2.01024774026013,-2
1169.452,-2.01050338830626,-2
1169.935,-1.98918963199415,-2
1170.413,-2.01010006795651,-2
1171.87,-1.98890728241128,-2
1172,-1.98890728241128,-2
1173.341,-2.01083325867823,-2
1174.293,-2.01049665600448,-2
1175.758,-1.98929366394937,-2
1176,-1.98929366394937,-2
1177.217,-2.01112379887643,-2
1178.642,-1.98951322955673,-2
1179.16,-2.01135305915828,-2
1180.129,-2.01109539797744,-2
1181.567,-1.98997658895859,-2
1182.093,-2.01165128941329,-2
1183.523,-1.9897092510385,-2
1184.506,-1.98920186397184,-2
1184.982,-2.01048045961315,-2
1186.931,-2.01050870662418,-2
1187.423,-1.98926834040938,-2
1189.402,-1.98888578996021,-2
1189.875,-2.01049344762755,-2
1190,-2.01049344762755,-2
1191.337,-1.98888389659087,-2
1192.358,-1.98853889637362,-2
1192.816,-2.00985195815326,-2
1194.357,-1.98757442541734,-2
1195.771,-2.00947963468466,-2
1197.306,-1.98800622574389,-2
1197.738,-2.00975341932139,-2
1198,-2.00975341932139,-2
1198.257,-1.98823650546698,-2
1201.205,-1.98869535031049,-2
1201.651,-2.01032607872611,-2
1202,-2.01032607872611,-2
1202.138,-1.98914352864522,-2
1204.549,-2.00997556014399,-2
1205.055,-1.98894186535157,-2
1207.025,-1.98846569774894,-2
1207.487,-2.01039802528804,-2
1208,-1.98939470948745,-2
1209.401,-2.01135021121409,-2
1211.326,-2.01097919880156,-2
1211.803,-1.98961655567858,-2
1212.295,-2.01045823624477,-2
1213.789,-1.98871254673317,-2
1214,-1.98871254673317,-2
1215.218,-2.00962515728835,-2
1216.21,-2.01019979357054,-2
1217.691,-1.98870188273241,-2
1218,-1.98870188273241,-2
1218.157,-2.01023140923481,-2
1220.588,-1.98829138077633,-2
1221.033,-2.01047833226356,-2
1222.995,-2.01090812901554,-2
1223.476,-1.9895419521122,-2
1224,-2.0100298368748,-2
1224.467,-1.98883374593378,-2
1226,-2.00945182254712,-2
1226.464,-1.98839230596375,-2
1228.465,-1.98795527592741,-2
1228.888,-2.00920792862664,-2
1230.452,-1.98795904128392,-2
1231.853,-2.00924973138084,-2
1232.403,-1.98839196896447,-2
1232.841,-2.00977545993411,-2
1234.367,-1.988362764802,-2
1235.79,-2.01002078411231,-2
1236.307,-1.98890164744695,-2
1236.78,-2.01071916830691,-2
1238.205,-1.98944869020453,-2
1239.702,-2.01065810602003,-2
1240.669,-2.01074042464343,-2
1241.163,-1.98963956636627,-2
1242.159,-1.98915523501388,-2
1242.63,-2.01106091551194,-2
1245.064,-1.98859088266073,-2
1245.533,-2.01021763136131,-2
1246.481,-2.01050031109567,-2
1246.976,-1.98891755157394,-2
1249.391,-2.009932990181,-2
1249.9,-1.98888812628382,-2
1250,-1.98888812628382,-3
1250.151,-3.23483665470383,-3
1252.621,-3.01959682610936,-3
1253.984,-2.98364514257936,-3
1254.432,-3.01486742637871,-3
1255.885,-2.98260159800739,-3
1256.837,-2.98228225101841,-3
1257.261,-3.01481327832732,-3
1259.153,-3.01469150265474,-3
1259.646,-2.9826039638011,-3
1260.082,-3.01501567806567,-3
1261.528,-2.98208887536324,-3
1262.895,-3.01472199503833,-3
1263.39,-2.98208221452569,-3
1264.335,-2.98225930141149,-3
1264.759,-3.01476698196299,-3
1266.223,-2.98172973445487,-3
1267.582,-3.01465618344007,-3
1268.076,-2.98257127244456,-3
1268.52,-3.01506223702057,-3
1270.376,-3.01490852154533,-3
1271.852,-2.98240879341059,-3
1272.277,-3.01487063451203,-3
1272.769,-2.98218699918811,-3
1274,-2.98286003432423,-3
1274.153,-3.01484987662688,-3
1276.521,-2.9826269869931,-3
1277.896,-3.01459313172704,-3
1278.828,-3.01498145051759,-3
1279.323,-2.98184631776691,-3
1280.672,-3.01424211153045,-3
1281.189,-2.98166682962643,-3
1282.13,-2.9820127306875,-3
1283.496,-3.01524482940744,-3
1284.409,-3.01468802161941,-3
1285.856,-2.98197336164059,-3
1287.209,-3.01424201042994,-3
1287.732,-2.98177322333791,-3
1288,-2.98177322333791,-3
1288.145,-3.01440497884489,-3
1290.485,-2.9829879383845,-3
1290.946,-3.01511372486228,-3
1293.316,-2.98263309638576,-3
1293.755,-3.01502505240034,-3
1294,-3.01502505240034,-3
1295.18,-2.9826035684643,-3
1296.551,-3.01494753706691,-3
1297.999,-2.98266197948643,-3
1298.004,-2.98251671005022,-3
1298.435,-3.01511436525433,-3
1300.278,-3.01453683581053,-3
1301.744,-2.98147233158588,-3
1302,-2.98147233158588,-3
1302.156,-3.01430699590985,-3
1304.017,-3.01470834729543,-3
1304.518,-2.98193109430475,-3
1307.282,-2.98225622059453,-3
1307.704,-3.01473205998506,-3
1308.653,-3.01548334657258,-3
1309.131,-2.98323031011129,-3
1310.495,-3.01544785049703,-3
1311.886,-2.98188462016341,-3
1312.824,-2.981651204763,-3
1313.232,-3.01437833908736,-3
1314.18,-3.01455954111092,-3
1314.672,-2.98224252540298,-3
1316.539,-2.98212569599005,-3
1317.92,-3.01496308747715,-3
1318,-3.01496308747715,-3
1319.356,-2.98210246695792,-3
1320.72,-3.0156985001612,-3
1321.191,-2.98288084432303,-3
1322,-3.01509480501641,-3
1323.057,-2.98209594724612,-3
1324.43,-3.01528127045599,-3
1325.894,-2.9823384692445,-3
1326,-2.9823384692445,-3
1327.269,-3.01487510781204,-3
1329.162,-3.01518815548502,-3
1329.639,-2.9823915969389,-3
1331.512,-2.98246940428107,-3
1331.944,-3.01451811206945,-3
1332.434,-2.98302596997443,-3
1333.834,-3.01521216982599,-3
1334,-3.01521216982599,-3
1334.314,-2.98322191097008,-3
1336.213,-2.98277415286726,-3
1336.657,-3.01523033169207,-3
1339.471,-3.01504048869428,-3
1339.962,-2.98205679804675,-3
1340,-2.98205679804675,-3
1341.331,-3.01521504946283,-3
1342,-2.9833741822555,-3
1343.202,-3.01595390012814,-3
1344.113,-3.01545966419375,-3
1345.515,-2.98225770059801,-3
1346,-3.01469185638015,-3
1347.37,-2.98265129668639,-3
1348,-3.01468830025322,-3
1348.302,-2.98241698822767,-3
1350,-3.01457022177678,-3
1351.113,-2.98256256117225,-3
1352.088,-2.98180623210546,-3
1353.42,-3.01450727843904,-3
1354.344,-3.01467423802141,-3
1354.85,-2.98202018556465,-3
1357.129,-3.01428332796499,-3
1357.652,-2.98167402537571,-3
1358.563,-2.98251612702419,-3
1359.004,-3.01524904791878,-3
1360.433,-2.9826040121381,-3
1361.816,-3.01492506524748,-3
1362.286,-2.98335903004532,-3
1363.703,-3.01597930342626,-3
1364,-3.01597930342626,-3
1365.089,-2.9825077627835,-3
1366.959,-2.9820833748663,-3
1367.39,-3.01509061582752,-3
1368,-2.98233795712568,-3
1368.276,-3.01483362484916,-3
1370.133,-3.01441563371204,-3
1371.608,-2.98240655751197,-3
1373.464,-2.98290203621807,-3
1373.9,-3.01487555505585,-3
1375.322,-2.98282788058476,-3
1375.779,-3.01512679710972,-3
1376,-3.01512679710972,-3
1377.213,-2.98292358395848,-3
1378.133,-2.98210734390345,-3
1378.57,-3.01502805490178,-3
1380.915,-2.9826246892217,-3
1381.376,-3.01460872459139,-3
1382.309,-3.01498151571116,-3
1383.75,-2.98254992470513,-3
1384,-2.98254992470513,-3
1385.107,-3.01455647087237,-3
1386.069,-3.01513116771728,-3
1386.55,-2.98242241227948,-3
1388.416,-2.98288249803975,-3
1389.833,-3.01564926066614,-3
1390,-3.01564926066614,-3
1391.23,-2.98278347493575,-3
1392.192,-2.98277321368117,-3
1392.644,-3.01484412134454,-3
1394.094,-2.98238089547846,-3
1394.527,-3.01477104575421,-3
1396.885,-2.98215356336246,-3
1397.31,-3.01469225498148,-3
1398.256,-3.01509679151184,-3
1398.749,-2.98225467814177,-3
1400.623,-2.98224692816035,-3
1401.057,-3.01515166564611,-3
1402.887,-3.0158407347374,-3
1403.358,-2.9833932100427,-3
1404,-3.01549337721067,-3
1405.22,-2.98221966918676,-3
1406.577,-3.01487552151615,-3
1407.068,-2.98340929630185,-3
1408.037,-2.98225678961669,-3
1408.468,-3.01457644272801,-3
1410.877,-2.9821575995308,-3
1411.297,-3.01464822665913,-3
1412,-2.98223219664712,-3
1413.169,-3.01474152365348,-3
1415.037,-3.01469288808595,-3
1415.538,-2.98220570264395,-3
1416.487,-2.98218264167229,-3
1417.87,-3.01563031817026,-3
1418,-3.01563031817026,-3
1418.346,-2.98262539369905,-3
1420.643,-3.01544531017934,-3
1421.108,-2.98267485802267,-3
1422.995,-2.98157221779044,-3
1423.402,-3.01386241831831,-3
1424.886,-2.98225853193949,-3
1425.322,-3.01449534403281,-3
1426.265,-3.01450894137909,-3
1427.718,-2.98245338854578,-3
1428.141,-3.01412762662414,-3
1428.668,-2.98234557746612,-3
1430.591,-2.98260788686588,-3
1431.97,-3.01503744902836,-3
1432,-3.01503744902836,-3
1433.421,-2.98174406163646,-3
1434.346,-2.98195797574753,-3
1434.762,-3.01453943592349,-3
1436.629,-3.01408682656231,-3
1437.158,-2.98239673769769,-3
1438,-3.01390096719074,-3
1438.115,-2.98176559766925,-3
1440.414,-3.01416097303167,-3
1441.917,-2.98173440682974,-3
1442,-2.98173440682974,-3
1443.285,-3.01478624988325,-3
1445.176,-3.01461782941818,-3
1445.668,-2.98199046998448,-3
1446.586,-2.98269474024624,-3
1447.008,-3.01468503820664,-3
1448,-3.01398202349447,-3
1449.415,-2.9816328649942,-3
1450.387,-2.98131314232759,-3
1451.751,-3.01423446616874,-3
1452.279,-2.98147545393815,-3
1453.626,-3.01463860789189,-3
1454.562,-3.01542815246236,-3
1455.998,-2.98188541889204,-3
1456.407,-3.01443727969243,-3
1456.911,-2.98187992913832,-3
1458.829,-2.98202162121139,-3
1459.241,-3.01394477504553,-3
1460,-2.98217095157991,-3
1461.145,-3.01502841975082,-3
1462.554,-2.98251001929341,-3
1463.924,-3.01505204303553,-3
1464.868,-3.01546593030153,-3
1465.35,-2.98321827744538,-3
1466.269,-2.98347605094262,-3
1466.731,-3.01584272279127,-3
1468,-3.0153211734266,-3
1468.115,-2.98310741996683,-3
1471.375,-3.01498233054359,-3
1471.863,-2.98224027858464,-3
1473.22,-3.01460367400461,-3
1473.717,-2.98210413493685,-3
1474,-2.98210413493685,-3
1475.091,-3.0144532750935,-3
1476.534,-2.98163201826628,-3
1476.944,-3.01439404399324,-3
1478.819,-3.01472983005347,-3
1479.313,-2.98245782317771,-3
1480,-3.01443311045505,-3
1480.245,-2.98220613677197,-3
1483.49,-3.01512914227012,-3
1483.975,-2.982310423345,-3
1484.377,-3.01407738248039,-3
1484.909,-2.98170918452369,-3
1486.274,-3.01454275538658,-3
1487.753,-2.98180885398744,-3
1488,-2.98180885398744,-3
1489.118,-3.01472760129483,-3
1491.493,-2.9833127083756,-3
1491.951,-3.01554105768367,-3
1492,-3.01554105768367,-3
1492.407,-2.98313574721041,-3
1495.276,-2.98227613701612,-3
1495.73,-3.01514641733869,-3
1496,-3.01514641733869,-3
1497.142,-2.98275423511998,-3
1499.451,-3.01463929698307,-3
1499.936,-2.98248128390541,-3
1500,-2.98248128390541,-2
1500.16,-1.71748659822639,-2
1502.462,-2.01451865359228,-2
1503.862,-1.99025985314109,-2
1504.364,-2.0110956839,-2
1505.814,-1.98865161638249,-2
1506.795,-1.98831026382673,-2
1507.249,-2.00998997495733,-2
1508.23,-2.01050302597436,-2
1509.72,-1.9889354408467,-2
1510.176,-2.00983567040913,-2
1510.695,-1.98828090328094,-2
1512.708,-1.98828950971218,-2
1513.133,-2.00936803205644,-2
1514,-1.98844084439436,-2
1515.117,-2.00949620389503,-2
1516,-1.98877461452365,-2
1517.107,-2.0100408161781,-2
1518.083,-2.0104647433962,-2
1518.585,-1.98901056859597,-2
1520,-2.00981586456689,-2
1521.508,-1.98878735418606,-2
1522.491,-1.98805326943446,-2
1523.941,-2.00982336452498,-2
1524.463,-1.98896710395241,-2
1524.935,-2.01018845313038,-2
1526,-2.01015124405998,-2
1527.37,-1.98831480201542,-2
1528.349,-1.98865974286283,-2
1528.82,-2.01025629681826,-2
1530.762,-2.0100016361211,-2
1531.282,-1.98834604759075,-2
1532.265,-1.98841589988601,-2
1532.734,-2.01034640261666,-2
1534.189,-1.98912773851586,-2
1534.693,-2.01073044620037,-2
1536,-2.00984479982268,-2
1536.136,-1.98831350614912,-2
1538.552,-2.00976932571138,-2
1539.074,-1.98864556853082,-2
1540.103,-1.98784192934081,-2
1540.554,-2.01022122066784,-2
1542.97,-1.9888162557586,-2
1543.464,-2.01087888378969,-2
1544.385,-2.01015974286546,-2
1544.899,-1.98918535511604,-2
1546.896,-1.98823195504623,-2
1547.337,-2.00907265395257,-2
1549.326,-2.00987863707538,-2
1549.85,-1.98829086214528,-2
1550,-1.98829086214528,-2
1551.254,-2.00979254047446,-2
1552,-1.98918666770307,-2
1553.268,-2.01154702667975,-2
1554.178,-2.01005321088403,-2
1554.694,-1.98852286289585,-2
1556.195,-2.01157654217243,-2
1557.607,-1.98898595716886,-2
1558.059,-2.00991341282336,-2
1559.57,-1.98839393302634,-2
1560.538,-1.98865992386234,-2
1561.98,-2.01026482453404,-2
1562,-2.01026482453404,-2
1562.476,-1.98903151048513,-2
1564,-2.01003915842614,-2
1565.396,-1.98838056707784,-2
1567.325,-1.98892995329019,-2
1567.8,-2.01122033721926,-2
1568.234,-1.99007276825055,-2
1568.752,-2.01193604676012,-2
1570,-2.01104594905876,-2
1571.121,-1.98894001648922,-2
1572.534,-2.00978416980747,-2
1573.083,-1.98822815439779,-2
1574.051,-1.98866422495117,-2
1575.61,-2.0110485035658,-2
1576.509,-2.01034432099219,-2
1577.99,-1.98894998571412,-2
1578.437,-2.00962515375251,-2
1578.96,-1.98888213497756,-2
1580,-1.98902039264139,-2
1581.404,-2.01042741630624,-2
1582.358,-2.00999250532778,-2
1583.853,-1.98818492585848,-2
1584,-1.98818492585848,-2
1585.298,-2.01044343039513,-2
1586.211,-2.01013058516864,-2
1586.722,-1.98871543181057,-2
1588.143,-2.00999703221776,-2
1589.666,-1.98834365212706,-2
1590,-1.98834365212706,-2
1590.117,-2.0100164588013,-2
1592.614,-1.98846892874392,-2
1593.063,-2.01095195201051,-2
1594,-2.00985131820301,-2
1595.502,-1.98789438999895,-2
1596.452,-1.98877548449054,-2
1596.906,-2.01019319698189,-2
1598,-2.00980946634165,-2
1599.42,-1.98790402971972,-2
1600.394,-1.98851295649155,-2
1601.816,-2.0107611513225,-2
1602,-2.0107611513225,-2
1603.259,-1.9890254369841,-2
1604,-2.0097614820813,-2
1604.236,-1.98830047971111,-2
1606.162,-1.98910339663618,-2
1606.626,-2.00985858633375,-2
1609.163,-1.98881706982244,-2
1609.626,-2.00986384338835,-2
1610,-2.00986384338835,-2
1610.152,-1.98830850466522,-2
1612.127,-1.98880031769387,-2
1612.587,-2.01058961648814,-2
1614.026,-1.98876993941884,-2
1614.477,-2.00980003845009,-2
1616.472,-2.01024897473513,-2
1617.946,-1.98832038033642,-2
1618,-1.98832038033642,-2
1619.347,-2.00956007350696,-2
1620.326,-2.00946086352063,-2
1621.876,-1.98838931325901,-2
1622,-1.98838931325901,-2
1622.316,-2.00992083320713,-2
1624.258,-2.01054856865189,-2
1624.734,-1.98879522320587,-2
1626,-1.98948288889937,-2
1627.136,-2.01096672866807,-2
1628.047,-2.01080464336753,-2
1629.509,-1.98904428175276,-2
1630.437,-1.98966898471669,-2
1631.881,-2.01124452283439,-2
1632,-2.01124452283439,-2
1633.305,-1.98923107177825,-2
1634.288,-1.9890577438582,-2
1635.713,-2.01112615480042,-2
1636,-2.01112615480042,-2
1637.192,-1.98911408703071,-2
1638,-2.01029981857061,-2
1639.159,-1.98832841679677,-2
1640.125,-1.9886727210766,-2
1641.563,-2.01007877933167,-2
1643.045,-1.98905419428516,-2
1643.5,-2.01010659127427,-2
1644.528,-2.01091683069468,-2
1645.993,-1.98891108916259,-2
1646,-1.98891108916259,-2
1646.45,-2.00988460769782,-2
1648.414,-2.00936238044101,-2
1648.985,-1.98795172219229,-2
1650.963,-1.98814154885222,-2
1651.414,-2.01022009663605,-2
1652.864,-1.98913985966587,-2
1653.344,-2.01045337856896,-2
1654.357,-2.01111560709508,-2
1655.792,-1.98897645025151,-2
1656.262,-2.00988692219067,-2
1657.754,-1.988939772427,-2
1658.746,-1.98880401043623,-2
1659.2,-2.01006166868059,-2
1660.183,-2.01077541894278,-2
1661.617,-1.98888392695963,-2
1662.086,-2.01035137040443,-2
1663.552,-1.98876578437734,-2
1664.007,-2.00978002355723,-2
1665.51,-1.98852495049956,-2
1666.941,-2.00983854682109,-2
1667.467,-1.98836820136189,-2
1668.434,-1.98867356590663,-2
1668.874,-2.00970533143386,-2
1670.372,-1.9888922752606,-2
1670.839,-2.0104905450085,-2
1672.307,-1.98937840246763,-2
1672.797,-2.01049264572924,-2
1674.737,-2.01040826620723,-2
1675.229,-1.98924393299404,-2
1677.177,-1.98922975124864,-2
1677.651,-2.01061244983992,-2
1678,-2.01061236918768,-2
1679.101,-1.98877823205713,-2
1680.536,-2.01020065393165,-2
1681.027,-1.98928636141932,-2
1682.027,-1.98852923520829,-2
1683.467,-2.01031420004527,-2
1684.416,-2.00960174415439,-2
1685.961,-1.9888269778073,-2
1686.947,-1.98869997539105,-2
1687.412,-2.01012876363243,-2
1688.397,-2.0105498855404,-2
1689.886,-1.98840016630433,-2
1690.324,-2.00929638038368,-2
1691.864,-1.98786732900688,-2
1692,-1.98786732900688,-2
1692.283,-2.0089450414446,-2
1694,-1.98823878526861,-2
1695.303,-2.01009968191556,-2
1696.294,-2.01091132013327,-2
1697.74,-1.98887220564544,-2
1698.187,-2.00967976040537,-2
1699.678,-1.98860799271731,-2
1700.699,-1.9880953836464,-2
1701.136,-2.00916342803598,-2
1702,-1.98850719816666,-2
1703.082,-2.0108597825545,-2
1704.032,-2.0104307611502,-2
1704.522,-1.98875819385974,-2
1706.49,-1.98845737594234,-2
1706.947,-2.00997158001952,-2
1708,-2.00995764340756,-2
1709.413,-1.98848936688823,-2
1710.361,-1.98885512962838,-2
1710.845,-2.01191421100928,-2
1712,-2.01142801118172,-2
1713.24,-1.98968156282075,-2
1715.2,-1.98875167096458,-2
1715.674,-2.0105465826174,-2
1716,-2.0105465826174,-2
1717.111,-1.98916279186987,-2
1718.143,-1.98840196055827,-2
1719.572,-2.0103615837407,-2
1721.09,-1.98805885310096,-2
1721.512,-2.00925996482302,-2
1722.055,-1.98854327707599,-2
1722.488,-2.00984924181593,-2
1724.98,-1.98836032916584,-2
1725.459,-2.01022462095134,-2
1726.365,-2.00978403680109,-2
1726.886,-1.98870938023832,-2
1728.815,-1.98869676822558,-2
1729.275,-2.0106360494181,-2
1730,-1.98882618923593,-2
1731.189,-2.0103943630664,-2
1732.197,-2.01104630824876,-2
1733.682,-1.98967417211797,-2
1734.153,-2.00998708315723,-2
1735.698,-1.98788992026645,-2
1737.124,-2.00898412354063,-2
1737.694,-1.9876999539003,-2
1738,-1.98770337869173,-2
1739.137,-2.00890340716322,-2
1740.706,-1.98819670862661,-2
1741.149,-2.00970499703707,-2
1742,-1.98867349638608,-2
1743.112,-2.01012172771423,-2
1744,-1.98905682878662,-2
1745.054,-2.01050261204651,-2
1746.025,-2.01077654976878,-2
1747.47,-1.98850529215188,-2
1748,-2.0097868004278,-2
1748.439,-1.98848862290991,-2
1750,-2.00949704533466,-3
1750.15,-3.23768821752467,-3
1752.135,-2.98232644371763,-3
1753.569,-3.01502502135968,-3
1755.412,-3.01528781270305,-3
1755.896,-2.98198094636248,-3
1756,-2.98198094636248,-3
1756.305,-3.01448299197945,-3
1758,-2.98240975666777,-3
1759.108,-3.01484415856987,-3
1760.042,-3.01535033468292,-3
1761.467,-2.98131854824652,-3
1762.382,-2.98245903214015,-3
1763.758,-3.01508833702834,-3
1764.241,-2.98298882125637,-3
1765.632,-3.01555861303595,-3
1766,-3.01552867529246,-3
1767.98,-2.98263836989459,-3
1768.412,-3.0141768301434,-3
1768.931,-2.9815774505477,-3
1770.283,-3.01446743849474,-3
1771.712,-2.98194912559115,-3
1772,-2.98194912559115,-3
1772.133,-3.01456020398055,-3
1774.516,-2.98273330774729,-3
1774.954,-3.01480415131759,-3
1776.401,-2.98313845472091,-3
1776.871,-3.01535956419553,-3
1778.764,-3.01431237811005,-3
1779.262,-2.98186339090579,-3
1781.121,-2.98184914655155,-3
1781.541,-3.01447587420173,-3
1783.005,-2.98183335807838,-3
1783.422,-3.01431381435799,-3
1784,-2.9818890825848,-3
1784.342,-3.01449086700995,-3
1786.237,-3.01474977793035,-3
1787.678,-2.98224418319393,-3
1788.61,-2.98250312795718,-3
1789.999,-3.01537707535724,-3
1790.005,-3.01551140042823,-3
1790.46,-2.98313731168954,-3
1792,-3.01498124165551,-3
1792.362,-2.98215375294174,-3
1794.269,-2.98176341783717,-3
1795.62,-3.01460985460539,-3
1797.092,-2.98255505438609,-3
1797.529,-3.01498864176236,-3
1798.418,-3.01402176799498,-3
1798.948,-2.98195100649016,-3
1800.869,-2.98272216327796,-3
1801.329,-3.01528877692243,-3
1803.197,-3.01514638734639,-3
1803.673,-2.98268934872334,-3
1804.107,-3.01508446394318,-3
1804.586,-2.9823395003846,-3
1807.434,-2.98232536511065,-3
1807.875,-3.0144539469023,-3
1808.357,-2.98308040051807,-3
1809.776,-3.01481922000739,-3
1810.725,-3.01566675350054,-3
1811.194,-2.98287297180696,-3
1812,-3.01484080786435,-3
1813.063,-2.98189543871714,-3
1814.4,-3.01416728147908,-3
1814.925,-2.98155764008479,-3
1816.816,-2.98189782627585,-3
1817.232,-3.0145437270616,-3
1818.634,-2.98210790310027,-3
1819.047,-3.01474209790225,-3
1820.484,-2.98275972971435,-3
1820.918,-3.01499642422781,-3
1822.382,-2.98210345063629,-3
1823.744,-3.01432546192129,-3
1824.271,-2.9818953011166,-3
1824.694,-3.01455448801229,-3
1826.125,-2.98238067972562,-3
1826.553,-3.01446444584655,-3
1828.938,-2.98293907934625,-3
1829.38,-3.01524123354803,-3
1830.308,-3.01433917760245,-3
1831.784,-2.9815561927922,-3
1832,-2.9815561927922,-3
1833.147,-3.01443054210773,-3
1834.083,-3.01428791091348,-3
1835.553,-2.98151627096445,-3
1836.482,-2.9822829489706,-3
1837.827,-3.01521321176199,-3
1838,-3.01521321176199,-3
1838.307,-2.98265503516332,-3
1840.62,-3.01455595176441,-3
1841.142,-2.98260000867602,-3
1842.086,-2.98273773477402,-3
1843.495,-3.01553452551688,-3
1845.336,-3.01540106662075,-3
1845.808,-2.9824388964126,-3
1846,-2.9824388964126,-3
1846.245,-3.01488245687996,-3
1848.099,-3.01496399503874,-3
1849.539,-2.9823595507926,-3
1850.498,-2.98205296353232,-3
1851.882,-3.01536791745383,-3
1852,-3.01536791745383,-3
1853.307,-2.98220253877272,-3
1854.241,-2.98198948988649,-3
1855.612,-3.01401394281263,-3
1856.575,-3.01448202960978,-3
1857.082,-2.98204962385078,-3
1858.02,-2.98222505286572,-3
1858.456,-3.01478939838963,-3
1860.837,-2.9820025166812,-3
1861.262,-3.01430806224446,-3
1862.719,-2.98262790496992,-3
1863.173,-3.01505707274689,-3
1865.506,-2.98267154601329,-3
1865.945,-3.01505824531372,-3
1866,-3.01505824531372,-3
1866.427,-2.98216100441061,-3
1868.746,-3.0151684777331,-3
1869.233,-2.98240297651905,-3
1870,-3.01460418774878,-3
1870.148,-2.98229920814624,-3
1872.451,-3.01473446389493,-3
1873.9,-2.98125654635571,-3
1874,-2.98125654635571,-3
1875.278,-3.01475995431778,-3
1876.211,-3.01473506450766,-3
1877.686,-2.98175873883269,-3
1878.621,-2.98226947201004,-3
1879.046,-3.01459979772065,-3
1880.504,-2.98193649744434,-3
1880.917,-3.01445873798595,-3
1882.372,-2.9821060496215,-3
1882.799,-3.01435145673699,-3
1884.236,-2.9824817214575,-3
1884.66,-3.01498296615832,-3
1886.552,-3.01490018704476,-3
1887.963,-2.98274139364513,-3
1888,-2.98274139364513,-3
1889.332,-3.01519991267481,-3
1890.777,-2.98231763431322,-3
1891.204,-3.01478066845613,-3
1892.142,-3.01530730132152,-3
1893.559,-2.98285180036732,-3
1894.006,-3.01444469748312,-3
1894.519,-2.98186857730425,-3
1896.384,-2.98325853554311,-3
1896.848,-3.01546498897142,-3
1898,-3.01486797623607,-3
1898.272,-2.98215675506354,-3
1900.551,-3.01455390583171,-3
1901.073,-2.98168368150259,-3
1902.002,-2.98207030298636,-3
1902.437,-3.01447305748507,-3
1904.325,-3.01541585261559,-3
1905.716,-2.98247254882899,-3
1906.667,-2.98161880953523,-3
1907.084,-3.01437282479264,-3
1908.019,-3.01515216059347,-3
1909.441,-2.98298514639039,-3
1910.844,-3.01519335541817,-3
1911.322,-2.98290156269358,-3
1912.255,-2.98343344799235,-3
1912.74,-3.01587226188451,-3
1914.583,-3.01504846914645,-3
1915.999,-2.98232860928872,-3
1916.015,-2.98159505033804,-3
1916.43,-3.01445669394125,-3
1918.299,-3.01445075571987,-3
1919.775,-2.98215433133353,-3
1920.205,-3.01437139131006,-3
1920.712,-2.98200657828587,-3
1922.611,-2.98161158744283,-3
1923.952,-3.01448691451157,-3
1924.473,-2.98216824314253,-3
1925.812,-3.0148641677018,-3
1927.258,-2.98273723022493,-3
1927.697,-3.01507298627062,-3
1928,-3.01507298627062,-3
1929.113,-2.98196708488625,-3
1930.027,-2.98198460931429,-3
1930.439,-3.01457638000846,-3
1932.851,-2.98203574809921,-3
1933.266,-3.01397639021418,-3
1934.747,-2.98154168123648,-3
1935.155,-3.01431248271167,-3
1937.027,-3.01563815597509,-3
1937.496,-2.98284041111092,-3
1938.409,-2.9830607115177,-3
1938.862,-3.01564179319888,-3
1940,-3.01479795465087,-3
1941.213,-2.9823118595901,-3
1942.168,-2.98228512907005,-3
1943.585,-3.01480342491846,-3
1944.088,-2.98291041710718,-3
1944.528,-3.0149869771875,-3
1946.371,-3.01467548801366,-3
1946.887,-2.98202174534274,-3
1948.799,-2.98199507975126,-3
1949.221,-3.01411283723239,-3
1950.672,-2.98228141542833,-3
1951.12,-3.01453801258345,-3
1952.075,-3.01557599623427,-3
1952.549,-2.98231984329168,-3
1955.331,-2.98264720833217,-3
1955.777,-3.01505957983184,-3
1956.266,-2.98290870863876,-3
1956.703,-3.01529008524305,-3
1958,-3.0148392755105,-3
1959.052,-2.98232909851172,-3
1960.959,-2.98155113048582,-3
1961.38,-3.01435117565994,-3
1962.306,-3.01498443100636,-3
1962.8,-2.98242962165122,-3
1964.162,-3.01411186106682,-3
1964.684,-2.98174060162304,-3
1967.551,-2.9825467248427,-3
1967.976,-3.01494961148506,-3
1969.409,-2.98285163219519,-3
1969.85,-3.01516732694577,-3
1970,-3.01516732694577,-3
1970.329,-2.98308388177576,-3
1972,-3.01490547379556,-3
1973.16,-2.98280738340608,-3
1974.555,-3.01461729330544,-3
1975.999,-2.98196939656231,-3
1976,-2.98195991862197,-3
1977.361,-3.01491537831224,-3
1978.297,-3.01495018089007,-3
1978.785,-2.98228805440833,-3
1980.683,-2.98187985104332,-3
1981.106,-3.0141039025398,-3
1982.978,-3.01505170594949,-3
1983.464,-2.98235189768246,-3
1984,-3.0148285038399,-3
1985.319,-2.98256629868219,-3
1987.207,-2.98275784217866,-3
1987.638,-3.01501424359672,-3
1988,-3.01501424359672,-3
1988.129,-2.98206863958173,-3
1990.037,-2.98226437558619,-3
1990.469,-3.01497027037914,-3
1992.315,-3.01425862385261,-3
1993.783,-2.98127835469572,-3
1994,-2.98127835469572,-3
1995.113,-3.01460155169929,-3
1996.583,-2.98231509760597,-3
1997.003,-3.01485612972104,-3
1998.849,-3.01456450305883,-3
1999.364,-2.98205657572988,-3
2000,-3.01420199986628,-2
2000.162,-1.7118115376329,-2
2002.366,-2.01422459920473,-2
2003.764,-1.99080008699578,-2
2004.799,-1.98941270052344,-2
2005.305,-2.011014026857,-2
2006.243,-2.01069899630482,-2
2007.728,-1.98869648571864,-2
2008.692,-1.98851810896475,-2
2009.139,-2.00992623057788,-2
2010.117,-2.01054323089592,-2
2011.57,-1.98912117119623,-2
2012.56,-1.98860543285664,-2
2013.983,-2.01031545198417,-2
2014,-2.01031545198417,-2
2015.462,-1.98816410358337,-2
2017.457,-1.98806469418676,-2
2017.898,-2.00944360043305,-2
2018,-2.00944360043305,-2
2018.458,-1.98805327236247,-2
2020.421,-1.98833860109828,-2
2020.852,-2.00968573833591,-2
2022.377,-1.9885243554042,-2
2022.842,-2.01100745402834,-2
2024.727,-2.01044796229973,-2
2025.229,-1.98933236350707,-2
2027.17,-1.98866169774769,-2
2027.632,-2.01052662327248,-2
2028,-2.01038922272715,-2
2029.109,-1.98884961469293,-2
2030.095,-1.98848749610139,-2
2030.545,-2.01049703108218,-2
2032.453,-2.00993024247311,-2
2033.965,-1.98790558728623,-2
2034.962,-1.98745743952455,-2
2035.424,-2.00953513984919,-2
2037.354,-2.01045536618074,-2
2037.843,-1.98895143394784,-2
2038.295,-2.00970123978573,-2
2038.817,-1.98884890901002,-2
2040.758,-1.98884336506261,-2
2041.21,-2.01009184964965,-2
2042.181,-2.01001560859934,-2
2043.663,-1.98852609694994,-2
2044.099,-2.00937220955156,-2
2045.679,-1.98805018031512,-2
2046,-1.98808317338274,-2
2047.094,-2.01027406563062,-2
2049.065,-2.01111744781016,-2
2049.541,-1.98935754395346,-2
2051.498,-1.98934624816706,-2
2051.992,-2.01063128207629,-2
2052.959,-2.01065712407906,-2
2053.439,-1.98902720926771,-2
2054.439,-1.98879771462125,-2
2055.872,-2.01000268977603,-2
2056,-2.01000268977603,-2
2057.41,-1.98767204806828,-2
2058.383,-1.98817442757497,-2
2058.831,-2.01006167703241,-2
2060.292,-1.98907405764859,-2
2061.823,-2.011573665535,-2
2062,-2.011573665535,-2
2063.235,-1.98936987524405,-2
2064,-2.00996313427187,-2
2065.201,-1.98878071100896,-2
2066.183,-1.98872587433962,-2
2067.61,-2.01019443178986,-2
2068,-2.01018744376418,-2
2069.082,-1.98879716088554,-2
2070.507,-2.00989273219384,-2
2071.017,-1.98884852562199,-2
2072.019,-1.98795380544554,-2
2072.442,-2.009186976315,-2
2074,-1.98867384537771,-2
2075.413,-2.00979397428813,-2
2076.426,-2.01007543134069,-2
2077.943,-1.98821649392403,-2
2078,-1.98821649392403,-2
2079.347,-2.00962915460346,-2
2080.86,-1.98862145126837,-2
2081.315,-2.01031345191103,-2
2083.27,-2.00930508657865,-2
2083.823,-1.98801203838172,-2
2084,-1.98801203838172,-2
2085.257,-2.01017431688447,-2
2086.203,-2.00998222681024,-2
2087.708,-1.98815371326644,-2
2088,-1.98815371326644,-2
2089.136,-2.01037266383077,-2
2090.591,-1.98843970429676,-2
2091.047,-2.00979442382864,-2
2092.03,-2.01085659281462,-2
2093.491,-1.98935071822941,-2
2094.493,-1.98904721886943,-2
2094.953,-2.00996261652275,-2
2096.991,-2.01150693316564,-2
2097.427,-1.99006377816158,-2
2098,-2.01046162650345,-2
2099.381,-1.98879922440614,-2
2100.369,-1.988744094418,-2
2101.791,-2.00984007127627,-2
2102,-2.00984007127627,-2
2102.312,-1.98832542276235,-2
2104.716,-2.01003441234136,-2
2105.224,-1.98908270094955,-2
2106,-2.00991779118752,-2
2107.178,-1.98868879016738,-2
2108,-2.00921316737093,-2
2109.185,-1.98802342979284,-2
2110.171,-1.98813962564182,-2
2111.621,-2.00963569469381,-2
2112.611,-2.0102768464916,-2
2113.126,-1.9885901075737,-2
2114.096,-1.98878320019001,-2
2114.543,-2.01023941387861,-2
2116.049,-1.9890988057871,-2
2116.511,-2.01008965703019,-2
2119,-1.98903398555099,-2
2119.463,-2.01070347072768,-2
2120.448,-2.01091778889709,-2
2121.857,-1.98857885735899,-2
2122.302,-2.00960112533843,-2
2122.819,-1.98855748818812,-2
2124.231,-2.0098303964274,-2
2124.753,-1.98823992413042,-2
2127.157,-2.00990516459962,-2
2127.696,-1.98830825925926,-2
2129.151,-2.00940739923657,-2
2129.689,-1.98798336314931,-2
2130,-1.98798552154535,-2
2131.096,-2.00939776117768,-2
2132,-1.98879144274645,-2
2133.118,-2.0105182773396,-2
2134.054,-2.0107787932223,-2
2135.511,-1.98916302474266,-2
2136.495,-1.98893086561035,-2
2136.973,-2.01039335882237,-2
2138,-2.00994015884447,-2
2138.428,-1.98882674930194,-2
2140,-2.00987111953278,-2
2141.357,-1.98897509108101,-2
2142,-2.0098466257295,-2
2143.322,-1.98879336268509,-2
2144.307,-1.98845983239807,-2
2144.754,-2.00929937423807,-2
2146.29,-1.9882868045839,-2
2147.76,-2.00995894228662,-2
2148,-2.00995894228662,-2
2149.264,-1.98844655888858,-2
2150.676,-2.00939569554896,-2
2151.227,-1.98836431213043,-2
2153.199,-1.98866040951015,-2
2153.659,-2.00998239433961,-2
2154,-2.00998239433961,-2
2155.158,-1.98901889362305,-2
2156.638,-2.00983288049692,-2
2157.148,-1.98875800958446,-2
2159.104,-1.98846155655762,-2
2159.55,-2.00994867673178,-2
2160.067,-1.98879735976561,-2
2160.549,-2.01048653852007,-2
2162.018,-1.98823649452514,-2
2162.47,-2.0097780328954,-2
2164,-1.98828991952514,-2
2165.453,-2.0102299740322,-2
2166.48,-2.01081779798384,-2
2167.88,-1.98910996098572,-2
2168.861,-1.98900638489767,-2
2169.331,-2.0105763015718,-2
2170.286,-2.01078987953332,-2
2171.774,-1.98871567182558,-2
2172,-1.98871567182558,-2
2173.207,-2.01010997548735,-2
2174.175,-2.00966691951839,-2
2174.694,-1.98880501894061,-2
2176,-1.98903765431898,-2
2176.202,-2.01088397069743,-2
2178.129,-2.01013595047056,-2
2178.635,-1.98882886852612,-2
2180.045,-2.00935654920274,-2
2181.597,-1.98776478987273,-2
2182.572,-1.98814688909802,-2
2183.997,-2.00938822323918,-2
2184.531,-1.98851500941804,-2
2184.974,-2.00961641301192,-2
2186.479,-1.98858005980866,-2
2187.926,-2.0108544570714,-2
2188.357,-1.98979750022463,-2
2188.854,-2.01103457479958,-2
2190,-2.01043670570676,-2
2191.275,-1.98858666341719,-2
2192,-2.010119437165,-2
2192.235,-1.988493300958,-2
2194.655,-2.00988277709351,-2
2195.18,-1.98832383016906,-2
2196.154,-1.98841947925553,-2
2197.601,-2.01118146732482,-2
2198.568,-2.010911829854,-2
2198.998,-1.98945558440047,-2
2200.45,-2.01057681954884,-2
2200.922,-1.98954904363632,-2
2202.91,-1.98913108894157,-2
2203.419,-2.01089298512413,-2
2204.423,-2.01141646155457,-2
2205.887,-1.9884655153261,-2
2206,-1.9884655153261,-2
2207.31,-2.01010345888273,-2
2208,-1.98896740613245,-2
2209.24,-2.01017891219494,-2
2210.205,-2.01045752365853,-2
2211.668,-1.98910550474427,-2
2212.155,-2.01056994856323,-2
2213.632,-1.9887729482737,-2
2214.603,-1.98895037565888,-2
2215.084,-2.01059745948753,-2
2216.059,-2.01081521851363,-2
2217.52,-1.98929606999999,-2
2218.007,-2.0105003582399,-2
2218.497,-1.98927053060575,-2
2220.914,-2.01043198776862,-2
2221.407,-1.98904998798528,-2
2222,-2.01003944623717,-2
2222.383,-1.98846110266264,-2
2225.287,-1.98901467642758,-2
2225.763,-2.01095087296305,-2
2226.217,-1.98960905355021,-2
2226.729,-2.01095311820859,-2
2228,-2.01082169308506,-2
2229.099,-1.98938437944086,-2
2230,-2.01019118348691,-2
2231.081,-1.98897845311479,-2
2232.072,-1.98920116926653,-2
2233.55,-2.0104671819915,-2
2234.574,-2.01087608134527,-2
2235.06,-1.98895489201368,-2
2236.002,-1.98893672834231,-2
2237.465,-2.01026073610442,-2
2238.447,-2.01064121680374,-2
2239.899,-1.98877741168008,-2
2240.887,-1.98861057638541,-2
2241.358,-2.01027213827802,-2
2242.323,-2.01013135884981,-2
2243.823,-1.98884382287748,-2
2244.826,-1.98831866212515,-2
2245.276,-2.01010190273512,-2
2246.21,-2.0096218843019,-2
2246.741,-1.98842901932181,-2
2248,-1.98876328977051,-2
2249.147,-2.01042953142706,-2
2250,-1.98908047010474,-3
2250.15,-3.24741767723915,-3
2252.168,-3.01765712867678,-3
2253.525,-2.9814353615279,-3
2254.463,-2.98180997869743,-3
2255.819,-3.0148353611379,-3
2257.28,-2.98243757956906,-3
2257.739,-3.01533511574547,-3
2258.207,-2.98316867558448,-3
2258.663,-3.0155832926544,-3
2261.009,-2.98258236055044,-3
2261.444,-3.01468677210097,-3
2262.375,-3.01417029196775,-3
2263.87,-2.98206935312292,-3
2264,-2.98206935312292,-3
2265.236,-3.01441102319277,-3
2266.659,-2.9824910362304,-3
2267.094,-3.0153317742989,-3
2268,-3.01381226273565,-3
2269.512,-2.98150818386918,-3
2270.457,-2.98126430785555,-3
2270.855,-3.01400635693507,-3
2273.227,-2.98169821143028,-3
2273.637,-3.01442854740002,-3
2274.141,-2.98191745313514,-3
2275.495,-3.01520530171307,-3
2276.398,-3.01452927843757,-3
2277.867,-2.98257831245829,-3
2278.839,-2.98202311129726,-3
2279.267,-3.0146217010537,-3
2281.144,-3.0137594992029,-3
2281.679,-2.98189665879423,-3
2282.636,-2.98209064151303,-3
2283.064,-3.01467163279007,-3
2284.534,-2.98257598118991,-3
2285.938,-3.01515435904565,-3
2286.869,-3.01527138677679,-3
2287.345,-2.98231984608756,-3
2288.254,-2.98325073166013,-3
2288.719,-3.01550456490136,-3
2290.612,-3.01539963891616,-3
2291.097,-2.98300668749476,-3
2292.979,-2.98257726245973,-3
2293.411,-3.01503276817142,-3
2294.33,-3.01424375298975,-3
2294.852,-2.98155271947861,-3
2296,-2.9820517434447,-3
2296.24,-3.01466378430252,-3
2298,-2.98228732672656,-3
2298.107,-3.01477291854836,-3
2300.496,-2.98288359225038,-3
2300.934,-3.01486741412198,-3
2303.321,-2.98269629315142,-3
2303.761,-3.01507303470694,-3
2304,-3.01507303470694,-3
2305.176,-2.98224053021974,-3
2306.524,-3.01470445071298,-3
2307.977,-2.98154541158422,-3
2308,-2.98154541158422,-3
2309.361,-3.01330656068638,-3
2310,-2.98185729981361,-3
2311.288,-3.01491489115551,-3
2312.193,-3.01451773297461,-3
2312.712,-2.98206619578787,-3
2314.594,-2.98179784861594,-3
2315.944,-3.0147207178669,-3
2316,-3.0147207178669,-3
2317.425,-2.98216217432983,-3
2318,-3.01413300119936,-3
2318.363,-2.98164838222367,-3
2320.26,-2.98229594154906,-3
2321.63,-3.01493993455691,-3
2322.106,-2.98300706112152,-3
2323.516,-3.0154863468348,-3
2324.44,-3.01522726785071,-3
2324.921,-2.98243480029193,-3
2326.28,-3.01543589895893,-3
2326.778,-2.98324229573612,-3
2328.172,-3.01548095119658,-3
2329.62,-2.98191377063388,-3
2330.526,-2.9828224176857,-3
2330.98,-3.01487292436533,-3
2332,-3.01432537366645,-3
2333.364,-2.98213230813358,-3
2334.305,-2.98180849364035,-3
2334.716,-3.01447855956834,-3
2336.167,-2.98236707735607,-3
2336.594,-3.01479233624177,-3
2338.43,-3.01394376960149,-3
2338.96,-2.98146817055345,-3
2340,-2.98197969393039,-3
2340.326,-3.01462466520327,-3
2342.226,-3.01444164074568,-3
2343.678,-2.98170826063665,-3
2345.555,-2.9824524537005,-3
2345.995,-3.01534339079304,-3
2346,-3.01534339079304,-3
2347.408,-2.98273918559146,-3
2348,-3.0149927650433,-3
2349.288,-2.98183066483912,-3
2350.233,-2.98205110545866,-3
2351.604,-3.0147598525417,-3
2353.041,-2.98286822807223,-3
2353.48,-3.01513084407388,-3
2354.419,-3.0155848063321,-3
2355.814,-2.98302277762662,-3
2356.254,-3.01478506063623,-3
2357.698,-2.98261943250163,-3
2358.641,-2.98187136686412,-3
2359.993,-3.01497940526121,-3
2360,-3.01497940526121,-3
2361.446,-2.98209760654909,-3
2362.372,-2.98275186471996,-3
2362.825,-3.01464858836613,-3
2364.731,-3.0155949278041,-3
2365.207,-2.9825722327657,-3
2366.126,-2.98220431994539,-3
2366.55,-3.01448178193418,-3
2368.427,-3.01476038648482,-3
2368.934,-2.98171961125905,-3
2370.801,-2.9824524483951,-3
2371.226,-3.01488688067667,-3
2372.158,-3.01522557525246,-3
2373.601,-2.98259962341205,-3
2374.043,-3.0145658324365,-3
2375.483,-2.98199192668099,-3
2376.403,-2.98253858021191,-3
2377.792,-3.01501030676128,-3
2378.731,-3.01510002193005,-3
2379.24,-2.98299966857513,-3
2380.172,-2.98319003630198,-3
2380.636,-3.01539421789569,-3
2382.047,-2.98258457003261,-3
2383.421,-3.01486952021306,-3
2384.867,-2.98252001182567,-3
2385.286,-3.01453202601662,-3
2386.245,-3.01480789927236,-3
2387.677,-2.9821802073767,-3
2388,-2.98224882693062,-3
2389.984,-3.01511459735397,-3
2390.47,-2.98302859345052,-3
2391.838,-3.01540180197306,-3
2392,-3.01540180197306,-3
2393.251,-2.98276379523573,-3
2394.187,-2.98249206981783,-3
2394.628,-3.01463613351836,-3
2396.49,-3.0144058801894,-3
2397.004,-2.98246621642134,-3
2398.388,-3.01464730176962,-3
2398.882,-2.98210469901397,-3
2400.237,-3.01510878394231,-3
2401.652,-2.98270556742365,-3
2403.021,-3.01518705469252,-3
2403.527,-2.98191899826823,-3
2404,-3.01490184485123,-3
2405.353,-2.98229303403058,-3
2406.711,-3.01483329395959,-3
2407.203,-2.98282032971462,-3
2408,-3.01443101435643,-3
2409.102,-2.98244373749135,-3
2410.986,-2.9815882769531,-3
2411.402,-3.01404166304757,-3
2412,-2.98233296214553,-3
2413.297,-3.01542773315687,-3
2414.204,-3.01493921590148,-3
2415.631,-2.9819964135479,-3
2416.564,-2.98171257440603,-3
2417.93,-3.01395594971936,-3
2418.449,-2.98217939249439,-3
2419.829,-3.01490262856621,-3
2420,-3.01490262856621,-3
2420.321,-2.98237967970319,-3
2423.195,-2.98136553082083,-3
2423.607,-3.0142233613972,-3
2424,-3.01420691805452,-3
2424.111,-2.98162043952168,-3
2426,-2.98239231767256,-3
2426.422,-3.01524661626343,-3
2428.272,-3.01540384080981,-3
2428.773,-2.98309340536861,-3
2431.09,-3.0149642977499,-3
2431.57,-2.98237246124112,-3
2432.965,-3.01435995962761,-3
2433.468,-2.98189985716863,-3
2434.841,-3.01459421907191,-3
2435.364,-2.98261701249716,-3
2436.733,-3.01446884630876,-3
2437.238,-2.98177741367791,-3
2438.576,-3.0146040687785,-3
2439.081,-2.98179453995075,-3
2440.015,-2.98223129847649,-3
2441.365,-3.01472669426044,-3
2442.811,-2.98259951855615,-3
2443.25,-3.01466124417563,-3
2444.724,-2.98113617970471,-3
2445.137,-3.01365945968497,-3
2447.002,-3.01482857388259,-3
2447.482,-2.98247158419435,-3
2448.413,-2.98271348625695,-3
2449.788,-3.01531060630094,-3
2450,-3.01531060630094,-3
2451.216,-2.9829484704444,-3
2452.161,-2.98181777260298,-3
2453.504,-3.01492249175858,-3
2454.459,-3.01557061158449,-3
2455.877,-2.98278399612142,-3
2456,-2.98278399612142,-3
2456.337,-3.01511660732843,-3
2458.74,-2.9821302298565,-3
2459.173,-3.01443959754797,-3
2461.557,-2.98246057500836,-3
2461.984,-3.01491327799092,-3
2462,-3.01491327799092,-3
2463.406,-2.98257759693776,-3
2464.789,-3.01580274426059,-3
2465.255,-2.98318730236573,-3
2466.636,-3.01514259729138,-3
2467.117,-2.98326314573489,-3
2468.087,-2.98183550423255,-3
2469.443,-3.01468506967477,-3
2470.917,-2.98237757347676,-3
2471.343,-3.01451070375273,-3
2472.781,-2.98333507597627,-3
2473.218,-3.01563465812029,-3
2474.138,-3.01502561030841,-3
2475.576,-2.98238777796397,-3
2476,-3.01481430411387,-3
2476.483,-2.98306219442558,-3
2478.394,-2.98305835332057,-3
2478.849,-3.0149142708875,-3
2480,-3.01469295023146,-3
2481.25,-2.9823585883223,-3
2482.194,-2.98213147736283,-3
2483.564,-3.0151441544722,-3
2484.042,-2.98249306826793,-3
2484.46,-3.01483278022401,-3
2486.316,-3.01446374409813,-3
2487.776,-2.98256521234782,-3
2488,-2.98256521234782,-3
2489.141,-3.01513565052932,-3
2490.589,-2.98257204410752,-3
2491.032,-3.01524174816869,-3
2492,-3.01461858762322,-3
2492.446,-2.98200250068947,-3
2494.308,-2.98188941605243,-3
2494.72,-3.01449924262259,-3
2496,-3.01433412212639,-3
2496.167,-2.98168091883293,-3
2498.472,-3.01494888001404,-3
2499.904,-2.98183867517481,-3
2499.999,-2.98183867517481,-3
