t,v
0,0
2,0
4,0
6,0
8,0
10,0
12,0
14,0
16,0
18,0
20,0
22,0
24,0
26,0
28,0
30,0
32,0
34,0
36,0
38,0
40,0
42,0
44,0
46,0
48,0
50,0
52,0
54,0
56,0
58,0
60,0
62,0
64,0
66,0
68,0
70,0
72,0
74,0
76,0
78,0
80,0
82,0
84,0
86,0
88,0
90,0
92,0
94,0
96,0
98,0
100,0
102,0
104,0
106,0
108,0
110,0
112,0
114,0
116,0
118,0
120,0
122,0
124,0
126,0
128,0
130,0
132,0
134,0
136,0
138,0
140,0
142,0
144,0
146,0
148,0
150,0
152,0
154,0
156,0
158,0
160,0
162,0
164,0
166,0
168,0
170,0
172,0
174,0
176,0
178,0
180,0
182,0
184,0
186,0
188,0
190,0
192,0
194,0
196,0
198,0
200,0
202,0
204,0
206,0
208,0
210,0
212,0
214,0
216,0
218,0
220,0
222,0
224,0
226,0
228,0
230,0
232,0
234,0
236,0
238,0
240,0
242,0
244,0
246,0
248,0
251.432,0.748730489456931
251.947,-0.734812913916799
252.45,0.744160316845963
253.938,-0.739698206336321
255.064,-0.742360693018575
255.858,0.724560797142891
256.187,-0.744002672589834
257.178,0.731248769410975
258.666,0.728509013329246
258.966,-0.747857659411837
260,0
262.629,0.762524788122816
263.103,-0.743411583845706
265.096,-0.749919609554556
265.929,0.747746117974452
267.398,0.718040063838096
267.722,-0.752352017527147
268.856,0.719510034628187
269.17,-0.748529015620859
270.574,0.706946336688099
270.867,-0.756343515228797
273.603,0.75518657324426
273.921,-0.758735233823501
274.861,0.751704212353734
275.183,-0.76008490612334
276.644,-0.755277469008358
277.98,0.720197632621956
278.278,-0.755397387313586
279.75,0.694267040445788
281.138,0.76089845663871
281.449,-0.764096756769127
282.441,0.758381178369212
282.753,-0.757356593138419
284.425,0.680873834237889
284.711,-0.768351251869248
286,0
287.902,-0.758995572595017
288.331,0.77777833178474
288.821,-0.75901907931567
290.404,0.773586558720528
290.797,-0.769489527999712
292.97,-0.765352312471606
293.678,0.76409921266695
294.743,0.780166260286938
295.08,-0.763741579096261
296.929,0.769434584949332
297.282,-0.771118517413016
299.266,0.776123225471209
299.59,-0.776997459451655
300.741,-0.775666077570982
301.571,0.773636640029932
302.904,0.75910058224181
303.219,-0.772844248789143
305.653,0.759315354710692
305.976,-0.777992715603059
307.131,0.767818101940557
307.45,-0.777483355952551
309.663,0.770460152947812
309.975,-0.781425789700107
311.005,0.75545400944752
311.33,-0.787443934077877
312.759,-0.78257602899503
313.939,0.773115340179917
315.301,0.764456541242599
315.61,-0.780592734831502
316.931,0.743402953766922
317.24,-0.782980362900584
318.021,0.769836422479631
318.354,-0.783484858015219
320.83,-0.789042296192872
321.872,0.781691511326279
322.194,-0.789318478260494
322.976,0.779000799578593
325.106,0.78555096408339
325.458,-0.793031181774264
326.328,0.786067841133772
327.98,-0.79000835363434
328.793,0.778126037655079
329.126,-0.790100108125028
331.195,0.788256556814066
331.529,-0.791824084087691
332.435,0.796933703729197
332.77,-0.798133707680995
334.012,-0.796081120377903
335.813,0.801303598922981
337.23,-0.795723465399421
337.921,0.798959011042784
339.043,0.793984133082907
339.386,-0.802612978729732
341.247,0.805977128337719
341.61,-0.797167854169579
342.277,0.802250343027283
343.732,-0.800891832313905
344.524,0.797150122494595
344.857,-0.801355943049762
346.062,-0.80388068038467
347.086,0.795969545676588
348.262,0.802668516315381
348.608,-0.802182016660467
350.802,0.786965852380425
351.118,-0.804279854722187
353.577,0.796738274470801
353.881,-0.812997833364473
354.93,0.809396967259844
355.239,-0.810868085714114
357.647,0.809702603662092
357.959,-0.811207769024302
358.894,0.810280270896677
359.211,-0.809564305078164
361.43,0.81469744642226
361.743,-0.815111685929713
363.12,-0.812704211069649
363.997,0.815404513515691
365.255,0.806726597951362
365.573,-0.818830495865491
366.749,-0.820079532478492
367.537,0.818740859400178
368.82,0.823051150108617
369.132,-0.820691604493173
370.083,0.815433676289457
370.396,-0.821051846360412
372.665,0.827083638330191
372.987,-0.821391360602134
375.206,-0.823911779442715
375.957,0.827028039554509
377.054,0.823670265418081
377.397,-0.828775349211279
379.261,0.831932917865481
379.593,-0.827332932539687
381.521,0.82826293043226
381.845,-0.827536391689834
382.709,0.830072672541247
383.046,-0.826145482180741
384.926,0.83798340688693
385.265,-0.833780819857421
386.112,0.823179631445314
386.442,-0.829605060193933
388.978,-0.83357086743089
389.974,0.834269718637535
391.151,0.832110052695736
391.474,-0.839000577780834
392.416,0.829171416540285
393.978,-0.836380748067998
395.068,-0.83863940070243
395.783,0.844830561848064
396.13,-0.833955759724486
397.995,0.836668387111765
399.103,0.836821588354149
399.469,-0.837189212124944
400.566,-0.840855131345365
401.194,0.840953063315909
402.267,0.840154841808987
402.617,-0.841554824097207
404.804,-0.84721264930862
405.463,0.851330943836158
407.539,0.854053840932913
407.902,-0.843451717665175
408.625,0.844643717247341
408.972,-0.843712877040801
410.062,-0.845332242296633
410.835,0.852606871328119
412.274,-0.849476736027248
413.057,0.846482927109427
414.173,0.846789251003184
414.512,-0.849414166221385
417.372,0.85313430873777
417.719,-0.853235183449947
419.507,0.863046513400744
419.852,-0.853183018397812
420.897,-0.850132758652039
421.631,0.855208436810981
422.729,0.862948339706231
423.068,-0.852163385605456
424.194,-0.857970364736607
424.975,0.86043542847419
426.137,0.863100207333038
426.468,-0.860635220497046
428.351,0.865792221878654
429.791,-0.862362419817486
430.866,-0.863639340696057
431.637,0.868753059593409
433.084,-0.863927607052822
433.838,0.86950517698874
434.94,0.864866993747247
435.29,-0.865941136797344
437.057,0.87042706592015
437.427,-0.867139660694412
438.104,0.871161186353922
438.456,-0.866020061509449
440.56,-0.871041522961799
441.22,0.880766651922372
442.646,-0.870983802860348
443.307,0.872082390086293
444.368,0.873862699387403
445.803,-0.874078213387125
447.479,0.877087658094335
447.832,-0.875239530677273
449.623,0.881362447965768
449.975,-0.873458805042775
450.696,0.876592434177514
451.052,-0.873418772443793
452.869,0.88184452346018
453.216,-0.87627537702628
454.301,-0.876668131559147
455.988,0.883096157033527
457.047,0.890541864289324
457.416,-0.88420708093523
458.457,-0.883360381255293
459.115,0.887196437915118
460.156,0.885178315336567
461.568,-0.883413121201452
462.208,0.88496264233295
463.587,-0.884565217793239
465.254,0.895016910029534
465.617,-0.887371019019943
467.265,0.896668875595834
467.619,-0.886803079621203
469.301,0.896387036451621
469.674,-0.888835481261875
470.357,0.898013894357665
471.761,-0.888043944698951
472.781,-0.893553862051739
473.441,0.900996463797075
475.443,0.903440563577274
475.832,-0.897496708439694
476.822,-0.896415496961703
477.408,0.89807198353747
479.444,0.904139504881059
479.82,-0.897657978777858
481.44,0.90688924181348
481.801,-0.898299815201356
482.479,0.90767626304744
483.858,-0.897997802366524
484.934,-0.902686985480148
485.572,0.908955903569279
486.611,0.911482649690733
486.959,-0.904468087006154
489.549,0.915235648442245
489.908,-0.90588850503472
490.559,0.912281068603744
490.921,-0.909127836051983
492.502,0.91346208055342
492.876,-0.908974734161915
495.608,0.909866050056854
495.957,-0.912213761570813
496.608,0.918516189181928
497.954,-0.913504830384011
498.938,-0.915480965005778
499.604,0.915303284497056
500.967,-0.91170414773887
501.523,0.920123840422959
502.44,0.921943749446186
503.804,-0.910612585187035
505.208,0.925040539967091
505.647,-0.905760160833499
506.596,-0.908267442166202
507.087,0.925525153773007
509.364,-0.907823911304478
509.877,0.924176580075408
510.302,-0.905301470385262
511.748,0.924144797732876
512.177,-0.911470545220895
513.634,0.928394538150441
514.063,-0.907857327667085
515.493,0.922712176656049
517.373,0.926693303737065
517.815,-0.910248475391648
518.313,0.922607826728382
519.671,-0.908695233800787
520.174,0.923919814683949
521.527,-0.906004947217899
522.448,-0.905796968691103
523.876,0.925286432287275
524.819,0.925727200470566
525.252,-0.910645676735277
526.182,-0.907880833629114
527.617,0.920641548272468
528.047,-0.910685105206796
528.556,0.927256260210914
531.387,0.923731011181783
531.819,-0.907235334628205
532.309,0.925401669566237
533.675,-0.910997567475359
534.187,0.925977753909086
535.556,-0.913221573792555
537.42,-0.91149117541599
537.94,0.928252191971001
538.374,-0.908068601160324
539.843,0.924265945059224
540.761,0.926382734531701
541.176,-0.910146376420464
543.571,0.925531465478205
543.999,-0.909059159478963
544.51,0.923142643616168
545.877,-0.908694676385545
546.432,0.92533559775521
546.82,-0.912182142027902
548.744,-0.910854850966985
549.274,0.923421313732556
550.207,0.923158756563762
550.632,-0.911722564017159
552.507,-0.911969277492898
553.026,0.922664355419754
555.307,-0.910506602183812
555.838,0.922069075920033
556.236,-0.912054248308094
557.724,0.926975116818647
558.126,-0.912595140240992
558.673,0.921193281255603
560.522,0.923011172713132
561.9,-0.912732735338428
563.324,0.923576759894638
563.753,-0.910962054980397
564.242,0.923637589307158
564.656,-0.905244092439618
566.095,0.925750421943905
567.458,-0.907467696282349
569.335,-0.908669001940836
569.847,0.927197514447979
570.761,0.920676876604175
571.167,-0.906582944505256
573.548,0.925950897697938
573.962,-0.906306149660665
575.412,0.927365228184647
575.818,-0.910897541628353
577.257,0.919592118143394
577.69,-0.910230245907651
578.187,0.923525096911679
579.579,-0.912714160229088
580.098,0.922268351048106
580.495,-0.907784835218004
582.383,-0.910748924791016
583.837,0.926276565902292
585.224,-0.908493874350679
585.718,0.927757290045755
587.095,-0.910628985916577
587.611,0.921425069865129
588.04,-0.911011346273962
589.508,0.9274333579304
591.371,0.919368679069212
591.822,-0.908234925707397
592.348,0.926517272348564
593.666,-0.906748205499313
594.174,0.922951477248812
594.6,-0.911805257994669
596.035,0.923254389247418
596.457,-0.909685801427057
598.322,-0.906970604269202
598.825,0.921124742754368
600.18,-0.91022876373906
601.672,0.920672656951085
603.555,0.92195539849595
603.996,-0.906664977101642
604.895,-0.91172663228494
605.416,0.923364307654496
607.315,0.927114189498439
607.719,-0.905302396247938
609.184,0.922384312219227
609.581,-0.907815314211994
611.028,0.92441847387624
611.457,-0.908113189670058
612.396,-0.911192620198993
612.898,0.924086090994883
615.189,-0.907785259151761
615.714,0.922798715665607
616.677,0.925685531144343
617.072,-0.90972536067091
618.578,0.923539719053148
619.924,-0.910537784999716
621.341,0.92020524313078
621.75,-0.913238329449407
623.207,0.926053847925209
623.621,-0.909668349917637
625.055,0.921299013391556
625.483,-0.911298216747302
627.336,-0.909559266501158
627.882,0.92235354245832
629.283,-0.908997981744743
629.786,0.923760498390673
631.143,-0.910376340932921
631.68,0.923245257437639
633.51,0.919163643950527
633.942,-0.910404192695613
635.4,0.92581252018863
635.809,-0.906745626700091
636.316,0.926193252356663
637.71,-0.905569984402651
638.627,-0.908794010341955
639.147,0.92407649149324
640.096,0.926784556895581
640.496,-0.908847414916363
642.921,0.924063138366703
643.332,-0.911753485869664
644.275,-0.911339035287502
645.698,0.924426842503262
647.082,-0.909493903598913
647.591,0.922738355554082
649.504,0.922593566342989
649.928,-0.90953264072836
650.44,0.921743448637125
650.87,-0.910868208789447
652.752,-0.910233406213573
653.242,0.924755861001725
654.186,0.922646332783052
655.512,-0.909066220551287
657.394,-0.910746199039263
657.896,0.923565745683846
658.327,-0.907225484033225
658.817,0.924965951515243
660.181,-0.908924867905638
661.59,0.927048733270178
662.006,-0.909322402049807
663.468,0.928778841992996
664.404,0.922475876355066
664.834,-0.90777689269207
666.267,0.922360302077321
666.697,-0.911125839819283
669.081,0.928348935425443
669.51,-0.907663211034715
670.003,0.925244803193863
670.436,-0.907234947630163
673.245,-0.911914449295981
673.785,0.925132288707559
674.21,-0.912390154161009
675.662,0.927111086083495
677.532,0.925376237228579
677.95,-0.909527742759873
678.903,-0.90980002358938
679.406,0.922310939840462
680.777,-0.910575150640332
681.263,0.924934330338802
682.641,-0.909779598566324
683.134,0.922640452549534
684.524,-0.909984335487245
685.996,0.92931825693947
686.416,-0.910227782416472
687.851,0.923165384685363
688.806,0.923334038748761
689.232,-0.90933326493246
690.669,0.922287242030501
691.089,-0.909689375300529
692.571,0.923741386676962
693.002,-0.910673060467713
694.432,0.928831956103982
695.83,-0.905910208541828
696.332,0.923024110560649
697.694,-0.911580627404834
698.205,0.921015498261625
699.594,-0.90949459109001
700.11,0.928807450682912
701.49,-0.911397888052275
702.894,0.925485541503576
703.334,-0.909869490855758
704.793,0.924845758540556
705.221,-0.905624541703984
707.119,-0.910135819120409
707.659,0.921166476607002
708.079,-0.912796592509886
709.516,0.922014050470352
710.456,0.925322223002284
710.89,-0.904415502236872
712.758,-0.91046390131102
713.238,0.922734182117945
714.215,0.923655453073465
715.595,-0.910598136675985
716.096,0.928689086062184
716.511,-0.910065097824655
718.383,-0.905597828671806
719.808,0.927740695879038
721.181,-0.909132129504548
721.692,0.923284943113698
722.644,0.922324908188459
723.044,-0.90824835459828
724.003,-0.910748448510935
725.455,0.92379480088874
727.309,0.925307528513302
727.741,-0.910553656346485
728.249,0.924944895518369
728.681,-0.910605691261404
730.553,-0.910496541228744
731.075,0.925944530899819
732.946,0.922230653767352
733.37,-0.908966059178758
734.836,0.92496580402218
735.265,-0.904709135646824
736.712,0.928548850312768
737.128,-0.909985203778257
738.085,-0.910047683285123
739.509,0.927713376960324
740.438,0.920883414425166
740.859,-0.908888351621417
743.231,0.924145437590329
743.679,-0.910215976638047
744.148,0.923992615539959
745.487,-0.909327702908087
746.431,-0.909778110503246
747.923,0.924279301928428
749.309,-0.908789762746046
749.784,0.924123610631464
750.242,-0.907923944477763
751.626,0.925749881460779
752.145,-0.899667235789184
753.489,0.927232582119972
754.997,-0.901216275388249
755.419,0.927284601873152
756.408,0.924682174213043
756.945,-0.896629764188236
758.3,0.927470708490194
759.753,-0.893619023087797
760.173,0.922232240461696
760.694,-0.892387943952192
762.09,0.923638779646195
762.631,-0.894075254380418
765.484,-0.890487586324471
765.893,0.919789800258393
766.44,-0.889475462020167
766.854,0.921378263165882
768.761,0.915909771450569
769.309,-0.888739301231133
771.287,-0.886350940588413
771.691,0.919643824096243
772.678,0.915863357532183
773.238,-0.884672103118562
774.195,-0.885199270169064
774.601,0.913585952149714
776.546,0.91805746683289
777.165,-0.882359581980757
779.093,-0.878288940886072
779.488,0.908093396574044
780.441,0.912237875131981
781.977,-0.879004575207759
782.357,0.910866552160904
783.888,-0.878208742961978
784.908,-0.874386109896472
785.292,0.905912324286049
786.802,-0.878459677784261
787.201,0.904223011843505
789.153,0.900013230080206
789.662,-0.870654279692252
790.604,-0.875797236013291
791.996,0.903378898891184
792.592,-0.869716127910427
792.974,0.904087304453212
794.58,-0.869877404243327
794.962,0.894160569492572
796.516,-0.868952130957648
796.914,0.893536800206778
798.408,-0.867450895280639
798.819,0.895100145163077
800.328,-0.865613292516202
800.744,0.889537070329211
802.415,-0.863537411145191
802.773,0.889478097829961
804.84,0.885875206055885
805.402,-0.861542928237378
806.75,0.88497951116925
807.318,-0.858806966925368
808.355,-0.859512654993224
808.727,0.887456268791303
810.309,-0.858378990223607
811.692,0.885202042569848
812.295,-0.85653151663426
813.677,0.881938661197836
814.693,0.887050081588895
815.325,-0.851803232899571
816.301,-0.846828956876483
816.685,0.878365095754607
818.276,-0.843438521609968
818.645,0.877175728638045
820.229,-0.851074186453342
820.626,0.877824716803913
822.21,-0.844682644355536
822.597,0.875811079332042
824.134,-0.844886239490386
825.499,0.874527258976483
826.07,-0.844453092803379
826.458,0.876731262837744
828.017,-0.846004838787613
828.402,0.867299801430688
831.3,0.867305544326101
831.891,-0.844565215149123
832.28,0.868208254244911
832.851,-0.839988252607436
834.208,0.871341342045027
834.777,-0.838251983132267
836.143,0.869087035982966
836.747,-0.835633995284663
838.197,0.871780170752642
839.722,-0.834746865191792
840.772,-0.836950355047247
841.141,0.867080424992372
842.135,0.868332682068666
842.838,-0.833819676665448
844.195,0.862507129431311
844.781,-0.83523101458539
846.127,0.864337205875225
847.732,-0.829444515521317
849.055,0.853629021612428
849.738,-0.831798591946336
850.113,0.854219035688095
850.739,-0.824354000363778
853.103,0.858644789112536
853.707,-0.830623687176512
855.055,0.854954075431157
855.671,-0.824368730566227
856.049,0.85572439693297
856.624,-0.820721595860874
858.01,0.854347563951764
858.562,-0.820287296106752
860.499,-0.82056333011769
861.877,0.85214460404996
862.895,0.853407714421607
863.487,-0.815633034394195
864.553,-0.820427382048014
864.923,0.848206187855286
866.563,-0.817452902968782
866.952,0.848913765885563
868.512,-0.816694699640862
869.872,0.83649666326728
870.483,-0.818758364929621
871.85,0.845573437383958
872.471,-0.815956304387836
873.881,0.839391077883421
875.526,-0.808853319743327
875.895,0.84250568695234
876.913,0.832138465479498
877.545,-0.813946466182786
878.535,-0.805271675598475
878.936,0.831075101684273
880.551,-0.811439444347761
880.943,0.838105132757422
882.545,-0.805623397829984
882.932,0.83238778292593
884.571,-0.803607393367042
884.966,0.831921103868463
887.587,-0.801188119753392
887.976,0.832843160316208
888.56,-0.801087436571408
888.958,0.832049125613239
890.559,-0.800453910281429
891.972,0.832755663641925
892.969,0.825891414224964
893.63,-0.796955036940782
895.033,0.826407306191625
895.667,-0.803851568772324
896.691,-0.797186427844125
897.057,0.822712453736833
899.124,0.817299603808184
899.8,-0.799033612742457
901.257,0.819753028045203
901.968,-0.798210588435969
902.33,0.825748440124936
903.035,-0.798573847494457
904.073,-0.798381126459181
904.428,0.821234483835994
906.147,-0.787382753888302
907.549,0.815775180254219
908.259,-0.792860636701588
909.675,0.818308284241253
910.346,-0.793721915049592
911.694,0.815893242042513
912.707,0.813242382630527
913.308,-0.78849747907514
914.324,-0.785110840539373
915.743,0.809164477479431
916.457,-0.788476727027753
917.988,0.818122898381161
919.032,0.812920267596748
919.731,-0.782607685350145
920.8,-0.78204877702728
921.145,0.807497561573799
923.271,0.810618206257841
923.997,-0.782655257212204
924.367,0.811161505701584
925.123,-0.772839402944049
927.315,-0.776443557999042
927.667,0.80804075914737
928.815,0.808861066702509
929.637,-0.769735855215314
930.718,-0.769231800386597
931.075,0.797320862633172
932.78,-0.767811302232003
933.143,0.803318644174542
935.031,-0.77597162466297
935.37,0.795680157279001
936.213,-0.771398808298614
936.566,0.799910926174292
938.455,-0.770501695306836
938.802,0.803069927458347
940.661,-0.767841740047263
941.02,0.792112323242834
943.245,0.797929998567633
943.973,-0.767925192392398
944.314,0.791176551977799
945.136,-0.75713405368823
947.266,-0.76639084438696
947.638,0.794529239749111
948.71,0.791239110731045
949.416,-0.764882640046781
950.497,-0.761324180378229
951.952,0.78577582404359
952.754,-0.751241520103145
953.102,0.787432252559557
955.192,-0.759722798859396
955.545,0.787916147837429
957.397,-0.750220987955957
957.747,0.785175377688162
958.971,0.787159237133772
959.825,-0.748929791953657
961.064,-0.746476476529251
961.406,0.784625934222302
962.288,-0.745598365121886
962.642,0.784533256160251
964.732,-0.754310224172106
965.079,0.777368267538109
966.255,0.783787598811678
967.053,-0.747951013221353
968.272,-0.746374301878159
969.743,0.779001266211881
970.889,0.780015551583512
971.608,-0.754255060531089
972.836,-0.747166996719725
973.178,0.779496859436103
975.246,-0.740681843603163
975.598,0.779703205840593
976.758,0.769612412069633
977.766,-0.735705261133395
979.406,-0.731874243974221
979.705,0.775995231874547
980.931,-0.732554951588482
981.247,0.766681545050765
983.582,-0.734699792903941
983.884,0.766012042391039
984,0
987.347,-0.743502062198567
987.852,0.759316528419492
988.36,-0.745444284119247
988.771,0.764055373179793
990.643,-0.722111634864943
990.986,0.764529436826524
992.965,-0.725793297501469
993.311,0.766155375611659
994.18,-0.731000508821876
995.832,0.770290065670543
996.74,-0.726978375101485
997.067,0.761389839499756
998.033,-0.713899516509404
999.831,0.76828678589666
1000.986,0.751770764336577
1001.61,-0.73856953610486
1002.569,-0.735862463837517
1003.065,0.754548620246889
1004.059,0.746659743090094
1004.529,-0.733940215734253
1006.018,0.756087384441173
1006.488,-0.73495658492963
1008.381,-0.734564167384268
1008.906,0.751911117821331
1010.315,-0.745114519304484
1011.801,0.755080918719269
1012.263,-0.740851825502564
1012.774,0.758263673685996
1014.232,-0.732801151799837
1014.79,0.747482149285757
1016.257,-0.737008603137167
1016.737,0.750043491279749
1018.725,0.74609651745812
1019.185,-0.740105315763279
1020.147,-0.743945347409447
1021.588,0.750966660233349
1023.019,-0.733102535189952
1023.569,0.753336906276038
1024.536,0.743842259855259
1024.985,-0.737254289010933
1026.397,0.755317385979225
1026.889,-0.743731504800728
1029.354,0.753644999091513
1029.815,-0.742226315400036
1030.816,-0.740191425375351
1031.305,0.754595283035525
1032.268,0.749926079807266
1033.669,-0.73536399750289
1034.651,-0.740466679102869
1035.18,0.74826641463328
1036.592,-0.745443890752232
1037.112,0.753907546076216
1038.102,0.757399911915887
1039.565,-0.738458004904052
1041.045,0.750165625211116
1041.508,-0.742332668677041
1042.011,0.754417897180479
1043.437,-0.734777348108943
1045.354,-0.742188021658203
1045.844,0.740651203913124
1046.862,0.760168712389989
1047.302,-0.734167049090014
1048.269,-0.733826188498269
1048.799,0.757295485859758
1050.216,-0.732161053532282
1051.75,0.75676274287487
1052.169,-0.738880658880343
1053.622,0.747828048912629
1054.577,0.757454292242234
1055.07,-0.743591723450943
1057.49,0.753060789690654
1057.966,-0.744461946254941
1059.429,0.750229732348953
1059.893,-0.734269318219759
1061.362,0.752165821131108
1061.852,-0.741325292288267
1063.344,0.747517538107424
1063.844,-0.732046198440746
1064.819,-0.737867531337641
1065.276,0.755046921052224
1066.249,0.755111900391882
1067.741,-0.737270351465941
1068.226,0.754020019274087
1069.672,-0.740644656097106
1070.122,0.75276044534298
1070.659,-0.737554802785812
1072.084,0.754487475618244
1072.573,-0.729850182368064
1074.519,-0.739861900156044
1074.994,0.750312852008144
1077.432,-0.740516287542584
1077.925,0.755727799121917
1078.925,0.757787544504605
1079.351,-0.735016544079189
1080.337,-0.735235176011455
1080.878,0.739904903697271
1082.834,0.758747556276832
1083.272,-0.73723791105076
1084.711,0.758618253380271
1085.147,-0.735188704557945
1086.65,0.758441927807679
1087.092,-0.73486345192557
1089.031,-0.731897458445463
1089.56,0.749788799698793
1090.02,-0.739645689081853
1090.521,0.759755536031596
1093.478,0.756133304513337
1093.967,-0.739398952968562
1094.472,0.752885929838712
1094.921,-0.73357011091955
1096.876,-0.734757293124658
1097.4,0.757918578281327
1099.408,0.749358888223767
1099.847,-0.734339926913268
1100.376,0.749444217889029
1100.822,-0.744064445585663
1102.339,0.757831663728604
1103.705,-0.733074538397888
1105.22,0.751975989671471
1105.678,-0.73512640559499
1106.202,0.754823018829825
1106.654,-0.733040726216032
1108.193,0.755918373638386
1108.687,-0.736646106194299
1111.147,0.756120708003199
1111.637,-0.739410316720421
1113.15,0.757148094198182
1113.661,-0.74276261340208
1114.139,0.759481753049528
1115.612,-0.738971093592743
1116.1,0.753014141413217
1116.587,-0.740489705566654
1118.503,-0.738686949439176
1119.017,0.752600321838132
1120.013,0.756005398749192
1121.499,-0.738478194394135
1122.47,-0.734530300496762
1122.945,0.758502786953077
1125.344,-0.734688873233612
1125.875,0.75822299179443
1126.313,-0.740360868786578
1127.798,0.74973508608659
1128.809,0.756600679228627
1129.233,-0.740958103828777
1130.76,0.756397637702586
1131.233,-0.73362487230375
1132.766,0.746488589063658
1133.214,-0.732178528033094
1135.168,-0.742092379292684
1135.68,0.751317289732936
1136.158,-0.742689951618536
1136.661,0.750849305826406
1138.086,-0.740477499366259
1139.595,0.755864547225204
1140.058,-0.733279577859808
1140.613,0.7562459258204
1142.076,-0.733280533037801
1142.588,0.749072662263066
1145.021,-0.743326328122863
1145.561,0.745664528709782
1146.508,0.758627567917669
1147.964,-0.734870390675487
1149.432,0.744266765146448
1149.885,-0.73970887054904
1150.388,0.75555281771018
1151.829,-0.738542569252763
1153.268,0.759106924302348
1153.725,-0.739272749083867
1154.221,0.752406319018185
1154.684,-0.738154627505774
1156.613,-0.735603488796629
1157.103,0.753385800729554
1159.072,0.752435539695941
1159.523,-0.738711018795394
1160.005,0.751645149099785
1161.482,-0.742075913560059
1162.43,-0.731208577692012
1163.922,0.757510331335688
1164.906,0.758675588555164
1165.335,-0.733953316970961
1166.383,-0.742225615608741
1167.9,0.749351211563064
1168.337,-0.733629727412792
1168.878,0.752656332280689
1170.373,-0.744930534256711
1171.822,0.747260579293295
1172.299,-0.745151710131906
1172.789,0.754545402728812
1174.225,-0.7333782597959
1175.717,0.753368446266844
1176.692,0.749094827687068
1177.146,-0.731358662076758
1178.128,-0.733982853145867
1178.627,0.748639505558437
1180.057,-0.738128009254549
1181.581,0.75577299765062
1182.999,-0.743771950654066
1183.514,0.753422834693316
1184.943,-0.732541986738194
1185.498,0.744826185593462
1186.459,0.752950565881318
1186.921,-0.744529595196623
1188.385,0.759074350458327
1189.817,-0.735765541281059
1190.341,0.746323201690803
1190.79,-0.743005395285043
1192.302,0.75162812192396
1192.742,-0.741822875071984
1194.277,0.755244357155492
1194.729,-0.736560322152566
1196.209,0.747626856344811
1197.661,-0.739453716475713
1198.676,-0.73427852551021
1199.182,0.749467598091061
1200.174,0.754160238851728
1200.628,-0.734911263689802
1202.609,-0.741089329247367
1203.123,0.749086371003464
1204.08,0.745247490326907
1205.51,-0.733471616089077
1206.494,-0.742021256958853
1207.966,0.746998214934793
1208.439,-0.734746279736502
1209.922,0.752912300179741
1211.396,-0.735517802324225
1211.889,0.758824038469805
1213.32,-0.736396031342996
1213.834,0.753595224696931
1215.272,-0.74109733178348
1215.784,0.747249691503212
1217.226,-0.741260681310773
1217.713,0.750426719248638
1218.184,-0.741326135931558
1218.688,0.754584925903203
1221.103,-0.734167045614597
1221.575,0.75449260504535
1222.566,0.753258802998907
1223.999,-0.734779686364159
1224.469,0.755630409691652
1225.923,-0.74223430716268
1226.394,0.747418561499041
1227.826,-0.740114776046021
1229.268,0.753078150741425
1229.755,-0.742137782027945
1230.736,-0.74176839073346
1231.231,0.749235272038975
1232.73,-0.735988779541229
1233.152,0.754834591756761
1234.143,0.755484306602483
1234.65,-0.733248492630396
1237.087,0.757817053008147
1237.527,-0.73569046188055
1238.976,0.75576845877596
1239.473,-0.740379174068668
1241.39,-0.744021394824968
1241.891,0.747252116969598
1243.353,-0.738656591742052
1243.831,0.748831690206832
1244.327,-0.731257491943029
1244.827,0.757519658068692
1246.895,0.746253265806934
1247.35,-0.734055401462744
1249.316,-0.738839152552956
1249.808,0.757556064846688
1251.239,-0.744994405329761
1251.758,0.753272307536181
1253.197,-0.732493791729105
1253.714,0.74944225142031
1254.172,-0.744329112924646
1254.67,0.752242086559221
1256.115,-0.733569057601479
1257.583,0.758185298828445
1258.048,-0.734512619014947
1258.608,0.747029960765238
1261.023,-0.743815151703947
1261.596,0.744757618622836
1262.031,-0.734589231887415
1263.518,0.754723627595691
1264.505,0.746086486306797
1264.947,-0.736659441732904
1266.867,-0.742739874895684
1267.357,0.752076038420903
1268.313,0.745875257028886
1269.769,-0.734809290488113
1271.252,0.753636034263245
1271.711,-0.735303912946147
1273.171,0.751575044348971
1273.617,-0.73863309659537
1274.11,0.754727466308369
1274.592,-0.740642681465646
1276.046,0.750546372427586
1277.522,-0.740000679271671
1278.017,0.749305558947721
1279.457,-0.741919433880393
1280.923,0.754130717635999
1281.41,-0.733416117309253
1282.381,-0.740428883611686
1283.871,0.74933312401573
1284.373,-0.732509799638875
1284.861,0.755254703619077
1287.302,-0.742714264366138
1287.799,0.745757700212722
1289.227,-0.733594175465216
1289.76,0.752505838143442
1290.217,-0.737440883358326
1291.656,0.756634996461867
1292.166,-0.742776860628151
1292.628,0.75498501028617
1294.125,-0.741326712950328
1294.604,0.754216234767879
1296.064,-0.732941627894285
1297.53,0.759861870311755
1298.517,0.74611108161014
1299.92,-0.738790924408618
1300.419,0.751581476495957
1301.857,-0.734201641972005
1302.388,0.753555965693476
1303.857,-0.734968060526656
1304.364,0.754644881220919
1304.81,-0.744038278577154
1306.33,0.754934018712864
1306.752,-0.733309536532824
1308.263,0.746157811385014
1309.708,-0.731214355766791
1310.237,0.748202969340204
1311.696,-0.740280568897601
1312.644,-0.731113621526105
1313.133,0.749380993601253
1314.157,0.743719168784869
1314.585,-0.739876471225202
1316.563,-0.741342149362306
1317.07,0.752543524401476
1318.044,0.757107392735582
1319.511,-0.74129606406101
1320.452,-0.734254045083728
1320.922,0.756516055360491
1323.343,-0.740651943235293
1323.824,0.753826841996812
1325.274,-0.734501180708526
1325.755,0.751486766211792
1326.225,-0.744183155365616
1326.718,0.747251128381275
1328.139,-0.734842909505647
1329.544,0.747670903567027
1330.515,0.758090964268989
1330.974,-0.734208378475352
1333.446,0.746898617174163
1333.91,-0.735231781812673
1334.895,-0.742705098390168
1335.4,0.753483018664025
1336.39,0.749199499576343
1337.802,-0.732292593578229
1338.78,-0.734506688560014
1339.278,0.754909727898097
1340.24,0.74949801520497
1340.726,-0.741956948007582
1342.201,0.755452126144284
1342.668,-0.741179885401478
1345.115,0.755848658206737
1345.575,-0.734416790022217
1346.037,0.753711338083692
1347.525,-0.732858395299132
1348.499,-0.737009696073679
1349.997,0.756449832811885
1350.971,0.75847570583264
1351.396,-0.74376918888364
1352.901,0.75654724361271
1353.405,-0.741968154013598
1354.832,0.748176258184783
1355.314,-0.731942435782111
1357.265,-0.732119560830856
1357.763,0.754118798281299
1358.236,-0.733300085920406
1358.757,0.751070595521557
1360.181,-0.737330339195129
1361.647,0.750021730336923
1362.644,0.753412406208002
1363.109,-0.74307581343605
1364.096,-0.742860196604084
1365.582,0.753247684041286
1366.047,-0.733838504042187
1367.552,0.738442590858201
1368.023,-0.745052461147427
1368.499,0.757012562139053
1371.438,0.753858582044548
1371.924,-0.737145650536754
1372.393,0.753487914832574
1372.897,-0.739190702643213
1374.824,-0.732990194815702
1375.342,0.748458549964626
1376.782,-0.742257048856011
1377.313,0.759479131532885
1378.277,0.756965134882845
1379.666,-0.734057419043909
1380.227,0.741312339352441
1380.671,-0.745572246231978
1383.222,0.747459969004439
1383.704,-0.745035221387418
1384.201,0.750382380541532
1385.658,-0.742987531737916
1386.644,-0.743351468969416
1387.144,0.75163793397942
1388.639,-0.741700454223495
1389.138,0.750785224859237
1391.111,0.751822471390028
1391.543,-0.73330444967514
1392.108,0.749726876530195
1392.533,-0.746572219056813
1395.061,0.758837791025708
1395.479,-0.744835603309144
1397.489,-0.742920590538645
1397.962,0.756461029773343
1399.422,-0.730742017552128
1399.925,0.753623209725768
1400.404,-0.740007219462836
1400.893,0.752316718668281
1402.335,-0.739331375493393
1402.833,0.755855451306449
1404.264,-0.741884508887907
1404.735,0.751071349090083
1406.692,0.753495424349201
1407.157,-0.734521381153764
1408.203,-0.736240797598562
1408.701,0.749466658663777
1410.7,0.74900824282343
1411.132,-0.735087613097643
1412.117,-0.737909825377755
1413.615,0.753215136611911
1414.076,-0.734665779648578
1415.533,0.756060498346423
1417.467,0.75671259829906
1417.905,-0.743538431800615
1418.424,0.753770388718578
1419.844,-0.739624551679138
1420.38,0.752543794052334
1420.839,-0.734203692770643
1423.273,0.748978119931877
1423.719,-0.734142479503925
1424.216,0.756142143590239
1424.706,-0.735120580750734
1426.17,0.756276413333954
1426.635,-0.738380100938629
1428.534,-0.736592188962383
1429.066,0.752318493696055
1431.036,0.754693729998175
1431.496,-0.745110121960777
1432.452,-0.740578888651272
1432.935,0.751256801963238
1434.433,-0.740068756278163
1435.894,0.753506862775565
1436.835,0.756911272802627
1437.315,-0.732506083895719
1438.274,-0.740760309418013
1439.68,0.752705535872072
1440.164,-0.733517638592365
1440.675,0.749976493143026
1442.096,-0.735731114164129
1443.616,0.7522278988268
1444.09,-0.74464359804783
1445.615,0.756225738483725
1446.595,0.750613609634209
1447.029,-0.730652459213714
1448.013,-0.733047520733786
1448.568,0.752648542257464
1450.52,0.756039335781315
1450.978,-0.745192903518404
1452.452,0.749325517552654
1453.89,-0.732389129978764
1454.861,-0.733016249283521
1455.364,0.755703057407768
1457.339,0.746776922051769
1457.801,-0.742808684764982
1458.315,0.749613598154752
1458.777,-0.741084543956423
1460.701,-0.740890520342462
1461.181,0.752282291301371
1462.131,0.753578438313734
1463.631,-0.735948429078126
1464.626,-0.742806081073667
1465.13,0.745105738173756
1467.059,0.748508333618462
1467.533,-0.742719275999649
1469.015,0.755318143162547
1469.484,-0.739739310907703
1471.459,-0.739790706954113
1471.976,0.7538286586606
1473.002,0.746503420071497
1473.429,-0.732089407360841
1475.406,-0.74156604981202
1475.888,0.75369300946869
1476.383,-0.740757477885729
1477.862,0.755690276824221
1478.854,0.752411031754266
1479.325,-0.740362110316085
1480.284,-0.734090974590556
1481.768,0.746636678018683
1482.249,-0.742127529695771
1482.748,0.752994396474587
1484.663,0.750454239858207
1485.136,-0.732496404293839
1487.042,-0.737767356541558
1487.506,0.755222505717316
1488.01,-0.739774861004472
1489.479,0.74932068195232
1490.438,0.754591142705156
1491.873,-0.732952193818192
1493.376,0.754871781161335
1493.836,-0.742583150578636
1494.356,0.744362439232026
1495.792,-0.744038367884967
1496.304,0.758762987234909
1497.715,-0.743134414541273
1498.206,0.753383230160896
1499.658,-0.742158843655724
1501.195,0.752759451990726
1501.57,-0.741961240999388
1502.235,0.751175636185109
1503.689,-0.74133133799202
1504.642,0.709136658630318
1504.961,-0.740179804753528
1506.003,0.728978229233275
1506.309,-0.74482042001337
1509.424,-0.739921943284184
1509.866,0.760182588740968
1511.235,-0.745813395915954
1511.858,0.747472414968834
1513.036,0.758288738035225
1513.386,-0.745705094457735
1515.325,0.735257292931241
1515.657,-0.754673677647423
1516.908,-0.751076062465042
1517.841,0.739948334184095
1519.216,0.746318843928416
1519.521,-0.755500051252889
1520.392,0.741710142743514
1521.944,-0.76200938990678
1522.763,0.752621375614599
1523.095,-0.76057776529518
1525.517,0.746817859555897
1525.815,-0.75685619037286
1527.126,0.703921899569116
1527.419,-0.754447674051578
1528.531,0.756897121571058
1528.858,-0.75854145962021
1530.111,-0.762998716590198
1530.877,0.757528111195575
1533.619,0.749848001533559
1533.928,-0.77019366107311
1535.059,0.763084708805352
1535.372,-0.76178368138137
1536.704,-0.771791298634276
1537.568,0.746259971421709
1539.045,0.759636618518616
1539.348,-0.762221859221078
1540.766,0.736784241101697
1541.064,-0.766264287374821
1542.311,0.758925026203289
1542.608,-0.765848505035568
1544.496,0.671483601903067
1544.766,-0.773005707786652
1546.703,0.686056830836039
1546.985,-0.773020440929491
1548.785,-0.776374481261041
1549.852,0.747629446235169
1551.223,0.763264798891503
1551.531,-0.780068281743583
1552.881,0.73417279965285
1553.184,-0.77653934398253
1554.593,0.762308189709512
1554.881,-0.781884022110134
1556.341,-0.783280533755948
1557.131,0.776082064004175
1558.396,0.780716918595331
1558.712,-0.773526528903734
1560.056,0.767725829734009
1560.352,-0.784795538522104
1563.173,0.773330758472646
1563.475,-0.776606289169683
1564.719,0.770471097203234
1565.009,-0.780550703028385
1566,0
1567.999,-0.011731481265446
1568.422,0.796648797735692
1568.92,-0.786907291189677
1570.409,0.785972196352041
1571.872,-0.783728032547273
1573.612,0.785836752626256
1573.981,-0.7905977777297
1574.836,0.793318413293887
1575.159,-0.783340379452443
1576.495,-0.788098750721425
1577.301,0.77478590111077
1578.577,0.795964513746897
1578.891,-0.793120327141296
1581.046,0.789896386063821
1581.384,-0.793342365153197
1582.103,0.793523844676097
1582.446,-0.792141106490221
1584.58,-0.799433908521563
1585.393,0.793220593185603
1586.62,0.791707875225519
1586.943,-0.791655270077718
1588.321,-0.799942427801493
1589.328,0.793844639333675
1590.964,-0.794628074494738
1591.823,0.79300668845863
1593.01,0.795511995810583
1593.342,-0.801069373680903
1594.541,-0.800932804876141
1595.279,0.808828955924082
1596.879,-0.802761739855721
1597.679,0.80477421167642
1598.013,-0.807545424647195
1598.862,0.793534220415355
1600.35,-0.805718660334385
1601.094,0.814155744451105
1602.302,0.800577008430082
1602.626,-0.808203089590811
1604.906,0.80576140182946
1605.238,-0.81151590916807
1606.338,-0.81032437702424
1607.241,0.812487557660886
1608.787,-0.808093867297064
1609.775,0.812593448971384
1611.115,0.794279823920469
1611.447,-0.816691005025911
1612.333,0.816862374983293
1612.675,-0.816229164659112
1614.655,0.818699939483184
1614.982,-0.81187850210097
1617.04,0.815287808331501
1617.382,-0.817381238034499
1618.197,0.819666584886049
1619.698,-0.821645728242254
1620.45,0.828290936507715
1620.784,-0.815255411898403
1622.036,-0.818021463417533
1622.967,0.81520513702811
1624.656,-0.820586909087449
1625.493,0.826697889987439
1626.784,0.814223518033943
1627.117,-0.821227939825003
1628.024,0.826114146267713
1629.673,-0.828197054299641
1631.606,0.829792008894755
1631.953,-0.829615516900238
1633.019,-0.82524909415004
1633.815,0.824661789610438
1634.985,0.83118937455369
1635.332,-0.833226439667024
1636.189,0.838281808321165
1637.797,-0.831585138433239
1638.743,0.834195530718982
1639.073,-0.832018177619504
1640.014,0.836715221650296
1641.49,-0.835869932258516
1643.371,0.84218379138533
1643.726,-0.834260589217925
1645.576,0.841110669190661
1645.918,-0.834220328624595
1646.975,-0.836240165862868
1647.736,0.841699466279271
1648.931,0.832604968306389
1649.255,-0.837186753932175
1651.112,0.837129245079083
1651.466,-0.842327667148169
1652.178,0.841783087668002
1653.621,-0.838172752806947
1654.388,0.848722283290877
1655.89,-0.846250537964824
1657.135,-0.84546762617591
1657.978,0.842214747918969
1659.066,0.841317603665651
1659.414,-0.846328317929129
1660.511,-0.846343124135023
1661.319,0.854384911298771
1662.784,-0.849776866565832
1663.608,0.855229694131962
1664.791,0.851432435621133
1665.12,-0.852993646003361
1666.27,-0.851714868381252
1667.072,0.84951163869488
1669.229,0.852149240770019
1669.589,-0.854314100044039
1670.287,0.856322289101937
1671.675,-0.855401326831905
1672.394,0.858691857248831
1673.796,-0.850658888018924
1674.871,-0.857572160166112
1675.566,0.859607397622226
1677.003,-0.859214427474586
1677.765,0.866425076252766
1678.929,0.858706535493719
1679.271,-0.863095036789818
1681.147,0.8643895666355
1681.489,-0.863745867682572
1683.401,0.867396511363809
1683.75,-0.865409003817668
1684.854,-0.866782727500665
1685.609,0.86616816418456
1687.042,-0.86554968418622
1687.738,0.873309203389996
1689.182,-0.867227109031019
1689.879,0.876486253879621
1690.226,-0.869457707443351
1690.951,0.86610607882122
1692.369,-0.870749337105448
1693.124,0.878422072282912
1695.428,0.872528043575699
1695.77,-0.875784267723322
1696.515,0.879218785774219
1696.871,-0.875044049151954
1698.922,-0.871640547652734
1699.588,0.882087557169358
1700.976,-0.878949765020201
1701.614,0.885048788187392
1703.019,-0.872073120802553
1703.624,0.887519690405703
1704.008,-0.878876819835839
1705.646,0.88278802638864
1706.02,-0.877569217459156
1706.677,0.888888318191717
1708.864,0.886922376409421
1709.184,-0.885551582937909
1710.356,-0.885811297501965
1711.108,0.88226512453779
1712.104,0.892584932160682
1712.477,-0.886878292860435
1714.166,0.889114596055922
1714.526,-0.883357523194469
1716.679,-0.890480528728127
1717.33,0.89672065639626
1719.387,0.891580282701854
1719.762,-0.888998561705907
1720.443,0.891697433757759
1720.784,-0.894335011778946
1722.886,-0.893934938870548
1723.489,0.894181860876799
1724.492,0.902222925250907
1725.868,-0.895937014869143
1726.904,-0.896807143954517
1727.552,0.903666379849328
1728.576,0.900778977577503
1728.943,-0.898781456494873
1730.624,0.906025725435552
1730.983,-0.89798884010975
1732.591,0.903026022822858
1732.954,-0.895565323497494
1735.013,-0.901341516522503
1735.69,0.909450815057974
1736.049,-0.902486291728006
1736.72,0.909128790642835
1739.114,-0.905660297344895
1739.799,0.910699014641863
1741.182,-0.905633765503505
1741.845,0.913819468993354
1742.82,0.917379291852149
1743.19,-0.909433085056756
1745.178,-0.908606440011576
1745.786,0.920077866215248
1747.196,-0.91429493075976
1747.798,0.91333479807543
1748.15,-0.911707929378334
1748.843,0.911955020531204
1750.222,-0.912070093222691
1751.694,0.924188348470999
1752.613,0.92892908651256
1753.049,-0.910101697834921
1754.897,-0.90912517496034
1755.442,0.919816291311755
1756.787,-0.908648741218514
1757.297,0.927413594512017
1758.215,0.92281465896183
1758.653,-0.909668555854733
1760.133,0.922843972898933
1761.509,-0.905757031953873
1762.476,-0.912784031041615
1763.951,0.924923702551371
1765.324,-0.910269273731507
1765.813,0.921092672859487
1766.225,-0.905175696176592
1767.673,0.924239862967077
1769.033,-0.911699756417402
1769.558,0.926840346334356
1770.463,0.923653696497906
1770.899,-0.910001909124246
1773.261,0.924297908425891
1773.685,-0.90894234648636
1774.612,-0.909203441845836
1775.114,0.921469526049499
1776.044,0.926694222353637
1776.447,-0.911187037663741
1778.33,-0.904129000764401
1778.822,0.929001941494292
1780.661,0.927627600406673
1781.092,-0.907082338856064
1782.548,0.925318256047466
1782.958,-0.910914612464872
1784.849,-0.912020205035459
1785.368,0.925645211964075
1786.307,0.926228935870027
1787.659,-0.910839066012425
1789.097,0.923400039283741
1789.527,-0.905201540649263
1791.366,-0.910560692225422
1791.896,0.926287489075342
1792.309,-0.910762580106116
1793.764,0.924759287718149
1794.198,-0.910284256160283
1795.629,0.923049813259564
1796.061,-0.906914233124969
1796.546,0.924715936621397
1798.44,0.922639399183895
1799.791,-0.910931556042123
1800.27,0.92483904187605
1801.616,-0.909935972059531
1803.054,0.928351991032951
1803.502,-0.909216929501553
1804.419,-0.9092942783712
1804.961,0.922851132604088
1807.255,-0.905812144908503
1807.771,0.922845694659455
1808.194,-0.908997343536687
1809.658,0.920388170790129
1811.549,0.923951111454609
1811.981,-0.910808780871137
1813.405,0.92434637260084
1813.807,-0.905638068249178
1814.768,-0.911002422899729
1815.304,0.922799720818901
1817.187,0.928292648677686
1817.594,-0.911203140739963
1818.102,0.923203180019648
1819.467,-0.906107803558024
1820.398,-0.905636262523955
1821.832,0.923607678538172
1823.2,-0.910872619341854
1823.676,0.923750720028096
1824.111,-0.909566556352892
1824.606,0.91989504571453
1826.929,-0.912950839193457
1827.441,0.921086043030255
1828.401,0.929579660459247
1829.764,-0.911364075891465
1830.282,0.92334379633401
1830.708,-0.911753858419895
1832.15,0.924887652776392
1833.505,-0.910024006928067
1834.03,0.923772053824652
1835.395,-0.909606444484575
1836.31,-0.910429885937994
1837.764,0.92334881427946
1838.71,0.920938935402804
1839.116,-0.910888500331277
1841.468,0.927856069670853
1841.869,-0.907281807839863
1843.301,0.923680093840058
1843.736,-0.910139034452914
1844.65,-0.909106250589608
1845.148,0.923478200839128
1846.084,0.925374366757459
1847.473,-0.906522601005414
1849.36,-0.910430313929256
1849.874,0.923504929846654
1850.302,-0.911420582712464
1851.766,0.924619711372245
1852.687,0.925662106262974
1853.122,-0.910460087869314
1854.973,-0.911067147722767
1855.49,0.928725474572822
1856.871,-0.90976537560118
1857.39,0.926075297643059
1858.737,-0.911963598183777
1859.305,0.920293906524724
1860.69,-0.910967867497102
1861.227,0.922301240873149
1862.147,0.921643516160036
1863.498,-0.909642208664566
1865.396,-0.910261581076659
1865.894,0.922987407448336
1866.327,-0.907333000196797
1867.756,0.92906589749226
1868.172,-0.909487770501123
1869.61,0.922186104508238
1871.436,0.927054289423786
1871.85,-0.905790472342665
1872.754,-0.905481337600636
1873.253,0.927619473684269
1874.172,0.924078035779229
1874.596,-0.911920747916833
1876.03,0.926650854184193
1876.475,-0.909199922916765
1879.271,-0.90827287499555
1879.762,0.923995299501057
1880.198,-0.906123845613093
1881.604,0.92796518008779
1882.056,-0.908639724346278
1882.556,0.923128986924417
1884.45,0.926467666302773
1885.781,-0.909050967976161
1887.242,0.92030577750942
1887.671,-0.911062956642714
1888.614,-0.91075785242597
1889.133,0.925986613137143
1890.489,-0.909247972630581
1891.012,0.924689215513973
1892.911,0.923176102931556
1893.329,-0.910032108601417
1894.291,-0.907407850742659
1895.731,0.928325342851295
1896.166,-0.910059695043103
1897.625,0.927721061726005
1898.575,0.924094005837429
1899.931,-0.906683951511475
1900.872,-0.911602278110274
1901.407,0.920811871420372
1902.358,0.922814745690996
1902.786,-0.908192796375802
1904.242,0.927749548380867
1904.639,-0.90859595921311
1906.509,-0.910443936547055
1907.038,0.923707860393968
1909.306,-0.912053915307126
1909.808,0.923289472309912
1910.239,-0.91083071538179
1911.676,0.926587545403566
1912.616,0.924897885258297
1913.05,-0.910318414666453
1914.514,0.929327126318513
1915.872,-0.907012592079913
1916.802,-0.908922924703216
1917.294,0.927499273665463
1918.22,0.92323602812177
1919.576,-0.909274325046745
1921.025,0.925705025937246
1921.435,-0.910878544187231
1923.297,-0.907383048391183
1923.801,0.924490775026637
1924.784,0.924732063998813
1925.201,-0.906540439990318
1926.145,-0.912488907569695
1927.573,0.927036682954713
1928.494,0.929454569723803
1928.934,-0.909367808965922
1930.394,0.925832799375279
1930.83,-0.906378585107981
1932.691,-0.907267002591739
1933.182,0.923701988791654
1934.545,-0.91038877120557
1935.942,0.924808744705861
1936.865,0.923113298425284
1937.283,-0.911669257918809
1938.225,-0.90938170690031
1939.653,0.923719090028346
1940.088,-0.910548626884492
1941.513,0.929411848004756
1942.888,-0.906718731452842
1943.376,0.927367974385059
1944.329,0.92749995741328
1944.76,-0.908025358887758
1946.614,-0.91046254493584
1947.109,0.929476097135921
1948.49,-0.908075195378176
1949.932,0.928118493310942
1950.85,0.919213781970555
1951.282,-0.91045068079492
1952.208,-0.909657853494419
1953.647,0.924298135120236
1954.587,0.924050543033731
1955.016,-0.910892586424518
1957.431,0.922456922865143
1957.846,-0.906989309815648
1958.778,-0.907327228998352
1959.268,0.927234742520838
1960.199,0.925924828346928
1961.544,-0.910523789160312
1962.98,0.925611734312608
1963.389,-0.906204376589732
1964.331,-0.91205128682505
1965.812,0.923213138043358
1966.223,-0.911617901805833
1967.675,0.921463333234263
1968.588,0.923140590558801
1969.972,-0.910538988274342
1971.422,0.926141611388334
1971.845,-0.909160735712405
1973.289,0.927635676670231
1973.718,-0.911084828669798
1975.168,0.924429652419096
1975.584,-0.909959840364716
1976.074,0.926155776365386
1977.42,-0.91037184818091
1978.371,-0.910887004879912
1979.8,0.924927845144101
1980.212,-0.910920071778323
1980.747,0.922198641388196
1982.134,-0.910082392840334
1982.632,0.927171519217589
1984.489,0.9217616958513
1984.905,-0.91050998937184
1986.789,-0.90981649464244
1987.305,0.922739688864109
1989.161,0.923885729760333
1989.603,-0.908836568179756
1990.105,0.922871499816949
1991.47,-0.904806144718367
1992.916,0.923830896269998
1993.343,-0.911673365107185
1994.269,-0.905714659981061
1995.716,0.922515555742912
1996.63,0.926788261439069
1997.044,-0.905196385020128
1999.415,0.9235254018419
1999.833,-0.911777444761176
2001.263,0.928855573884805
2001.738,-0.904885056423939
2002.699,-0.903658471578765
2003.147,0.927601999624696
2004.605,-0.89558836715834
2005.023,0.927466275591727
2007.527,-0.89785992120111
2007.924,0.930389502705778
2008.472,-0.895781145147654
2009.812,0.92705863759461
2010.345,-0.895538840728965
2011.718,0.923225721118769
2012.269,-0.88749184298002
2012.666,0.924257032605905
2014.152,-0.893275721032911
2015.535,0.917260104593603
2017.055,-0.883588157743776
2017.466,0.92185949137828
2018.015,-0.888921166123421
2019.399,0.916422365677079
2020.374,0.91554561093384
2020.899,-0.887765889156764
2022.257,0.912746756159265
2022.852,-0.881814765567819
2024.205,0.915870925051106
2025.717,-0.882352589855038
2026.108,0.914343238407918
2027.68,-0.882393073665633
2028.707,-0.881341114318737
2029.08,0.916461665950257
2030.046,0.911481778491882
2031.664,-0.878445075008461
2032.043,0.90489913656504
2033.563,-0.877565984117068
2034.576,-0.878029790319472
2034.949,0.910827036455204
2037.478,-0.876419005513007
2037.863,0.905245936387677
2039.356,-0.873329766494767
2039.755,0.903323760363552
2040.705,0.898221766387966
2041.34,-0.870929119643025
2042.763,0.903939491982714
2043.345,-0.866300897254309
2044.705,0.894188917141142
2045.301,-0.870763534041799
2046.322,-0.868798458413054
2047.672,0.895658170056271
2048.242,-0.865832671149071
2049.586,0.89622412559996
2050.162,-0.866188726385683
2050.568,0.894412103214133
2052.09,-0.864709617076924
2053.445,0.890541554578078
2054.015,-0.861297469200448
2055.392,0.89370118031289
2056.346,0.884938407912378
2057.003,-0.858666879423082
2058.004,-0.860178056085585
2059.387,0.886096063845579
2060.365,0.888005539064938
2061.944,-0.858167242774041
2062.336,0.884618910278431
2062.991,-0.849911857241806
2064.386,0.88339709786318
2065.96,-0.85568551429681
2067.384,0.882929278634011
2067.95,-0.850359354041607
2068.356,0.875929672594611
2069.911,-0.851077610798488
2070.289,0.877250561091834
2070.873,-0.849433328650742
2072.928,-0.846938285054847
2073.299,0.880021464443193
2074.293,0.88049703193541
2075.818,-0.84677001898161
2076.212,0.876040356527001
2076.837,-0.845926240075541
2078.194,0.872886127807714
2078.891,-0.841127960416159
2080.289,0.870497160422002
2080.888,-0.84062544396614
2082.232,0.8754200473885
2082.816,-0.839346619949796
2084.737,-0.838417751194031
2085.118,0.86771233992111
2086.766,-0.835688711247846
2087.128,0.865191398740602
2088.133,0.868440247919431
2089.723,-0.839311507618023
2090.718,-0.837397894709302
2091.094,0.864507692192678
2093.61,-0.834203956928984
2093.993,0.867333417409192
2094.525,-0.831670590310517
2095.874,0.855330963015427
2096.411,-0.835372367548958
2096.828,0.858412716885446
2098.407,-0.830656233373386
2099.762,0.858130578668437
2100.383,-0.833148927931088
2101.827,0.855583919037412
2102.86,0.859422036578604
2103.481,-0.830429454700227
2104.471,-0.823667198404879
2105.825,0.852729926526021
2107.379,-0.828054011483477
2107.752,0.854784424682281
2109.417,-0.820620556496764
2109.801,0.854840169537971
2110.417,-0.8162581835148
2110.815,0.853586599762554
2112.409,-0.816791962300246
2112.796,0.850709623758993
2114.349,-0.815259106174424
2114.741,0.848512013238052
2116.313,-0.814831824981998
2117.676,0.847221069445658
2118.267,-0.819561335198631
2118.65,0.847235744568831
2120.35,-0.820676275811245
2120.706,0.847136175891491
2123.45,-0.818506289750318
2123.798,0.8429117302557
2124.866,0.843552697945459
2125.699,-0.814402978468787
2126.036,0.841273095354596
2126.818,-0.81275491942919
2128.881,-0.806294417105145
2129.268,0.833770739378089
2130.29,0.83639969384598
2130.884,-0.801156764498624
2132.894,-0.804143484165703
2133.292,0.833567497359334
2134.924,-0.805505266910959
2135.3,0.832839661871685
2137.369,0.833748944136698
2137.98,-0.804103395747375
2139.39,0.832255783090348
2139.988,-0.796163934873887
2140.998,-0.794394470824643
2141.397,0.828140705747867
2142.015,-0.801483744922694
2143.407,0.830799194663589
2145.065,-0.796953267464211
2145.475,0.821826640567294
2147.072,-0.795981851493337
2147.461,0.823889476915532
2148.063,-0.795916979703375
2149.486,0.821501117818554
2150.107,-0.793255623413125
2151.509,0.824221141645201
2152.194,-0.793481625766842
2152.554,0.827244831043892
2154.252,-0.790787410727682
2154.644,0.820074062827346
2157.305,-0.796412906132676
2157.673,0.817879272693315
2158.328,-0.794309450390164
2159.771,0.819827221516351
2160.796,0.817727281841574
2161.393,-0.792658563048783
2162.386,-0.788869682264708
2162.792,0.819977070507162
2165.427,-0.79006917308267
2165.784,0.810730962485717
2166.816,0.815092157092342
2167.427,-0.787582058864696
2168.466,-0.779683022689196
2169.889,0.815356434650974
2170.573,-0.777110646510727
2170.929,0.806142772670721
2172.799,-0.775431353776127
2173.159,0.814187932946344
2174.242,0.811469944783146
2174.849,-0.783920487478499
2176.874,-0.781695188122196
2177.265,0.806487058478819
2178.304,0.80601612730517
2179.038,-0.771965515958311
2180.155,-0.773237852696875
2181.648,0.807134622617699
2182.386,-0.768631978529538
2183.845,0.805850089266881
2184.869,0.801623249323284
2185.577,-0.766851408662758
2186.592,-0.775159034449763
2186.96,0.792699564281203
2188.023,0.802148303611359
2188.702,-0.774309939419144
2190.171,0.792517243154947
2190.904,-0.771004844981202
2192.347,0.791092027947345
2193.096,-0.768471699172067
2194.509,0.796229825454924
2195.218,-0.766151915079017
2197.434,-0.76727087305295
2197.771,0.792444312917015
2198.611,-0.759853673514661
2198.939,0.792131486112912
2200.26,0.796614782996926
2201.122,-0.753978387288802
2203.49,-0.753338472001846
2203.829,0.790411601892081
2205.048,0.792206273759112
2205.892,-0.754304539411272
2207.039,-0.752689137553861
2207.406,0.791244203645518
2209.422,-0.7519533897728
2209.748,0.79006132432486
2210.788,-0.734062252517346
2211.11,0.782274538380215
2212.116,-0.75192379174243
2212.445,0.787594954397816
2214.584,-0.754563034845202
2214.919,0.784042280659454
2216.105,0.782399245885818
2217.005,-0.752360600479328
2218.487,0.782511327762498
2219.36,-0.751229226455115
2221.119,0.781969329946953
2221.95,-0.741586766084233
2223.217,-0.728332082952369
2223.541,0.778691687931599
2224.736,-0.735999620726629
2225.027,0.768746257618144
2226.534,-0.732962629987702
2226.828,0.772998459922287
2228.609,0.774815449090607
2229.686,-0.745174320469095
2230,0.404503103078175
2230.067,0
2233.527,-0.749979122815939
2233.975,0.760292406659708
2234.946,0.767407871758646
2235.584,-0.74936724643555
2236.689,-0.735247042026631
2237.052,0.763382421635224
2238.19,0.765995678958272
2239.14,-0.733861849747468
2240.605,-0.726964898731015
2240.928,0.768371490686953
2243.243,-0.729134213393861
2243.565,0.759718446272789
2244.942,-0.724891553187646
2245.239,0.766352353123286
2246.665,-0.72287092417465
2246.96,0.765469251591429
2248.556,-0.67071033846808
2248.845,0.768421018711232
2251.001,0.766676437610101
2251.72,-0.727864984293005
2252.14,0.758578342862659
2253.622,-0.739660231491146
2254.132,0.745759702004441
2255.549,-0.733108494161426
2256.124,0.748558635056099
2256.549,-0.733565120255436
2259.042,0.74757525990337
2259.481,-0.734479665165769
2260.465,-0.744433597391872
2261.918,0.755880280350092
2263.375,-0.733619232036482
2263.91,0.75763499812446
2265.336,-0.735122996638828
2265.854,0.749626444590432
2267.293,-0.73239915071292
2267.831,0.756494744009524
2268.261,-0.745221525621981
2269.798,0.758632164964455
2270.77,0.756414759241564
2271.246,-0.734113527364792
2273.249,-0.740024457915344
2273.748,0.755604814368534
2274.235,-0.744583120547694
2275.692,0.754899604759102
2277.129,-0.741182606981425
2277.67,0.755796024130731
2278.661,0.745499928967941
2279.098,-0.734497336424589
2280.084,-0.742190756573772
2281.602,0.754744841241733
2282.572,0.754850312280138
2283.988,-0.743536189724075
2285.436,0.756017102452527
2285.931,-0.741624177454734
2286.411,0.751529092339424
2287.916,-0.733653593960279
2288.899,-0.732897427686822
2289.415,0.7484528627717
2290.373,0.749544815127191
2291.799,-0.73369406372676
2292.344,0.758383309709871
2292.767,-0.732899716155382
2295.298,0.747497967752375
2295.775,-0.739637555756382
2296.736,-0.731434679979991
2297.24,0.749120977580493
2298.255,0.75808083476352
2298.672,-0.742042886092534
2300.687,-0.733161330379001
2301.228,0.756954494450126
2303.183,0.750779861022281
2303.646,-0.741567949382165
2304.616,-0.742362244776651
2305.105,0.755959653170983
2306.085,0.749728105803231
2306.6,-0.734059292338283
2308.065,0.750750108007508
2309.502,-0.734051614135024
2310.476,-0.742326488928567
2310.986,0.748931036132445
2312.39,-0.735064116376748
2312.907,0.757526869733871
2314.837,0.758589112626371
2315.259,-0.733236742395744
2317.265,-0.745435920564561
2317.79,0.749388077705064
2319.194,-0.743670303864725
2319.675,0.753370022641842
2320.168,-0.735732789310248
2321.637,0.749288934050381
2322.091,-0.734885569783077
2322.589,0.747303794822363
2324.513,0.756410789984129
2325.941,-0.734749134307134
2326.462,0.750302276065363
2327.908,-0.741150378278449
2329.365,0.751055794692377
2329.848,-0.73232475405657
2330.837,-0.743965814646197
2331.334,0.75837617932828
2332.769,-0.746150360119125
2333.276,0.749357087030058
2334.276,0.755427044982832
2335.699,-0.741748791186132
2336.221,0.751375517259506
2336.669,-0.733010553603192
2338.163,0.753285509536659
2339.581,-0.732525061030508
2340.557,-0.734648736190333
2341.087,0.746190327648865
2342.106,0.755283753224253
2342.547,-0.740957322387685
2344.088,0.751328253124738
2345.503,-0.73523402679745
2346.048,0.749598214158759
2346.486,-0.735296204007502
2348.002,0.758444280511875
2348.44,-0.743170619209209
2350.879,0.7507195456879
2351.352,-0.736462960270942
2352.297,-0.734332168713425
2353.744,0.750449560682995
2354.718,0.752305257917907
2355.191,-0.732562548578401
2356.172,-0.741792884518188
2357.634,0.746125750766746
2358.617,0.757375626624998
2359.059,-0.736874255934125
2361.5,0.745083239497244
2361.961,-0.734077213115174
2362.447,0.760189559190432
2363.887,-0.73982148369748
2364.434,0.757144869328332
2364.865,-0.742322899613643
2367.394,0.753401354927015
2367.841,-0.733987066345447
2369.395,0.748900867611477
2369.831,-0.734090601718221
2370.325,0.749551579236749
2371.765,-0.734290872207367
2372.307,0.748421153251293
2373.739,-0.736927978606221
2374.706,-0.740482883204138
2375.262,0.75002035194428
2376.242,0.742890958659074
2377.63,-0.741700839021573
2379.09,0.753715332825174
2379.589,-0.741218344514957
2380.546,-0.740087866699994
2381.047,0.758610800700867
2382.984,0.74738913329658
2383.451,-0.738442618922072
2384.488,-0.739103028113456
2385.928,0.748649830749903
2386.416,-0.73642621266864
2387.876,0.748196617070959
2388.859,0.753284895051615
2389.334,-0.734905218383001
2391.261,-0.732754954078066
2391.775,0.757814651499045
2393.207,-0.742717748573022
2393.75,0.752351764913789
2395.172,-0.743041337532794
2395.679,0.75567824638085
2396.689,0.745665685593489
2397.144,-0.734720281052989
2398.11,-0.734164879681446
2398.592,0.756287405674344
2400.995,-0.734366551952855
2401.492,0.751171233904346
2402.922,-0.741558248810155
2403.452,0.75742273726851
2404.42,0.750810670116534
2405.868,-0.742847934460232
2406.834,-0.744401954982504
2407.362,0.756017016981152
2408.801,-0.74474290546889
2409.317,0.759322222848967
2411.254,0.749973865653681
2411.7,-0.743869978528713
2412.26,0.748088315802958
2413.688,-0.739817388288132
2414.211,0.759157448282457
2415.607,-0.73766370499767
2417.084,0.752421185602925
2417.575,-0.732839971926906
2418.118,0.753748781142459
2418.577,-0.737186353825004
2420.111,0.754005135328877
2421.52,-0.738786782520017
2423.455,-0.739638066938894
2423.937,0.753102381827077
2424.924,0.757551532535846
2425.392,-0.741442393961961
2426.379,-0.742231706895447
2427.844,0.757446734107995
2428.294,-0.737487098545951
2429.772,0.751418577598689
2431.245,-0.738810242304727
2431.715,0.759759355494533
2433.141,-0.732940669555684
2433.678,0.756397486438303
2434.104,-0.733760581714257
2435.669,0.747195087213452
2436.098,-0.735848146226342
2437.577,0.746825406284388
2438.569,0.754329624396691
2439.018,-0.739283153648066
2440.933,-0.734064383674472
2441.426,0.752415832861582
2443.339,0.754683241578218
2443.822,-0.740890557401805
2444.772,-0.732178393312992
2445.269,0.748646716791582
2446.731,-0.738437883675808
2447.202,0.750774131919945
2448.183,0.744548426630617
2449.644,-0.741113348602581
2451.109,0.75333838391051
2451.59,-0.735271162384185
2452.094,0.751821324869812
2453.536,-0.741010125964822
2454.031,0.747759818335218
2454.511,-0.731094102446242
2456.956,0.754973369096226
2457.419,-0.736013524905431
2459.398,-0.742241417788221
2459.908,0.758271207274438
2460.36,-0.733843575365132
2460.906,0.743664795440663
2462.304,-0.736597449152953
2462.802,0.749037137613822
2464.733,0.751663003450916
2465.219,-0.742495312293746
2466.213,-0.733096379381014
2466.709,0.752848631218061
2468.166,-0.732575228711814
2468.664,0.749389734506346
2470.145,-0.733340094452491
2471.656,0.742780747680465
2472.092,-0.734526106412152
2472.666,0.751402455539463
2475.098,-0.73916840360648
2475.554,0.75550773712859
2476.052,-0.741888621182392
2477.525,0.758893298524552
2479.45,0.74837579384948
2479.939,-0.741099635118537
2480.437,0.755381983292456
2480.919,-0.740837342434467
2482.855,-0.731139171747488
2483.353,0.753780682368189
2484.368,0.748018946346779
2484.852,-0.741731379387552
2486.328,0.75036860082429
2486.791,-0.741231929035195
2489.289,0.755029677769067
2489.733,-0.740392417318337
2490.304,0.748101331057088
2490.736,-0.738639233740473
2492.201,0.749445370361826
2493.661,-0.73977950307477
2495.116,0.753755808206152
2495.58,-0.741277185640127
2496.57,-0.736787213515216
2497.065,0.748648614359374
2498.034,0.753749521601475
2499.49,-0.740828039826327
2499.999,0.325057700324567
