t,x_lin,u_lin,x_nl,u_nl
0,-2,1.55180426124054,-2,1.58210744023499
0.005,-2,1.55180426124054,-2,1.58210744023499
0.1,-2,1.55180426124054,-2,1.58210744023499
0.2,-2,1.55180426124054,-2,1.58210744023499
0.3,-2,1.55180426124054,-2,1.58210744023499
0.4,-2,1.55180426124054,-2,1.58210744023499
0.5,-2,1.55180426124054,-2,1.58210744023499
0.6,-2,1.55180426124054,-2,1.58210744023499
0.7,-2,1.55180426124054,-2,1.58210744023499
0.8,-2,1.55180426124054,-2,1.58210744023499
0.9,-2,1.55180426124054,-2,1.58210744023499
1,-2,1.55180426124054,-2,1.58210744023499
1.1,-2,1.55180426124054,-2,1.58210744023499
1.2,-2,1.55180426124054,-2,1.58210744023499
1.3,-2,1.55180426124054,-2,1.58210744023499
1.4,-2,1.55180426124054,-2,1.58210744023499
1.5,-2,1.55180426124054,-2,1.58210744023499
1.6,-2,1.55180426124054,-2,1.58210744023499
1.7,-2,1.55180426124054,-2,1.58210744023499
1.8,-2,1.55180426124054,-2,1.58210744023499
1.9,-2,1.55180426124054,-2,1.58210744023499
2,-2,1.55180426124054,-2,1.58210744023499
2.1,-2,1.55180426124054,-2,1.58210744023499
2.2,-2,1.55180426124054,-2,1.58210744023499
2.3,-2,1.55180426124054,-2,1.58210744023499
2.4,-2,1.55180426124054,-2,1.58210744023499
2.5,-2,1.55180426124054,-2,1.58210744023499
2.6,-2,1.55180426124054,-2,1.58210744023499
2.7,-2,1.55180426124054,-2,1.58210744023499
2.8,-2,1.55180426124054,-2,1.58210744023499
2.9,-2,1.55180426124054,-2,1.58210744023499
3,-2,1.55180426124054,-2,1.58210744023499
3.1,-2,1.55180426124054,-2,1.58210744023499
3.2,-2,1.55180426124054,-2,1.58210744023499
3.3,-2,1.55180426124054,-2,1.58210744023499
3.4,-2,1.55180426124054,-2,1.58210744023499
3.5,-2,1.55180426124054,-2,1.58210744023499
3.6,-2,1.55180426124054,-2,1.58210744023499
3.7,-2,1.55180426124054,-2,1.58210744023499
3.8,-2,1.55180426124054,-2,1.58210744023499
3.9,-2,1.55180426124054,-2,1.58210744023499
4,-2,1.55180426124054,-2,1.58210744023499
4.1,-2,1.55180426124054,-2,1.58210744023499
4.2,-2,1.55180426124054,-2,1.58210744023499
4.3,-2,1.55180426124054,-2,1.58210744023499
4.4,-2,1.55180426124054,-2,1.58210744023499
4.5,-2,1.55180426124054,-2,1.58210744023499
4.6,-2,1.55180426124054,-2,1.58210744023499
4.7,-2,1.55180426124054,-2,1.58210744023499
4.8,-2,1.55180426124054,-2,1.58210744023499
4.9,-2,1.55180426124054,-2,1.58210744023499
5,-2,1.55180426124054,-2,1.58210744023499
5.1,-2,1.55180426124054,-2,1.58210744023499
5.2,-2,1.55180426124054,-2,1.58210744023499
5.3,-2,1.55180426124054,-2,1.58210744023499
5.4,-2,1.55180426124054,-2,1.58210744023499
5.5,-2,1.55180426124054,-2,1.58210744023499
5.6,-2,1.55180426124054,-2,1.58210744023499
5.7,-2,1.55180426124054,-2,1.58210744023499
5.8,-2,1.55180426124054,-2,1.58210744023499
5.9,-2,1.55180426124054,-2,1.58210744023499
6,-2,1.55180426124054,-2,1.58210744023499
6.1,-2,1.55180426124054,-2,1.58210744023499
6.2,-2,1.55180426124054,-2,1.58210744023499
6.3,-2,1.55180426124054,-2,1.58210744023499
6.4,-2,1.55180426124054,-2,1.58210744023499
6.5,-2,1.55180426124054,-2,1.58210744023499
6.6,-2,1.55180426124054,-2,1.58210744023499
6.7,-2,1.55180426124054,-2,1.58210744023499
6.8,-2,1.55180426124054,-2,1.58210744023499
6.9,-2,1.55180426124054,-2,1.58210744023499
7,-2,1.55180426124054,-2,1.58210744023499
7.1,-2,1.55180426124054,-2,1.58210744023499
7.2,-2,1.55180426124054,-2,1.58210744023499
7.3,-2,1.55180426124054,-2,1.58210744023499
7.4,-2,1.55180426124054,-2,1.58210744023499
7.5,-2,1.55180426124054,-2,1.58210744023499
7.6,-2,1.55180426124054,-2,1.58210744023499
7.7,-2,1.55180426124054,-2,1.58210744023499
7.8,-2,1.55180426124054,-2,1.58210744023499
7.9,-2,1.55180426124054,-2,1.58210744023499
8,-2,1.55180426124054,-2,1.58210744023499
8.1,-2,1.55180426124054,-2,1.58210744023499
8.2,-2,1.55180426124054,-2,1.58210744023499
8.3,-2,1.55180426124054,-2,1.58210744023499
8.4,-2,1.55180426124054,-2,1.58210744023499
8.5,-2,1.55180426124054,-2,1.58210744023499
8.6,-2,1.55180426124054,-2,1.58210744023499
8.7,-2,1.55180426124054,-2,1.58210744023499
8.8,-2,1.55180426124054,-2,1.58210744023499
8.9,-2,1.55180426124054,-2,1.58210744023499
9,-2,1.55180426124054,-2,1.58210744023499
9.1,-2,1.55180426124054,-2,1.58210744023499
9.2,-2,1.55180426124054,-2,1.58210744023499
9.3,-2,1.55180426124054,-2,1.58210744023499
9.4,-2,1.55180426124054,-2,1.58210744023499
9.5,-2,1.55180426124054,-2,1.58210744023499
9.6,-2,1.55180426124054,-2,1.58210744023499
9.7,-2,1.55180426124054,-2,1.58210744023499
9.8,-2,1.55180426124054,-2,1.58210744023499
9.9,-2,1.55180426124054,-2,1.58210744023499
10,-2,0,-2,0
10.036,-2.4717902697099,2.37478453037374,-2.5434086087556,3.2680304298469
10.041,-2.58306660934735,3.22934119549942,-2.63943770807342,3.05330852363615
10.099,-3.15911760024795,2.68065859428728,-3.16144970707821,2.77883433475457
10.1,-3.16300973564837,2.68065859428728,-3.16497166222328,2.77883433475457
10.151,-3.24418368663919,2.6399682805732,-3.23648189146448,2.70543765286364
10.154,-3.24430391406831,2.61430656560243,-3.23648189146448,2.71342914847101
10.176,-3.24430303479561,2.87007808414332,-3.23648189146448,2.98813507554376
10.18,-3.24368377133593,2.87007808414332,-3.23647268201053,3.04195592687601
10.191,-3.23342552723172,2.5384735792586,-3.2291806584587,2.73980165617638
10.198,-3.22603818676454,2.5384735792586,-3.22042366068805,2.60631902959222
10.2,-3.22403729982035,2.5384735792586,-3.21791312089613,2.60631902959222
10.204,-3.22015560501081,2.56794158710261,-3.21301024627128,2.60631902959222
10.27,-3.15152172468202,2.47982116836469,-3.14065550488033,2.54355998538544
10.297,-3.12666410297073,2.47982116836469,-3.11571465745751,2.50179320837048
10.299,-3.12489453441118,2.47982116836469,-3.11397476406193,2.50179320837048
10.3,-3.12400785936282,2.47982116836469,-3.11311647375701,2.50179320837048
10.369,-3.07306190650436,2.41491263400583,-3.06427757543597,2.45815639558922
10.388,-3.06174965251707,2.41491263400583,-3.05392870266521,2.43757297343682
10.399,-3.05576973673886,2.41491263400583,-3.04837880401013,2.43757297343682
10.4,-3.05523151615688,2.41491263400583,-3.04790725070272,2.43757297343682
10.425,-3.04376821960564,2.42056922990357,-3.03706174174829,2.43757297343682
10.432,-3.04084793960478,2.42056922990357,-3.03412726421209,2.41623901601384
10.487,-3.02026978510971,2.36053606181004,-3.01725274698836,2.41623901601384
10.499,-3.01699837089752,2.38807823224765,-3.01405273580007,2.41623901601384
10.5,-3.01678109984242,2.38807823224765,-3.01377803322134,2.41623901601384
10.553,-3.0042834764193,2.36742872351431,-3.00243964906182,2.42013996314613
10.565,-3.00185941415913,2.3471830274537,-3.00020906294916,2.39940360056124
10.569,-3.00111379601843,2.3471830274537,-2.99936038933885,2.37900559974361
10.599,-2.99685154617894,2.35342822496319,-2.99514538111548,2.40503592168759
10.6,-2.99670177529726,2.35342822496319,-2.99499012621119,2.40503592168759
10.638,-2.99306148715709,2.37903948735559,-2.99015972036385,2.38480941984178
10.656,-2.99079803977607,2.33459689621415,-2.98835739595066,2.38480941984178
10.657,-2.99066107327747,2.33459689621415,-2.98825808406258,2.36446679725458
10.668,-2.98981401793826,2.36167191507013,-2.98765138719483,2.38769017108272
10.699,-2.98742172874133,2.34065205427859,-2.98765138719483,2.41544990915769
10.7,-2.98737996453399,2.34065205427859,-2.98765138719483,2.41586793197848
10.704,-2.98727250736436,2.36254230233814,-2.98765138719483,2.41752954476297
10.799,-2.98727250736436,2.4133463428489,-2.98765138719483,2.45236083937859
10.8,-2.98727250736436,2.41368934535463,-2.98765138719483,2.45268035736078
10.899,-2.98727250736436,2.44263779866218,-2.98765138719483,2.4794529477213
10.9,-2.98727250736436,2.44287961339499,-2.98765138719483,2.47967429015043
10.999,-2.98727250736436,2.46181047718263,-2.98765138719483,2.4967275007585
11,-2.98727250736436,2.46195110414251,-2.98765138719483,2.49685066763458
11.099,-2.98727250736436,2.47086437841025,-2.98765138719483,2.50418449849018
11.1,-2.98727250736436,2.4709038175972,-2.98765138719483,2.50420948981321
11.125,-2.98727250736436,2.47156093700887,-2.98765138719483,2.50451520234138
11.138,-2.98727250736436,2.4716527053038,-2.98765138719483,2.50443167923998
11.199,-2.98727250736436,2.46979950234504,-2.98765138719483,2.50182394091636
11.2,-2.98727250736436,2.46973775375906,-2.98765138719483,2.50175075668633
11.299,-2.98727250736436,2.45861584898699,-2.98765138719483,2.48964582803703
11.3,-2.98727250736436,2.45845291262808,-2.98765138719483,2.48947446825395
11.399,-2.98727250736436,2.43731341833614,-2.98765138719483,2.46765015985219
11.4,-2.98727250736436,2.4370492942043,-2.98765138719483,2.46738062451605
11.499,-2.98727250736436,2.40589221039245,-2.98765138719483,2.43583693636184
11.5,-2.98727250736436,2.40552689848768,-2.98765138719483,2.43546922547264
11.599,-2.98727250736436,2.36435222515593,-2.98765138719483,2.39420615756598
11.6,-2.98727250736436,2.36388572547824,-2.98765138719483,2.39374027112373
11.699,-2.98727250736436,2.31269346262658,-2.98765138719483,2.3427578234646
11.7,-2.98727250736436,2.31212577517596,-2.98765138719483,2.34219376146929
11.799,-2.98727250736436,2.25091592280441,-2.98765138719483,2.28149193405771
11.8,-2.98727250736436,2.25024704758086,-2.98765138719483,2.28082969650935
11.899,-2.98727250736436,2.1790196056894,-2.98765138719483,2.21040848934531
11.9,-2.98727250736436,2.17824954269292,-2.98765138719483,2.20964807624389
11.999,-2.98727250736436,2.09700451128157,-2.98765138719483,2.12950748932739
12,-2.98727250736436,2.09613326051216,-2.98765138719483,2.12864890067292
12.054,-2.98727345345269,2.04762429941857,-2.98765138719483,2.08082720636857
12.068,-2.99456999986774,2.41607236439132,-2.98765138719483,2.06796167369416
12.099,-3.00677660115841,2.36542640096306,-2.98765138719483,2.03878893400397
12.1,-3.00703615123481,2.36542640096306,-2.98765138719483,2.03783216979644
12.125,-3.0108672791266,2.36786967558116,-2.98771210813536,2.01611054379078
12.143,-3.01233320966621,2.39467596690375,-2.9991303259732,2.46873748413711
12.149,-3.0126215567575,2.38633776853981,-3.00318267355749,2.46873748413711
12.199,-3.0126215567575,2.40562500385835,-3.01664199041831,2.4262033774364
12.2,-3.0126215567575,2.40639173961389,-3.01674826223053,2.4262033774364
12.212,-3.0126215567575,2.41567085056649,-3.01742920362537,2.41010232040733
12.217,-3.0126215567575,2.4195797951197,-3.01742920362537,2.40382833045303
12.299,-3.0126215567575,2.4872658127671,-3.01742920362537,2.48448700410086
12.3,-3.0126215567575,2.48813289540927,-3.01742920362537,2.48556670525797
12.399,-3.0126215567575,2.57894118159449,-3.01742920362537,2.5993162323101
12.4,-3.0126215567575,2.57990860978435,-3.01742920362537,2.60053450139646
12.474,-3.0126215567575,2.65428288478187,-3.01742920362537,2.69453167382256
12.499,-3.01257280550315,2.65428288478187,-3.01742920362537,2.72800225344205
12.5,-3.01256873680009,2.67962124402798,-3.01742920362537,2.72935909045763
12.514,-3.00455238086832,2.29782650815084,-3.01742920362537,2.74850030500142
12.544,-2.99276813748417,2.3535616412534,-3.01729720269526,2.78467760469687
12.559,-2.98932996290167,2.33241571440624,-3.00727119432988,2.34027354912739
12.595,-2.98636879252427,2.34538526036637,-2.99074926821959,2.39416097744364
12.599,-2.98636879252427,2.35220652642268,-2.9897575062352,2.39416097744364
12.6,-2.98636879252427,2.35260863301382,-2.98950443230839,2.39416097744364
12.601,-2.98636879252427,2.35273805503037,-2.9892491461091,2.37248659929415
12.662,-2.98636879252427,2.31362541734451,-2.98389802584317,2.35877944765259
12.699,-2.98636879252427,2.28660180377169,-2.98389802584317,2.34010995574857
12.7,-2.98636879252427,2.28585084504179,-2.98389802584317,2.33928629047863
12.799,-2.98636879252427,2.20614148685456,-2.98389802584317,2.25140267662272
12.8,-2.98636879252427,2.20528215552007,-2.98389802584317,2.25045095415938
12.899,-2.98636879252427,2.11484390947867,-2.98389802584317,2.14989363748238
12.9,-2.98636879252427,2.11387620553959,-2.98389802584317,2.14881389900274
12.973,-2.98650378556284,2.04578433393882,-2.98389802584317,2.06653527738925
12.986,-2.99398426675628,2.41672169288261,-2.98389802584317,2.05116731058451
12.999,-3.00110330029434,2.3932842663313,-2.98389802584317,2.03558299671222
13,-3.00145258502009,2.3932842663313,-2.98389802584317,2.03437524221629
13.001,-3.00178330596788,2.36823756596067,-2.98389802584317,2.03316620756019
13.022,-3.00752513756458,2.36823756596067,-2.98400877314892,2.01242819646489
13.029,-3.00911863414928,2.3934255610567,-2.98659596281628,2.20967205773729
13.039,-3.01062840584387,2.3934255610567,-2.9952595408768,2.46340993400105
13.082,-3.01246467862282,2.381031441143,-3.01217740292394,2.42535996473286
13.099,-3.01246467862282,2.38370865514263,-3.0141915000375,2.40479941067871
13.1,-3.01246467862282,2.38436776128285,-3.01425999767044,2.40479941067871
13.124,-3.01246467862282,2.40076860677841,-3.0158324138499,2.42711049171293
13.199,-3.01246467862282,2.45581999099407,-3.0158324138499,2.47624759631652
13.2,-3.01246467862282,2.4565916671818,-3.0158324138499,2.47718194907278
13.299,-3.01246467862282,2.53789297634305,-3.0158324138499,2.57591358168733
13.3,-3.01246467862282,2.53876375084545,-3.0158324138499,2.57697380736706
13.399,-3.01246467862282,2.62987579315859,-3.0158324138499,2.68816685933758
13.4,-3.01246467862282,2.63084566597565,-3.0158324138499,2.68935295794008
13.454,-3.01233242905899,2.67982734145755,-3.0158324138499,2.75527149537819
13.467,-3.00474694712991,2.30278977526161,-3.01583206972004,2.75652682408821
13.475,-2.99966376782194,2.30278977526161,-3.01583144891878,2.78185335810018
13.495,-2.99300485577514,2.36290999102621,-3.00283448281608,2.31983965591547
13.499,-2.99183395684021,2.34026412417619,-3.00013510546953,2.31983965591547
13.5,-2.99156376790072,2.34026412417619,-2.9995499960872,2.31983965591547
13.537,-2.98682881737963,2.35853696674259,-2.98706663459789,2.35866832956283
13.543,-2.98682881737963,2.36474878475718,-2.98607580840716,2.35866832956283
13.551,-2.98682881737963,2.36138775112165,-2.98531393149463,2.3855506399801
13.578,-2.98682881737963,2.34367046058657,-2.98361466118953,2.36767609070938
13.599,-2.98682881737963,2.32922474367364,-2.98361466118953,2.36320242745606
13.6,-2.98682881737963,2.32852533125328,-2.98361466118953,2.36236510431871
13.699,-2.98682881737963,2.25410009417158,-2.98361466118953,2.27244025293612
13.7,-2.98682881737963,2.25329596647187,-2.98361466118953,2.2714666127791
13.799,-2.98682881737963,2.16850391908088,-2.98361466118953,2.16862792871542
13.8,-2.98682881737963,2.16759507612622,-2.98361466118953,2.16752401969945
13.899,-2.98682881737963,2.0724362184954,-2.98361466118953,2.05178871859998
13.9,-2.98682881737963,2.0714226602858,-2.98361466118953,2.05055454072506
13.924,-2.98682980269626,2.04682840828946,-2.98363540362934,2.03313926817424
13.933,-2.99020322956563,2.28823869160212,-2.9836900806845,2.01266123932764
13.938,-2.99418370206149,2.41577609117805,-2.98476681729965,2.10674986254247
13.949,-3.00052842766129,2.394895660507,-2.99387249634082,2.45438843423443
13.999,-3.01150699104545,2.37316697768909,-3.01299958380702,2.43376484577526
14,-3.01155008591594,2.37316697768909,-3.01317111634697,2.43376484577526
14.014,-3.01196617689944,2.36159306598421,-3.01445053232189,2.41227666169163
14.019,-3.01196617689944,2.35750340251138,-3.01467482203545,2.41227666169163
14.028,-3.01196617689944,2.36096443901641,-3.0149156563573,2.4024569710624
14.032,-3.01196617689944,2.36326449290492,-3.0149156563573,2.39924082936185
14.099,-3.01196617689944,2.40557534037161,-3.0149156563573,2.44958132389355
14.1,-3.01196617689944,2.40623978772834,-3.0149156563573,2.45041270923407
14.199,-3.01196617689944,2.47672926157631,-3.0149156563573,2.53858978574781
14.2,-3.01196617689944,2.47748884399427,-3.0149156563573,2.53953975548724
14.299,-3.01196617689944,2.55739668890192,-3.0149156563573,2.63945668737771
14.3,-3.01196617689944,2.55825140638108,-3.0149156563573,2.64052524151486
14.399,-3.01196617689944,2.64757762234836,-3.0149156563573,2.75218202877864
14.4,-3.01196617689944,2.64852747488873,-3.0149156563573,2.75336916731349
14.424,-3.01190059269656,2.65424656849384,-3.01489317989051,2.7812364604298
14.44,-3.01172553685245,2.65424656849384,-3.00494081781754,2.33672164361389
14.441,-3.01171058255424,2.67960684296321,-3.00409428381061,2.33672164361389
14.454,-3.0037669766507,2.29798705295409,-2.99579537968261,2.33672164361389
14.499,-2.98847337178048,2.333987480491,-2.98408249786339,2.36877786409101
14.5,-2.98833809078435,2.333987480491,-2.98395158000832,2.36877786409101
14.508,-2.98760073971874,2.36105189771698,-2.98307778310305,2.36877786409101
14.527,-2.98600234041989,2.33789249095057,-2.98207411618028,2.35308310861503
14.535,-2.98571077087274,2.34314505585597,-2.98207411618028,2.35597175196529
14.599,-2.98571077087274,2.30648915502092,-2.98207411618028,2.29384981161886
14.6,-2.98571077087274,2.3056915974928,-2.98207411618028,2.2928168231462
14.699,-2.98571077087274,2.22110999825958,-2.98207411618028,2.18349638754696
14.7,-2.98571077087274,2.22019883662388,-2.98207411618028,2.18232088237223
14.799,-2.98571077087274,2.12437043202722,-2.98207411618028,2.05889129337809
14.8,-2.98571077087274,2.12334566629733,-2.98207411618028,2.05757327150243
14.836,-2.98571077087274,2.08569749675387,-2.98211307826621,2.0111364801347
14.854,-2.98571077087274,2.06632129608435,-2.99361011831952,2.46159214189216
14.873,-2.98572375824579,2.04608380226234,-3.00347974835496,2.41353248716585
14.889,-2.99467221972963,2.43294806352785,-3.00801849400056,2.41353248716585
14.899,-2.99972906437771,2.38058080254868,-3.00989294580387,2.39348128082654
14.9,-3.00007968089098,2.38058080254868,-3.01005078342044,2.39348128082654
14.902,-3.00074279936873,2.35880260087324,-3.0103738687155,2.39348128082654
14.934,-3.00894310986879,2.3846327975126,-3.01408241412501,2.40699476515458
14.954,-3.01106780321458,2.38993391453602,-3.01408241412501,2.40681044519981
14.964,-3.01174578809912,2.37636136415826,-3.01408241412501,2.41394217966839
14.999,-3.01174578809912,2.37764100313738,-3.01408241412501,2.4398979557354
15,-3.01174578809912,2.37823944960747,-3.01408241412501,2.44065975061007
15.099,-3.01174578809912,2.44212075205571,-3.01408241412501,2.52161945673363
15.1,-3.01174578809912,2.44281271296785,-3.01408241412501,2.52249321146659
15.199,-3.01174578809912,2.51593929669149,-3.01408241412501,2.61453694243434
15.2,-3.01174578809912,2.51672464050104,-3.01408241412501,2.61552265701386
15.299,-3.01174578809912,2.59909613106794,-3.01408241412501,2.71865041279249
15.3,-3.01174578809912,2.5999748577749,-3.01408241412501,2.71974808721859
15.358,-3.01174578809912,2.65253878815291,-3.01396332701659,2.78059579368408
15.376,-3.011730940518,2.65347261076933,-3.00176495810727,2.31851895341489
15.388,-3.01170177030812,2.67931172394995,-2.99484100584086,2.35030963282651
15.399,-3.00613302596545,2.34751133478081,-2.99081052985999,2.37726943345477
15.4,-3.00531815283155,2.32521249210747,-2.9904837347029,2.37726943345477
15.402,-3.00375752641465,2.29724157858648,-2.98984711627798,2.37726943345477
15.432,-2.99213404722908,2.35120783201222,-2.98384170666827,2.38317219169002
15.457,-2.98756197229316,2.32997954069172,-2.98230017985456,2.36217212742334
15.459,-2.98745165562533,2.35592652596167,-2.98230017985456,2.36760678092644
15.484,-2.98597742977222,2.33778201336021,-2.98230017985456,2.35298158960008
15.499,-2.98597742977222,2.34313411882823,-2.98230017985456,2.33851106416439
15.5,-2.98597742977222,2.34244388350301,-2.98230017985456,2.33753480595445
15.599,-2.98597742977222,2.26409648464488,-2.98230017985456,2.2339183372184
15.6,-2.98597742977222,2.26324801046007,-2.98230017985456,2.23280134612394
15.699,-2.98597742977222,2.17373060480754,-2.98230017985456,2.11525361648206
15.7,-2.98597742977222,2.17277064655492,-2.98230017985456,2.1139959059676
15.781,-2.98597742977222,2.09131164220072,-2.98237883683846,2.01128182797866
15.797,-2.98597742977222,2.07435585830774,-2.99268145069045,2.45370315213264
15.799,-2.98597742977222,2.07221631818891,-2.99430136184427,2.45370315213264
15.8,-2.98597742977222,2.07114487586848,-2.99506056079468,2.45370315213264
15.829,-2.98611111199979,2.04513639333722,-3.00752648401865,2.40947152695927
15.842,-2.99364279327069,2.41674855737502,-3.0106589710483,2.40947152695927
15.87,-3.00527389063705,2.36668242110725,-3.01429549172698,2.4035751975315
15.876,-3.0068476713028,2.36668242110725,-3.01429549172698,2.39484364241432
15.899,-3.01063881404016,2.36969000560783,-3.01429549172698,2.40844676495023
15.9,-3.01071423221115,2.36969000560783,-3.01429549172698,2.40916078061398
15.932,-3.01283217765348,2.39118080747693,-3.01429549172698,2.4326281722552
15.999,-3.01283217765348,2.41741240988859,-3.01429549172698,2.4855361969193
16,-3.01283217765348,2.41812031692951,-3.01429549172698,2.48636451125154
16.099,-3.01283217765348,2.49325310744308,-3.01429549172698,2.57399349739812
16.1,-3.01283217765348,2.49406303454593,-3.01429549172698,2.57493546561429
16.199,-3.01283217765348,2.57929581037219,-3.01429549172698,2.67381618627022
16.2,-3.01283217765348,2.58020775752846,-3.01429549172698,2.67487180837032
16.278,-3.01283217765348,2.65448287356317,-3.0142947273764,2.75500201308317
16.296,-3.01280473096121,2.65448287356317,-3.01427901635871,2.78080265935766
16.299,-3.01279467196788,2.65448287356317,-3.01411604633457,2.78080265935766
16.3,-3.01279095525131,2.65448287356317,-3.01383101916356,2.73892380031281
16.306,-3.01276472637085,2.68008657292362,-3.00977547792866,2.48179787307779
16.312,-3.01096629311743,2.53056282912296,-3.00436731125537,2.3362041255746
16.32,-3.00469417029886,2.297122718115,-2.99845799266735,2.3362041255746
16.388,-2.98745384894236,2.33912100764924,-2.98269314007606,2.37061665542557
16.399,-2.98680434625791,2.33912100764924,-2.98269314007606,2.37434111256331
16.4,-2.98678138387129,2.33912100764924,-2.98269314007606,2.37356917546691
16.401,-2.98678030023189,2.34607609477356,-2.98269314007606,2.37276110254671
16.407,-2.98678030023189,2.35189369293781,-2.98269314007606,2.36752549868315
16.499,-2.98678030023189,2.287089050952,-2.98269314007606,2.27748058075058
16.5,-2.98678030023189,2.28631471780405,-2.98269314007606,2.276437347106
16.599,-2.98678030023189,2.20445323753341,-2.98269314007606,2.16634625110191
16.6,-2.98678030023189,2.20357380340316,-2.98269314007606,2.16516542220096
16.699,-2.98678030023189,2.11130732588408,-2.98269314007606,2.04145239581674
16.7,-2.98678030023189,2.11032279077153,-2.98269314007606,2.04013397165942
16.724,-2.98678030023189,2.0863786451232,-2.98277471534597,2.01205500911351
16.74,-2.98678030023189,2.07007955821427,-2.99302900849309,2.45311797160415
16.764,-2.98681788146895,2.04680709601095,-3.00546531910551,2.4069394064624
16.78,-2.99593379606298,2.43439690831553,-3.01010867442125,2.4069394064624
16.799,-3.0037779390014,2.36790181503658,-3.01338852117057,2.41235847488122
16.8,-3.00407247971926,2.36790181503658,-3.01346430164451,2.41235847488122
16.82,-3.0092289406445,2.39511795079512,-3.01436542596165,2.40184161927307
16.825,-3.01013745193548,2.39511795079512,-3.01436542596165,2.39718907478195
16.884,-3.01320017309287,2.39741013524952,-3.01436542596165,2.43798378292526
16.885,-3.0132184141246,2.39701775174851,-3.01436542596165,2.4387487529667
16.899,-3.0132184141246,2.39588891244935,-3.01436542596165,2.4495782540554
16.9,-3.0132184141246,2.39654659387311,-3.01436542596165,2.45036035559096
16.999,-3.0132184141246,2.47091266261162,-3.01436542596165,2.53344179689273
17,-3.0132184141246,2.47171759251317,-3.01436542596165,2.53433810831264
17.099,-3.0132184141246,2.55660764543691,-3.01436542596165,2.62872632815176
17.1,-3.0132184141246,2.55751766609948,-3.01436542596165,2.62973684945587
17.199,-3.0132184141246,2.65281170436386,-3.01436542596165,2.73543184783198
17.2,-3.0132184141246,2.65382681578744,-3.01436542596165,2.73655657902031
17.228,-3.01314689320521,2.67989409536247,-3.01434254090021,2.75585175034476
17.242,-3.00507721256845,2.29761431282888,-3.01424501382761,2.75585175034476
17.244,-3.00365650669832,2.29761431282888,-3.01422444198414,2.78168576887181
17.259,-2.99709549016725,2.35533614709579,-3.00434660414701,2.33718135962439
17.299,-2.98882164169653,2.36025589364963,-2.98693178995725,2.36472168933597
17.3,-2.98874060208913,2.36025589364963,-2.98668229124253,2.36472168933597
17.323,-2.98705391193913,2.3462795151681,-2.983066233948,2.36472168933597
17.334,-2.98705391193913,2.35108897282496,-2.98253286442227,2.37227206849479
17.339,-2.98705391193913,2.34811930240615,-2.98253286442227,2.37901430412058
17.399,-2.98705391193913,2.30632806341764,-2.98253286442227,2.32559110815854
17.4,-2.98705391193913,2.30559846713532,-2.98253286442227,2.32460495463553
17.499,-2.98705391193913,2.22827361404956,-2.98253286442227,2.22010171442602
17.5,-2.98705391193913,2.22744109208807,-2.98253286442227,2.21897669139035
17.599,-2.98705391193913,2.1399265967995,-2.98253286442227,2.10072537056934
17.6,-2.98705391193913,2.1389911491592,-2.98253286442227,2.09946147803287
17.667,-2.98705391193913,2.0739715102961,-2.98253892734953,2.0119329503818
17.684,-2.98706996051776,2.06691183619036,-2.99279803988913,2.45305453447144
17.698,-2.98714784800848,2.04622304552656,-3.00144750593968,2.42766881117055
17.699,-2.98716119472508,2.04622304552656,-3.00186936690844,2.42766881117055
17.7,-2.9872401054434,2.04622304552656,-3.00227435623267,2.42766881117055
17.701,-2.98746931467859,2.07603414273044,-3.00266277540838,2.40558339974147
17.711,-2.99439320212075,2.41368826361942,-3.00613643629219,2.40558339974147
17.782,-3.01239363417855,2.37062327812917,-3.01515441039353,2.43372087392851
17.784,-3.01253443857699,2.37062327812917,-3.0152141671204,2.43343940478793
17.799,-3.01345066943003,2.39192779829211,-3.0152141671204,2.43062236435104
17.8,-3.01345066943003,2.38789729927003,-3.0152141671204,2.43136919267616
17.806,-3.01345066943003,2.38080307786989,-3.0152141671204,2.43602640886754
17.899,-3.01345066943003,2.44735186432456,-3.0152141671204,2.51529815686191
17.9,-3.01345066943003,2.44814139390153,-3.0152141671204,2.51620760074431
17.999,-3.01345066943003,2.53159821676112,-3.0152141671204,2.61222994912048
18,-3.01345066943003,2.53249468360556,-3.0152141671204,2.61326035065982
18.099,-3.01345066943003,2.62653829594328,-3.0152141671204,2.72125750707262
18.1,-3.01345066943003,2.62754170005516,-3.0152141671204,2.72240886626889
18.152,-3.01338845531352,2.65503783394709,-3.01516160517129,2.7817112059682
18.154,-3.01337784844239,2.68048045281749,-3.01510946697033,2.7817112059682
18.168,-3.00527502911426,2.29755452264023,-3.00500203885231,2.33507172731494
18.199,-2.99318649632135,2.35604179305823,-2.99028087714957,2.38940600117103
18.2,-2.99291283531657,2.35604179305823,-2.9899916108887,2.38940600117103
18.221,-2.98927696136407,2.36106750955409,-2.98511188619203,2.36896930139125
18.248,-2.9871817840723,2.34490974712967,-2.982437101423,2.36896930139125
18.255,-2.9871817840723,2.35371050514416,-2.98223415813729,2.35248658545868
18.299,-2.9871817840723,2.32615249781114,-2.98223415813729,2.32082647190527
18.3,-2.9871817840723,2.32546144549468,-2.98223415813729,2.31982506277319
18.399,-2.9871817840723,2.2520026868919,-2.98223415813729,2.21369347970508
18.4,-2.9871817840723,2.25120972467844,-2.98223415813729,2.21255082121008
18.499,-2.9871817840723,2.16766196741815,-2.98223415813729,2.0924360366391
18.5,-2.9871817840723,2.1667670961516,-2.98223415813729,2.09115213382963
18.563,-2.9871817840723,2.10833571984907,-2.98230983085925,2.01110708357298
18.579,-2.9871817840723,2.09285194001706,-2.99258569853857,2.45337050118828
18.599,-2.9871817840723,2.07313034263595,-3.0036384121662,2.40559978674399
18.6,-2.9871817840723,2.07213356231632,-3.00399669245108,2.40559978674399
18.622,-2.98721974852499,2.06713437436021,-3.01053773661523,2.43234942333952
18.628,-2.98725184070392,2.04678723435842,-3.01180539730649,2.43234942333952
18.641,-2.99438871895666,2.41318528536616,-3.01317324842218,2.4096943650796
18.673,-3.00721087720942,2.36810586797585,-3.01452705417516,2.41397818330119
18.699,-3.01153547734604,2.37340582168427,-3.01452705417516,2.42530578627292
18.7,-3.01159974993815,2.37340582168427,-3.01452705417516,2.42605766076279
18.727,-3.01263879926363,2.37000861416725,-3.01452705417516,2.44681445636981
18.731,-3.01263879926363,2.36734623466084,-3.01452705417516,2.44996148586983
18.799,-3.01263879926363,2.41061906472978,-3.01452705417516,2.50628830998554
18.8,-3.01263879926363,2.41132281555077,-3.01452705417516,2.50715649137157
18.899,-3.01263879926363,2.48596803714952,-3.01452705417516,2.59882344524405
18.9,-3.01263879926363,2.48677227060256,-3.01452705417516,2.59980712151201
18.999,-3.01263879926363,2.57136527270285,-3.01452705417516,2.70290806869538
19,-3.01263879926363,2.57226998878719,-3.01452705417516,2.70400723984526
19.071,-3.01263879926363,2.63907316683179,-3.01443388464087,2.78121711629761
19.087,-3.01263879926363,2.65482676325152,-3.00400356721451,2.34138543333334
19.089,-3.01263796219445,2.65482676325152,-3.00236403353099,2.31921679049911
19.099,-3.01260852187035,2.65482676325152,-2.99624173090741,2.34907591039263
19.1,-3.01260323536296,2.65482676325152,-2.99578973504498,2.34907591039263
19.12,-3.01240242394341,2.67985841663597,-2.98888239804082,2.37643486117612
19.133,-3.00448608835675,2.29908659269173,-2.98566214923587,2.35523350276122
19.146,-2.99755482295087,2.32858591607371,-2.98409011662147,2.38164829017248
19.172,-2.99015899904377,2.33412717118351,-2.98261179873586,2.36134223469412
19.199,-2.98718107597857,2.33905916058198,-2.98261179873586,2.35187092277974
19.2,-2.98707337145784,2.33905916058198,-2.98261179873586,2.35092883608513
19.215,-2.98621768399435,2.34421005513709,-2.98261179873586,2.33661718925695
19.22,-2.98621768399435,2.34979173519488,-2.98261179873586,2.33177643468621
19.299,-2.98621768399435,2.29365581121795,-2.98261179873586,2.25070519907652
19.3,-2.98621768399435,2.29286865973901,-2.98261179873586,2.24962368402179
19.399,-2.98621768399435,2.2095167519379,-2.98261179873586,2.13571071723168
19.4,-2.98621768399435,2.20862002649159,-2.98261179873586,2.13449096023005
19.497,-2.98621768399435,2.11642960753179,-2.98266634191071,2.0123493217209
19.499,-2.98621768399435,2.11442029592351,-2.98271047336476,2.0123493217209
19.5,-2.98621768399435,2.11341399650986,-2.9828715203669,2.0123493217209
19.513,-2.98621768399435,2.1002323918221,-2.99265041159299,2.45086629229231
19.571,-2.98636707511722,2.04522792366711,-3.01324990006287,2.43327720468918
19.586,-2.99546145942166,2.43439931269221,-3.01407548551863,2.41102310468701
19.595,-3.00017065250126,2.38071028360385,-3.01431352106061,2.40265625866221
19.599,-3.00155553646874,2.35927444128245,-3.01431352106061,2.39907032931136
19.6,-3.0018763693546,2.35927444128245,-3.01431352106061,2.3990585281427
19.652,-3.0120010818597,2.39344851894628,-3.01431352106061,2.43483237437575
19.661,-3.01255738644406,2.37747635220097,-3.01431352106061,2.44168535829532
19.699,-3.01255738644406,2.3841313642682,-3.01431352106061,2.47163638973126
19.7,-3.01255738644406,2.3847851316946,-3.01431352106061,2.47244676522811
19.799,-3.01255738644406,2.45445464522458,-3.01431352106061,2.55830690195959
19.8,-3.01255738644406,2.45520829677234,-3.01431352106061,2.55923107467954
19.899,-3.01255738644406,2.53476165093841,-3.01431352106061,2.65635713649732
19.9,-3.01255738644406,2.53561513785865,-3.01431352106061,2.65739510644036
19.99,-3.01255738644406,2.61651721918377,-3.01431352106061,2.75547239759963
19.999,-3.01255738644406,2.6250521939007,-3.01430357453426,2.75547239759963
20,-3.01255738644406,2.62600551619343,-3.01430123282637,2.75547239759963
20.015,-3.01255738644406,2.64042515303132,-3.01423522732754,2.78117266087764
20.033,-3.0125567450536,2.65408614655284,-3.00225163681872,2.31907917137942
20.056,-3.01252745187757,2.6798203380926,-2.9911711036694,2.37541005980874
20.07,-3.00463935017961,2.29884944919954,-2.9872015105781,2.37541005980874
20.099,-2.99299021413737,2.35736954524102,-2.98342167376335,2.38119655568503
20.1,-2.99270464026465,2.35736954524102,-2.9833726948342,2.38119655568503
20.118,-2.98906206222882,2.3372837617567,-2.98247830014627,2.36069959615734
20.127,-2.98831716792792,2.36287603970933,-2.98247830014627,2.36532869721312
20.154,-2.98653462093405,2.34195954410424,-2.98247830014627,2.34066317450425
20.199,-2.98653462093405,2.32242839504372,-2.98247830014627,2.29576114697723
20.2,-2.98653462093405,2.32169566364159,-2.98247830014627,2.29473127834221
20.299,-2.98653462093405,2.24385566859433,-2.98247830014627,2.18587876987844
20.3,-2.98653462093405,2.24301587879074,-2.98247830014627,2.18470959793852
20.399,-2.98653462093405,2.15457750464558,-2.98247830014627,2.06206606229808
20.4,-2.98653462093405,2.15363066062806,-2.98247830014627,2.06075758705335
20.437,-2.98653462093405,2.11784484085599,-2.98249287708285,2.01212377676523
20.455,-2.98653462093405,2.09990560477012,-2.99365853664514,2.46075392804581
20.488,-2.98653462093405,2.06611614406919,-3.00789664360118,2.41203824205365
20.499,-2.98656549302657,2.06611614406919,-3.01024672089726,2.41203824205365
20.5,-2.98657138983106,2.06611614406919,-3.01042642160567,2.41203824205365
20.514,-2.98671035451127,2.0456519329235,-3.01245040580637,2.41203824205365
20.529,-2.99590941511243,2.43487898998621,-3.01378658677769,2.41203824205365
20.548,-3.00385581184134,2.36832597285054,-3.01454526609876,2.41325587019339
20.552,-3.00501819064979,2.36832597285054,-3.01454526609876,2.40999473553906
20.599,-3.0120801651762,2.37262189359676,-3.01454526609876,2.44260004618149
20.6,-3.01212651470191,2.37262189359676,-3.01454526609876,2.44337750758107
20.625,-3.0128998502163,2.38188250033773,-3.01454526609876,2.46318988234465
20.699,-3.0128998502163,2.42556893645243,-3.01454526609876,2.52607039697579
20.7,-3.0128998502163,2.42630062625357,-3.01454526609876,2.52696349853729
20.799,-3.0128998502163,2.50381454120306,-3.01454526609876,2.62110471692563
20.8,-3.0128998502163,2.50464878907727,-3.01454526609876,2.62211345815986
20.899,-3.0128998502163,2.59231595322119,-3.01454526609876,2.72770300414944
20.9,-3.0128998502163,2.59325275916807,-3.01454526609876,2.72882738505641
20.951,-3.0128998502163,2.64238978250212,-3.01438703052861,2.78154278564253
20.966,-3.01289954397718,2.65433910456596,-3.00441094503546,2.33618947471185
20.989,-3.01287632487098,2.67980167902368,-2.99175456579358,2.36645026856386
20.999,-3.00823344839118,2.38071056376182,-2.98902437779745,2.36645026856386
21,-3.00741011124169,2.35184608774652,-2.9888024708897,2.39145310232383
21.003,-3.00502696537538,2.29969341382867,-2.98814185604558,2.39145310232383
21.037,-2.99198219473664,2.33453367856407,-2.98278156874747,2.37326853122049
21.056,-2.98898171578588,2.36187735428313,-2.98278156874747,2.37567330963169
21.085,-2.9868658116812,2.34560970874306,-2.98278156874747,2.3490201229762
21.099,-2.9868658116812,2.34758471961196,-2.98278156874747,2.33571041905328
21.1,-2.9868658116812,2.34695250909933,-2.98278156874747,2.33474945831822
21.199,-2.9868658116812,2.27494685841699,-2.98278156874747,2.23283817691625
21.2,-2.9868658116812,2.2741660478196,-2.98278156874747,2.23174032392267
21.299,-2.9868658116812,2.19169695234569,-2.98278156874747,2.11627671270785
21.3,-2.9868658116812,2.19081172061028,-2.98278156874747,2.11504196749506
21.38,-2.9868658116812,2.11660993690512,-2.98279772965137,2.01266860162358
21.398,-2.9868658116812,2.0989935411341,-2.99394544131717,2.46101978735474
21.399,-2.9868658116812,2.09800493247204,-2.99473778229149,2.46101978735474
21.4,-2.9868658116812,2.0970152795986,-2.99549367131614,2.46101978735474
21.453,-2.98694107862005,2.0462681105782,-3.01214798178621,2.41249387239307
21.466,-2.99407612177678,2.41167896413275,-3.01347406491964,2.41249387239307
21.488,-3.00433388365069,2.36464778117427,-3.01448008139834,2.40811625634681
21.492,-3.00544677170706,2.36464778117427,-3.01448008139834,2.40498855756944
21.499,-3.00732140485676,2.36464778117427,-3.01448008139834,2.40776265018923
21.5,-3.0075836095881,2.36464778117427,-3.01448008139834,2.40840374648977
21.546,-3.01295419978168,2.38463750963209,-3.01448008139834,2.44262648808994
21.599,-3.01295419978168,2.40009849244342,-3.01448008139834,2.48534231749043
21.6,-3.01295419978168,2.40079745693338,-3.01448008139834,2.48617935932678
21.699,-3.01295419978168,2.47509301388301,-3.01448008139834,2.57474501205046
21.7,-3.01295419978168,2.4758949691567,-3.01448008139834,2.57569717531963
21.799,-3.01295419978168,2.56038655465124,-3.01448008139834,2.67565984989325
21.8,-3.01295419978168,2.5612915000946,-3.01448008139834,2.67672713459525
21.895,-3.01295419978168,2.65195766895099,-3.01443272419628,2.78140191398838
21.898,-3.01295419978168,2.65497220667482,-3.0142091752141,2.76132319381898
21.899,-3.01295401805186,2.65497220667482,-3.01388788382444,2.7310204933904
21.9,-3.01295347278866,2.65497220667482,-3.01343144200691,2.69220069979872
21.911,-3.01292331260012,2.65497220667482,-3.0043001211515,2.33436373412724
21.929,-3.01277381496894,2.68014519358095,-2.99366984296627,2.36285425802031
21.942,-3.00498804618473,2.3004269512701,-2.98960840563182,2.38865376484345
21.986,-2.9897029119498,2.33262947133652,-2.98283887070187,2.37465107049662
21.999,-2.9882506121788,2.35839771201632,-2.98283887070187,2.37543800210383
22,-2.98819196945804,2.35839771201632,-2.98283887070187,2.37460610425298
22.024,-2.98657956763214,2.34225535075793,-2.98283887070187,2.35285055831581
22.099,-2.98657956763214,2.30338892525083,-2.98283887070187,2.279219301457
22.1,-2.98657956763214,2.30263260710062,-2.98283887070187,2.27818570363677
22.199,-2.98657956763214,2.22247561496702,-2.98283887070187,2.16910590527173
22.2,-2.98657956763214,2.22161259994339,-2.98283887070187,2.16793587080176
22.299,-2.98657956763214,2.1308926173991,-2.98283887070187,2.0453488441139
22.3,-2.98657956763214,2.12992290550264,-2.98283887070187,2.04404237299422
22.328,-2.98657956763214,2.10233778309833,-2.98293650850374,2.01152297131912
22.345,-2.98657956763214,2.08518155752862,-2.99416883879119,2.46169100461957
22.385,-2.98663950699869,2.04620904330236,-3.01001980390171,2.41283993955468
22.398,-2.99372848111912,2.41153482875189,-3.01220577523449,2.41283993955468
22.399,-2.99449635654933,2.41153482875189,-3.01234019674022,2.41283993955468
22.4,-2.9952301759543,2.41153482875189,-3.01247028619412,2.41283993955468
22.416,-3.00286715949966,2.36472704698123,-3.01402671004147,2.41283993955468
22.435,-3.00802850784398,2.390813581436,-3.01481666902026,2.40984726393287
22.439,-3.00894468811355,2.390813581436,-3.01481666902026,2.40668912022483
22.489,-3.01307362175461,2.39043917498081,-3.01481666902026,2.44227985290878
22.499,-3.01307362175461,2.38259785782791,-3.01481666902026,2.45027285443419
22.5,-3.01307362175461,2.38307611188281,-3.01481666902026,2.45107863350676
22.599,-3.01307362175461,2.45437495423974,-3.01481666902026,2.53668173469698
22.6,-3.01307362175461,2.45515273793558,-3.01481666902026,2.53760531119489
22.699,-3.01307362175461,2.53729833470805,-3.01481666902026,2.63487035656349
22.7,-3.01307362175461,2.53818005801771,-3.01481666902026,2.63591173047707
22.799,-3.01307362175461,2.63061567655844,-3.01481666902026,2.74483871999652
22.8,-3.01307362175461,2.63160133948192,-3.01481666902026,2.74599789132576
22.836,-3.01306448382339,2.65455846005619,-3.01465381900764,2.78217150517821
22.849,-3.0130364398934,2.67969548261207,-3.00640880523117,2.36523392949099
22.851,-3.01297443439857,2.67969548261207,-3.00462738972935,2.3360220702754
22.863,-3.00513728509679,2.29931892323602,-2.99638504503968,2.3360220702754
22.899,-2.9915877477935,2.336671702486,-2.98543081498311,2.36542592437847
22.9,-2.99136117561656,2.336671702486,-2.98524792359963,2.36542592437847
22.918,-2.98893388800317,2.36316728452347,-2.98309937961882,2.36542592437847
22.927,-2.98822674530293,2.36316728452347,-2.9827396082917,2.37275284890735
22.932,-2.98770558337669,2.34134567890779,-2.9827396082917,2.37854442148819
22.947,-2.9868899166608,2.3422272114035,-2.9827396082917,2.36792255913657
22.999,-2.9868899166608,2.31912791973545,-2.9827396082917,2.31874149879373
23,-2.9868899166608,2.31840988882363,-2.9827396082917,2.31775873128078
23.099,-2.9868899166608,2.24216541773417,-2.9827396082917,2.21367206934648
23.1,-2.9868899166608,2.24134315679863,-2.9827396082917,2.21255207601352
23.199,-2.9868899166608,2.15477996415414,-2.9827396082917,2.09488005802489
23.2,-2.9868899166608,2.15385347372313,-2.9827396082917,2.09362283887324
23.263,-2.9868899166608,2.09338330994071,-2.98276383793295,2.01291328814914
23.281,-2.9868899166608,2.07534628726662,-2.99398160146486,2.4612293704224
23.289,-2.9868899166608,2.06722143406951,-2.99929825384348,2.44060670383994
23.299,-2.98689483863784,2.06722143406951,-3.00360736264996,2.41737342260656
23.3,-2.98689587647983,2.06722143406951,-3.00396290683333,2.41737342260656
23.302,-2.986898254212,2.06722143406951,-3.00464033639347,2.39691534962063
23.31,-2.98691187381434,2.04655825117795,-3.00719522648483,2.39691534962063
23.326,-2.99593820770108,2.43446607836536,-3.01142664494013,2.42522829302957
23.368,-3.00961052019682,2.38778224309131,-3.01508800689637,2.42243682663963
23.399,-3.0126808665714,2.39320805719567,-3.01508800689637,2.43130592914623
23.4,-3.01270451573821,2.38178234215319,-3.01508800689637,2.43209288881006
23.408,-3.01270451573821,2.36727553628612,-3.01508800689637,2.4384336079414
23.499,-3.01270451573821,2.42715956383904,-3.01508800689637,2.51597267834482
23.5,-3.01270451573821,2.42788531397987,-3.01508800689637,2.51687993614294
23.599,-3.01270451573821,2.50473433032265,-3.01508800689637,2.61263621290918
23.6,-3.01270451573821,2.50556108556248,-3.01508800689637,2.61366342534876
23.699,-3.01270451573821,2.59240960670624,-3.01508800689637,2.72129521161936
23.7,-3.01270451573821,2.59333736704507,-3.01508800689637,2.72244237870039
23.752,-3.01270451573821,2.64297275492849,-3.01503059715089,2.78130675948029
23.768,-3.01270142699116,2.65481493478943,-3.00484569186285,2.33462823095926
23.796,-3.01250000724052,2.679833981336,-2.9910663015877,2.39053054473527
23.799,-3.0119655356448,2.63004686506135,-2.99021708610761,2.39053054473527
23.8,-3.01150107755752,2.59043916794525,-2.98993377233207,2.39053054473527
23.809,-3.0046345583586,2.29904218083056,-2.98747272053513,2.36788827930172
23.851,-2.98972062281861,2.33333631597019,-2.9825254506141,2.36044478504426
23.889,-2.9863974959549,2.34224546798595,-2.9825254506141,2.33626268598292
23.899,-2.9863974959549,2.35034136331719,-2.9825254506141,2.3265486003154
23.9,-2.9863974959549,2.34984730169658,-2.9825254506141,2.3255695405491
23.999,-2.9863974959549,2.27616127719477,-2.9825254506141,2.22176551407864
24,-2.9863974959549,2.27535709452683,-2.9825254506141,2.22064752429188
24.099,-2.9863974959549,2.19038986246047,-2.9825254506141,2.10308957747337
24.1,-2.9863974959549,2.1894775353897,-2.9825254506141,2.1018326592436
24.168,-2.9863974959549,2.12490222688695,-2.98252739632693,2.01320797769413
24.185,-2.9863974959549,2.10797705645084,-2.99263513812396,2.45225100592033
24.199,-2.9863974959549,2.09380400744343,-3.00134652340356,2.42981352605219
24.2,-2.9863974959549,2.09278353596983,-3.00177176442912,2.42981352605219
24.233,-2.98639907817342,2.06692027982069,-3.01146440521317,2.43280910854285
24.245,-2.98640749762079,2.04620275897017,-3.01314987699007,2.41069422723988
24.261,-2.99535200159881,2.43376539742973,-3.01392592548753,2.41069422723988
24.267,-2.99881107025234,2.40759505046516,-3.01407783636707,2.40371684834348
24.272,-3.00075106203205,2.38134609992159,-3.01407783636707,2.39903429398026
24.299,-3.00848599839781,2.38514010726398,-3.01407783636707,2.41568417615523
24.3,-3.00866680799972,2.38514010726398,-3.01407783636707,2.41640191900961
24.309,-3.00985506934763,2.36458028618523,-3.01407783636707,2.42291309406521
24.336,-3.01225209915308,2.37639424140013,-3.01407783636707,2.44299194589137
24.399,-3.01225209915308,2.3982978253938,-3.01407783636707,2.49301570829764
24.4,-3.01225209915308,2.3989567642695,-3.01407783636707,2.49384555177711
24.499,-3.01225209915308,2.46901342327741,-3.01407783636707,2.58154026711234
24.5,-3.01225209915308,2.46976977041727,-3.01407783636707,2.58248203404369
24.599,-3.01225209915308,2.54946984502539,-3.01407783636707,2.68125717111562
24.6,-3.01225209915308,2.55032360040287,-3.01407783636707,2.68231086149885
24.693,-3.01225209915308,2.63398056457495,-3.01395905008717,2.7804751542587
24.699,-3.01225209915308,2.63966709053567,-3.01206483261083,2.62594640970412
24.7,-3.01225209915308,2.64061825415077,-3.01134113846471,2.57990471301374
24.711,-3.01225209915308,2.65114534335372,-3.00177095234347,2.31852402199077
24.743,-3.01217455380905,2.67953659328249,-2.98807741390291,2.37721046248965
24.757,-3.00408355503675,2.29627392739678,-2.9848971128687,2.35709806060622
24.792,-2.99103557289909,2.33373967302522,-2.98233534817725,2.3625453963265
24.799,-2.9895559027979,2.33373967302522,-2.98233534817725,2.36986034733076
24.8,-2.98938931813064,2.33373967302522,-2.98233534817725,2.36942678755153
24.81,-2.98828794508796,2.36012444047867,-2.98233534817725,2.36139887606568
24.836,-2.98634103158479,2.34198994253335,-2.98233534817725,2.33645108898871
24.899,-2.98634103158479,2.31245989744668,-2.98233534817725,2.27189517897309
24.9,-2.98634103158479,2.31170002920691,-2.98233534817725,2.27082554080685
24.999,-2.98634103158479,2.23109770212893,-2.98233534817725,2.15797959124873
25,-2.98634103158479,2.23022924055163,-2.98233534817725,2.15676951326228
25.097,-2.98634103158479,2.14082702737625,-2.98233534817725,2.03271684392191
25.099,-2.98634103158479,2.1388761753946,-2.98233567879932,2.03271684392191
25.1,-2.98634103158479,2.13789912050407,-2.98233609217935,2.03271684392191
25.113,-2.98634103158479,2.1250985870122,-2.98235665525443,2.01209451161415
25.131,-2.98634103158479,2.10707179606416,-2.99359489347561,2.46084561416697
25.19,-2.98635793145468,2.04629409904902,-3.01295391174545,2.42153169122591
25.199,-2.98987811367237,2.29461698150224,-3.01349402163562,2.40113789911958
25.2,-2.99067684582644,2.33029185131199,-3.01355398946294,2.40113789911958
25.206,-2.99534476224603,2.43375369075759,-3.0139461170888,2.40113789911958
25.22,-3.00169581004668,2.35907433670394,-3.01475390526332,2.42059392925694
25.28,-3.01220289457978,2.37741652637295,-3.01475390526332,2.4524777071263
25.299,-3.01220289457978,2.36917440792482,-3.01475390526332,2.46786338486409
25.3,-3.01220289457978,2.36976730986792,-3.01475390526332,2.46868488722917
25.399,-3.01220289457978,2.43488178116492,-3.01475390526332,2.55581989332923
25.4,-3.01220289457978,2.43558849448676,-3.01475390526332,2.55675869411753
25.499,-3.01220289457978,2.5103554570766,-3.01475390526332,2.6555062441004
25.5,-3.01220289457978,2.51115918744344,-3.01475390526332,2.65656234331176
25.59,-3.01220289457978,2.5874677684522,-3.01475390526332,2.75641464275766
25.599,-3.01220289457978,2.59553083748857,-3.01473624978495,2.75641464275766
25.6,-3.01220289457978,2.59643158490041,-3.01473209315871,2.75641464275766
25.617,-3.01220289457978,2.61189272698065,-3.01459118721344,2.78188711439101
25.632,-3.01220289457978,2.62576775207711,-3.0045795710204,2.33605794742738
25.693,-3.01207021036898,2.67964584919595,-2.98356636120564,2.3655718047759
25.699,-3.01006235143529,2.5163911915931,-2.983069581426,2.3655718047759
25.7,-3.00934247672405,2.47223325452611,-2.98300638444165,2.3655718047759
25.706,-3.00449951427419,2.30256896739815,-2.98273834327666,2.3655718047759
25.708,-3.00301496645162,2.30256896739815,-2.98269273368335,2.37091716709709
25.713,-2.99993259519105,2.30256896739815,-2.98269273368335,2.37753988465316
25.776,-2.98658805748933,2.35330105370245,-2.98269273368335,2.32142049237512
25.799,-2.98658805748933,2.35239578896487,-2.98269273368335,2.29841639631433
25.8,-2.98658805748933,2.35170799823798,-2.98269273368335,2.29739970640546
25.899,-2.98658805748933,2.27797680872167,-2.98269273368335,2.18993628030459
25.9,-2.98658805748933,2.27717862637248,-2.98269273368335,2.18878199190839
25.999,-2.98658805748933,2.19288041970828,-2.98269273368335,2.06769631556269
26,-2.98658805748933,2.19197560798344,-2.98269273368335,2.06640442867918
26.044,-2.98658805748933,2.15110826127175,-2.98276498742259,2.01172085038764
26.06,-2.98658805748933,2.13573558691894,-2.99299405594518,2.45348128747288
26.099,-2.98658805748933,2.09712109313013,-3.00984267709053,2.40682756815602
26.1,-2.98658805748933,2.09610965202965,-3.01009896932313,2.40682756815602
26.14,-2.98661421888973,2.06631402233156,-3.01436334249249,2.40185609752211
26.145,-2.98664366011537,2.06631402233156,-3.01436334249249,2.39710643769347
26.153,-2.98671452043923,2.04622608141731,-3.01436334249249,2.40057710561361
26.166,-2.99415943477297,2.41624452294587,-3.01436334249249,2.40963121097353
26.199,-3.00697467029699,2.36946416150926,-3.01436334249249,2.43400146131976
26.2,-3.00721027128849,2.36946416150926,-3.01436334249249,2.43475949401182
26.214,-3.0102071180688,2.39618874537637,-3.01436334249249,2.44549185527937
26.242,-3.01210740053385,2.36202518974511,-3.01436334249249,2.46762803483046
26.248,-3.01210740053385,2.35697498750832,-3.01436334249249,2.47248797906394
26.299,-3.01210740053385,2.38641074970136,-3.01436334249249,2.5154573049539
26.3,-3.01210740053385,2.3870458769516,-3.01436334249249,2.51632953101884
26.399,-3.01210740053385,2.45468824659997,-3.01436334249249,2.60833248078604
26.4,-3.01210740053385,2.45541963177962,-3.01436334249249,2.60931890017093
26.499,-3.01210740053385,2.53259152743642,-3.01436334249249,2.71262698861255
26.5,-3.01210740053385,2.53341917045185,-3.01436334249249,2.71372760131739
26.56,-3.01210740053385,2.58483926977248,-3.01432734254992,2.78032324587407
26.576,-3.01210740053385,2.5991365438995,-3.00429630278022,2.33485487576629
26.599,-3.01210740053385,2.62012059185055,-2.99190254843619,2.36118143130032
26.6,-3.01210740053385,2.62104449270176,-2.99159653938299,2.38680738913923
26.647,-3.01209197499196,2.65398744685945,-2.98324263256251,2.3807963692488
26.652,-3.01207629040964,2.65398744685945,-2.98324263256251,2.38794633500723
26.665,-3.01200850377646,2.67952615777497,-2.98324263256251,2.37991412847009
26.679,-3.00382276798386,2.29514586168065,-2.98324263256251,2.36764271921127
26.699,-2.99503232733962,2.35688668271042,-2.98324263256251,2.3495687299798
26.7,-2.99472779901731,2.35688668271042,-2.98324263256251,2.34865099449096
26.732,-2.98812335935748,2.36083437494095,-2.98324263256251,2.31858000471605
26.759,-2.98615830797955,2.34310827250209,-2.98324263256251,2.29214645569643
26.799,-2.98615830797955,2.3276341921973,-2.98324263256251,2.25120040576671
26.8,-2.98615830797955,2.32688706528592,-2.98324263256251,2.25014944306353
26.899,-2.98615830797955,2.24747223552145,-2.98324263256251,2.1395094182782
26.9,-2.98615830797955,2.24661504191646,-2.98324263256251,2.13832522896552
26.985,-2.98615830797955,2.16973140323205,-2.98324263256251,2.03279970481115
26.999,-2.98615830797955,2.15630559672188,-2.98328508872089,2.03279970481115
27,-2.98615830797955,2.15533835709062,-2.98329140938125,2.03279970481115
27.003,-2.98615830797955,2.15243003543523,-2.98331306258797,2.01265089333727
27.019,-2.98615830797955,2.13675171664656,-2.99346337796528,2.45340864697742
27.088,-2.98615830797955,2.06591186714967,-3.01452758893655,2.41409006886274
27.094,-2.98616656126427,2.06591186714967,-3.01468857441049,2.39982059112369
27.099,-2.98618612797878,2.06591186714967,-3.01468857441049,2.39469476431749
27.1,-2.98619144181023,2.06591186714967,-3.01468857441049,2.39476332683382
27.112,-2.98629278851634,2.04562523904847,-3.01468857441049,2.40160683823828
27.125,-2.9938091139297,2.41678652439295,-3.01468857441049,2.4110895986732
27.199,-3.01177100338647,2.37237536421723,-3.01468857441049,2.46910166226194
27.2,-3.01181386686115,2.37237536421723,-3.01468857441049,2.46992941450298
27.221,-3.01243720695812,2.37840070907731,-3.01468857441049,2.48758197110375
27.299,-3.01243720695812,2.421789361174,-3.01468857441049,2.55765744791444
27.3,-3.01243720695812,2.42248926777797,-3.01468857441049,2.55860197917667
27.399,-3.01243720695812,2.49667457692323,-3.01468857441049,2.65789113568513
27.4,-3.01243720695812,2.49747336343319,-3.01468857441049,2.65895244596854
27.487,-3.01243720695812,2.57075291259506,-3.01468857441049,2.75575674155549
27.499,-3.01243720695812,2.58144778325814,-3.01467443478615,2.75575674155549
27.5,-3.01243720695812,2.58234544967395,-3.01467196475495,2.75575674155549
27.511,-3.01243720695812,2.59228504098566,-3.01463111324277,2.78163043601308
27.527,-3.01243720695812,2.60695620894478,-3.0044236859258,2.33389158270173
27.577,-3.01243720695812,2.65443512726361,-2.98516151583453,2.36303665704215
27.596,-3.01238168328671,2.65443512726361,-2.98356537541014,2.38381490866644
27.599,-3.01236245591808,2.65443512726361,-2.98356537541014,2.39113542027681
27.6,-3.01235538195221,2.65443512726361,-2.98356537541014,2.39204337457722
27.602,-3.01234021973702,2.65443512726361,-2.98356537541014,2.39261948332852
27.608,-3.01228638477728,2.67966203833907,-2.98356537541014,2.3898747759097
27.621,-3.0046456193694,2.30182402892391,-2.98356537541014,2.37930466664101
27.699,-2.98638296516626,2.33925005048182,-2.98356537541014,2.30864407301248
27.7,-2.98634649016203,2.33925005048182,-2.98356537541014,2.30768644333808
27.703,-2.98627966602724,2.34238315621632,-2.98356537541014,2.30480571467306
27.709,-2.98627966602724,2.3492664988094,-2.98356537541014,2.29900897895478
27.799,-2.98627966602724,2.28360014391368,-2.98356537541014,2.20641340106226
27.8,-2.98627966602724,2.28279666735479,-2.98356537541014,2.20532511069068
27.899,-2.98627966602724,2.19785296913441,-2.98356537541014,2.09111665939376
27.9,-2.98627966602724,2.19694041138582,-2.98356537541014,2.089897708325
27.962,-2.98627966602724,2.13823147533855,-2.98359001481617,2.0130111635504
27.98,-2.98627966602724,2.12040156095257,-2.99484537031715,2.46246666235426
27.999,-2.98627966602724,2.10119767538559,-3.00478119496341,2.41791615905687
28,-2.98627966602724,2.10017603644731,-3.00512377439356,2.41791615905687
28.002,-2.98627966602724,2.09812948613505,-3.00577628324657,2.39706191907274
28.051,-2.98628110389909,2.04669406507429,-3.01460134427953,2.40201704161149
28.065,-2.99361415109641,2.41475264402812,-3.01554464778735,2.42926941164889
28.068,-2.9957551351544,2.41475264402812,-3.01562001510772,2.42449295815831
28.099,-3.00685174565342,2.36428188557629,-3.01562001510772,2.43403851951971
28.1,-3.00711765475252,2.36428188557629,-3.01562001510772,2.43485928616014
28.154,-3.01266461703072,2.38694240619242,-3.01562001510772,2.48104280476935
28.199,-3.01266461703072,2.40160233329668,-3.01562001510772,2.52229610907362
28.2,-3.01266461703072,2.40228116223207,-3.01562001510772,2.52324141155426
28.299,-3.01266461703072,2.47446976208164,-3.01562001510772,2.62297347912508
28.3,-3.01266461703072,2.47524928394835,-3.01562001510772,2.62404296588829
28.399,-3.01266461703072,2.55740599936238,-3.01562001510772,2.73606927743343
28.4,-3.01266461703072,2.55828620912019,-3.01562001510772,2.73726294847921
28.438,-3.01266461703072,2.59248027718983,-3.0155953996714,2.78246962820686
28.454,-3.01266461703072,2.60731275122444,-3.00558196230797,2.33692561239955
28.499,-3.01266461703072,2.65041102575198,-2.98713366919192,2.36825639400205
28.5,-3.01266461703072,2.65139192340088,-2.98691784000941,2.36825639400205
28.531,-3.01259850674831,2.67977717871049,-2.98317469783203,2.36825639400205
28.537,-3.01081708217064,2.53141210035862,-2.9829865952102,2.36136272530064
28.545,-3.00455217383562,2.29720142569469,-2.9829865952102,2.36622346263817
28.599,-2.98856550837861,2.36080887745471,-2.9829865952102,2.31731235851757
28.6,-2.98850680426952,2.36080887745471,-2.9829865952102,2.3163475373465
28.626,-2.98665216587206,2.34486885694837,-2.9829865952102,2.29078741599018
28.699,-2.98665216587206,2.3051557805521,-2.9829865952102,2.21413476038731
28.7,-2.98665216587206,2.30440052861763,-2.9829865952102,2.21303467699849
28.799,-2.98665216587206,2.22437766222207,-2.9829865952102,2.09743094304833
28.8,-2.98665216587206,2.22351629059386,-2.9829865952102,2.09619559746846
28.868,-2.98665216587206,2.1624534518822,-2.98304967216858,2.01209323789833
28.884,-2.98665216587206,2.14737260079078,-2.99314255524711,2.45253503240998
28.899,-2.98665216587206,2.13298757460678,-3.00237743876639,2.4267749589547
28.9,-2.98665216587206,2.13202008328576,-3.00278751773769,2.4267749589547
28.926,-2.98665216587206,2.10649282881731,-3.0108951603661,2.43248084909139
28.971,-2.98665549005231,2.06685688000819,-3.01473144841182,2.40774844400036
28.975,-2.98666141969875,2.06685688000819,-3.01473144841182,2.40516294690107
28.986,-2.98669344759522,2.04669203254825,-3.01473144841182,2.41103425135493
28.999,-2.99361855822488,2.40853792407955,-3.01473144841182,2.42076050999866
29,-2.99439092873278,2.40853792407955,-3.01473144841182,2.42152292405644
29.002,-2.99583832531444,2.43430155109106,-3.01473144841182,2.42305158392335
29.014,-3.00146857885168,2.36261393702928,-3.01473144841182,2.43232469697942
29.079,-3.01269047055626,2.3794609060506,-3.01473144841182,2.4854886349934
29.099,-3.01269047055626,2.37563170160392,-3.01473144841182,2.50284229455576
29.1,-3.01269047055626,2.37626561752699,-3.01473144841182,2.50372227512166
29.199,-3.01269047055626,2.4450207738227,-3.01473144841182,2.5966377853873
29.2,-3.01269047055626,2.44576601706118,-3.01473144841182,2.59763488583686
29.299,-3.01269047055626,2.52453932271171,-3.01473144841182,2.70214526458508
29.3,-3.01269047055626,2.52538545938536,-3.01473144841182,2.70325948491831
29.369,-3.01269047055626,2.58620546632612,-3.01468134383813,2.78083849445204
29.385,-3.01269047055626,2.60099473170047,-3.0045293684289,2.33404698698996
29.399,-3.01269047055626,2.61414721511686,-2.99556919242762,2.35918315578037
29.4,-3.01269047055626,2.61509424522567,-2.995136515344,2.35918315578037
29.455,-3.01265301594669,2.65479117216353,-2.98361281642191,2.3848077794796
29.461,-3.01261350461858,2.65479117216353,-2.98361281642191,2.3918668606135
29.473,-3.01248925706222,2.67979855106311,-2.98361281642191,2.3841490348209
29.486,-3.00464766951713,2.29933268578483,-2.98361281642191,2.37315418807595
29.499,-2.99768208239677,2.32734724208687,-2.98361281642191,2.36187810414233
29.5,-2.99734355706152,2.35414990800822,-2.98361281642191,2.36100150415276
29.522,-2.99105734846644,2.33347024592347,-2.98361281642191,2.34138656092684
29.54,-2.98830382184703,2.35946248911094,-2.98361281642191,2.3248689350343
29.567,-2.9864011729543,2.34410581751637,-2.98361281642191,2.29930102374126
29.599,-2.9864011729543,2.3346020656556,-2.98361281642191,2.26776843758014
29.6,-2.9864011729543,2.33387857857089,-2.98361281642191,2.2667615474809
29.699,-2.9864011729543,2.25688025491593,-2.98361281642191,2.1606303931463
29.7,-2.9864011729543,2.25604843008677,-2.98361281642191,2.15949321952161
29.799,-2.9864011729543,2.16834607111125,-2.98361281642191,2.04046399616649
29.8,-2.9864011729543,2.16740613111262,-2.98361281642191,2.03919653901633
29.82,-2.9864011729543,2.14838028928419,-2.98361424964701,2.01364843404241
29.837,-2.9864011729543,2.13186830152204,-2.99375615209242,2.45400091945835
29.899,-2.9864011729543,2.06900037035987,-3.0141086293419,2.41224297827709
29.9,-2.9864011729543,2.06795231519178,-3.01416868339271,2.41224297827709
29.916,-2.98640790694935,2.06690317887199,-3.01478007408748,2.403156107402
29.921,-2.9864132153925,2.04624695009198,-3.01478007408748,2.39850267688729
29.937,-2.99537111693835,2.4337811637477,-3.01478007408748,2.40791802487012
29.999,-3.01127559408303,2.36359443768573,-3.01478007408748,2.45628554938251
30,-3.0113929884927,2.36359443768573,-3.01478007408748,2.45710299283186
30.012,-3.01222949881573,2.37473167436859,-3.01478007408748,2.46700396927406
30.099,-3.01222949881573,2.41362251568698,-3.01478007408748,2.54384646477734
30.1,-3.01222949881573,2.41430145815704,-3.01478007408748,2.54478141470058
30.199,-3.01222949881573,2.4863295762888,-3.01478007408748,2.64315802755781
30.2,-3.01222949881573,2.48710574731634,-3.01478007408748,2.64421048395491
30.299,-3.01222949881573,2.56875949263785,-3.01478007408748,2.75422023772376
30.3,-3.01222949881573,2.56963289222286,-3.01478007408748,2.75539020059471
30.322,-3.01222949881573,2.58909367134356,-3.01477868746987,2.78136623029641
30.338,-3.01222949881573,2.60354254006424,-3.00498191009719,2.33834612193999
30.392,-3.01222949881573,2.65414509173275,-2.985809219897,2.37021648750109
30.399,-3.01222354239777,2.65414509173275,-2.98467898496112,2.37021648750109
30.4,-3.01222171505955,2.65414509173275,-2.98453770280473,2.37021648750109
30.42,-3.01213180499068,2.65414509173275,-2.98275950854992,2.36225658589582
30.422,-3.01211691208675,2.67934267327881,-2.98275950854992,2.36807223614492
30.426,-3.01133613450963,2.60746295386092,-2.98275950854992,2.37093503964743
30.436,-3.00388631248466,2.29485068231873,-2.98275950854992,2.36452683347569
30.499,-2.98733775226011,2.35661304834336,-2.98275950854992,2.30462543812126
30.5,-2.98729384784523,2.35661304834336,-2.98275950854992,2.30362860532224
30.521,-2.98617751710523,2.34087117108102,-2.98275950854992,2.28237849037157
30.599,-2.98617751710523,2.29444616806551,-2.98275950854992,2.1981573117497
30.6,-2.98617751710523,2.29365208455959,-2.98275950854992,2.19702341134542
30.699,-2.98617751710523,2.20959809873952,-2.98275950854992,2.07798242487107
30.7,-2.98617751710523,2.20869412192602,-2.98275950854992,2.07671145686173
30.751,-2.98617751710523,2.16113411918171,-2.98280603513633,2.01241648774326
30.769,-2.98617751710523,2.14366579842133,-2.99431702197792,2.46233388555904
30.799,-2.98617751710523,2.11376069867417,-3.00746573026578,2.4138030882136
30.8,-2.98617751710523,2.11274682855329,-3.00771937226762,2.4138030882136
30.83,-2.98617751710523,2.08181972104744,-3.0124288233376,2.39355150384597
30.859,-2.98621983256617,2.06598527738209,-3.01476880318689,2.41490264473021
30.869,-2.98630347651819,2.04536364229682,-3.01476880318689,2.41047302863415
30.882,-2.99377508319524,2.41611562498525,-3.01476880318689,2.4196438942409
30.899,-3.0022635893634,2.36871672847477,-3.01476880318689,2.43270793962513
30.9,-3.00257363175588,2.36871672847477,-3.01476880318689,2.43348767543118
30.928,-3.00956426213088,2.39511760877981,-3.01476880318689,2.4557974685043
30.958,-3.01177484956611,2.36026536724869,-3.01476880318689,2.4807224028961
30.964,-3.01177484956611,2.35522670324662,-3.01476880318689,2.4858341999926
30.999,-3.01177484956611,2.37395992974163,-3.01476880318689,2.51649548240582
31,-3.01177484956611,2.37455926725452,-3.01476880318689,2.51739265408216
31.099,-3.01177484956611,2.43852866782261,-3.01476880318689,2.61202478493031
31.1,-3.01177484956611,2.43922163068461,-3.01476880318689,2.61303937347312
31.199,-3.01177484956611,2.51245884433347,-3.01476880318689,2.71929577410181
31.2,-3.01177484956611,2.51324542114114,-3.01476880318689,2.72042777951109
31.256,-3.01177484956611,2.55878780094385,-3.01467262347135,2.78178849769701
31.274,-3.01177484956611,2.57404989190148,-3.00254941642117,2.31939753996869
31.299,-3.01177484956611,2.59575041541174,-2.99084773009245,2.37704752279411
31.3,-3.01177484956611,2.59663060616509,-2.99053282707092,2.37704752279411
31.33,-3.01177484956611,2.62347163361292,-2.98433089650661,2.38122377084628
31.357,-3.01177484956611,2.64834891762793,-2.98274936877172,2.36435042177797
31.397,-3.01157093892718,2.67942944734854,-2.98274936877172,2.34065485047991
31.399,-3.01137568392554,2.67942944734854,-2.98274936877172,2.33875451073754
31.4,-3.01105941925875,2.63152792181216,-2.98274936877172,2.33780227715269
31.41,-3.0037566188978,2.29864435055131,-2.98274936877172,2.3282044293687
31.49,-2.98573607731115,2.34274453993354,-2.98274936877172,2.24648407404242
31.499,-2.98573607731115,2.34851166506325,-2.98274936877172,2.23674125527462
31.5,-2.98573607731115,2.34800255998883,-2.98274936877172,2.235651862445
31.599,-2.98573607731115,2.26995722118716,-2.98274936877172,2.12101313543928
31.6,-2.98573607731115,2.2691055954371,-2.98274936877172,2.11978659439001
31.684,-2.98573607731115,2.19352054891446,-2.98276450945971,2.0126493874075
31.699,-2.98573607731115,2.17918120264841,-2.99135609261614,2.42948211287792
31.7,-2.98573607731115,2.1782161739987,-2.99222931159825,2.42948211287792
31.702,-2.98573607731115,2.17628271461229,-2.99390062410125,2.46095606486342
31.79,-2.98573607731115,2.08671974678439,-3.01424072741326,2.40462295526019
31.794,-2.98573607731115,2.08244004145686,-3.01424072741326,2.40113945334536
31.799,-2.98573607731115,2.07706489414503,-3.01424072741326,2.4025610443154
31.8,-2.98573607731115,2.07598646259568,-3.01424072741326,2.40311187109134
31.829,-2.98576189453122,2.04540535243742,-3.01424072741326,2.42363321112332
31.845,-2.99485495254386,2.43336694183268,-3.01424072741326,2.43560628421481
31.899,-3.00997707846354,2.36342752495197,-3.01424072741326,2.47815547329067
31.9,-3.01007501865253,2.36342752495197,-3.01424072741326,2.47897455633181
31.921,-3.01186239439342,2.37338351780327,-3.01424072741326,2.49643683490669
31.999,-3.01186239439342,2.40535773761016,-3.01424072741326,2.56566809263734
32,-3.01186239439342,2.40600131265992,-3.01424072741326,2.56660039416803
32.099,-3.01186239439342,2.4743835854319,-3.01424072741326,2.66450256093792
32.1,-3.01186239439342,2.4751214704379,-3.01424072741326,2.66554808095815
32.182,-3.01186239439342,2.53883740873204,-3.01424072741326,2.75513354781544
32.199,-3.01186239439342,2.55284042885312,-3.01422044902638,2.75513354781544
32.2,-3.01186239439342,2.5536726238151,-3.01421796397211,2.75513354781544
32.206,-3.01186239439342,2.55868559867776,-3.01419988380899,2.78109753694438
32.222,-3.01186239439342,2.5722195171674,-3.00407981968101,2.3337329797312
32.299,-3.01186239439342,2.64072826787283,-2.98186964697138,2.36808998620894
32.3,-3.01186239439342,2.6416547727908,-2.98182187691236,2.36808998620894
32.308,-3.01186239439342,2.64910076371871,-2.98158762217445,2.35276156941349
32.344,-3.0117575873697,2.67956641636939,-2.98158762217445,2.32680277240731
32.358,-3.00355536587606,2.29466714600605,-2.98158762217445,2.31231414068748
32.399,-2.989802254974,2.34958560164321,-2.98158762217445,2.2682321005116
32.4,-2.98960912502005,2.34958560164321,-2.98158762217445,2.26712618798674
32.422,-2.98683201730067,2.35669554533459,-2.98158762217445,2.24242575968247
32.429,-2.98683201730067,2.37033461498214,-2.98158762217445,2.23441795223835
32.499,-2.98683201730067,2.32449967887661,-2.98158762217445,2.15039481581697
32.5,-2.98683201730067,2.32377177431504,-2.98158762217445,2.14914251880305
32.589,-2.98683201730067,2.25479544122408,-2.98158762217445,2.03182538577717
32.599,-2.98683201730067,2.24652707685657,-2.98160197038758,2.03182538577717
32.6,-2.98683201730067,2.24569448248002,-2.98160499354978,2.03182538577717
32.605,-2.98683201730067,2.24151580712509,-2.98162451158941,2.01142600575285
32.623,-2.98683201730067,2.22625586793131,-2.99306830243664,2.46066261176045
32.697,-2.98683201730067,2.15995692107066,-3.01339426954598,2.39855194717937
32.699,-2.98683201730067,2.15808549338296,-3.01339426954598,2.39325868487021
32.7,-2.98683201730067,2.15714820919189,-3.01339426954598,2.39182818670321
32.703,-2.98683201730067,2.15433007522982,-3.01339426954598,2.39023978667239
32.792,-2.98683201730067,2.06643943334859,-3.01339426954598,2.44871253692214
32.799,-2.98684347154558,2.06643943334859,-3.01339426954598,2.45385650024126
32.8,-2.98684698553328,2.06643943334859,-3.01339426954598,2.45459561169879
32.817,-2.98698098385547,2.04630388922492,-3.01339426954598,2.46732343444735
32.832,-2.99603806962936,2.43481376927318,-3.01339426954598,2.47880943957168
32.899,-3.01256705526215,2.39263191807937,-3.01339426954598,2.53303884504542
32.9,-3.01265732317298,2.39263191807937,-3.01339426954598,2.53388444537268
32.906,-3.01295817481628,2.38020342781102,-3.01339426954598,2.53898040999888
32.914,-3.01295817481628,2.36668553966119,-3.01339426954598,2.54583466326753
32.999,-3.01295817481628,2.42272884940002,-3.01339426954598,2.6228700768233
33,-3.01295817481628,2.42345408640813,-3.01339426954598,2.6238221660203
33.099,-3.01295817481628,2.50035212795004,-3.01339426954598,2.72335019557493
33.1,-3.01295817481628,2.50118038673066,-3.01339426954598,2.72440877364166
33.154,-3.01295817481628,2.54743623420562,-3.01330894208144,2.77976206266136
33.172,-3.01295817481628,2.56352243111644,-3.00133738187919,2.31800548791666
33.199,-3.01295817481628,2.58827758375064,-2.98910147554647,2.37469231764502
33.2,-3.01295817481628,2.58920886430376,-2.9888076031792,2.37469231764502
33.23,-3.01295817481628,2.61762633213955,-2.98313351104658,2.37932067366949
33.256,-3.01295817481628,2.64300480276774,-2.9818894918739,2.35895644315513
33.299,-3.01278341212071,2.68018843333706,-2.9818894918739,2.33102024622258
33.3,-3.01275598074996,2.68018843333706,-2.9818894918739,2.33000443763409
33.312,-3.00502644319003,2.30080666148692,-2.9818894918739,2.31770234434141
33.393,-2.98661219078093,2.34274568014359,-2.9818894918739,2.22923987146655
33.399,-2.98661219078093,2.35091780462834,-2.9818894918739,2.22231129603662
33.4,-2.98661219078093,2.35085952762502,-2.9818894918739,2.22115149400658
33.499,-2.98661219078093,2.27961613326444,-2.9818894918739,2.09920385903645
33.5,-2.98661219078093,2.27882528170767,-2.9818894918739,2.09790007248123
33.565,-2.98661219078093,2.22513684597072,-2.98191660625569,2.01147742612231
33.583,-2.98661219078093,2.20947419096648,-2.99325659639421,2.46067034002336
33.599,-2.98661219078093,2.19526232094094,-3.00212287558335,2.41519147884584
33.6,-2.98661219078093,2.19436503187616,-3.00250475209582,2.41519147884584
33.606,-2.98661219078093,2.18895894561082,-3.00456904470466,2.39511881879369
33.663,-2.98661219078093,2.13569004063388,-3.01411757860855,2.4269790524578
33.671,-2.98661219078093,2.12793696557245,-3.01451544620036,2.42108440271041
33.699,-2.98661219078093,2.10026475781711,-3.01451544620036,2.42530828385598
33.7,-2.98661219078093,2.09926103124433,-3.01451544620036,2.426048982141
33.755,-2.98669490303296,2.04593204332709,-3.01451544620036,2.46861214323908
33.768,-2.99388556271805,2.41225665748388,-3.01451544620036,2.47918321971487
33.799,-3.0065209719699,2.36767053480556,-3.01451544620036,2.50517821700715
33.8,-3.006771146881,2.36767053480556,-3.01451544620036,2.50603522972205
33.81,-3.00913969446047,2.39352069711467,-3.01451544620036,2.51466882829815
33.858,-3.01245047459419,2.3734795917038,-3.01451544620036,2.55771650558154
33.899,-3.01245047459419,2.39150399557627,-3.01451544620036,2.59659191693459
33.9,-3.01245047459419,2.39216378062223,-3.01451544620036,2.59756433224419
33.999,-3.01245047459419,2.4623831667659,-3.01451544620036,2.69954587633122
34,-3.01245047459419,2.46314194645469,-3.01451544620036,2.70063369423551
34.072,-3.01245047459419,2.52037542004272,-3.01448682892214,2.78077244759216
34.088,-3.01245047459419,2.53379082686007,-3.00450012615573,2.33556444430608
34.099,-3.01245047459419,2.5431609123481,-2.99689843656987,2.33556444430608
34.1,-3.01245047459419,2.54401867742483,-2.99637932320087,2.33556444430608
34.117,-3.01245047459419,2.55875213137285,-2.99034024314141,2.39109122460931
34.176,-3.01245047459419,2.6121051357078,-2.98310559069125,2.37175297352533
34.199,-3.01245047459419,2.63383719672464,-2.98310559069125,2.35735599480957
34.2,-3.01245047459419,2.63479394718932,-2.98310559069125,2.35644067469661
34.248,-3.01239053453534,2.6795954364097,-2.98310559069125,2.31085272411151
34.262,-3.00437210388108,2.29727341068323,-2.98310559069125,2.29697196378555
34.299,-2.9909016730852,2.35351401217093,-2.98310559069125,2.25901982444466
34.3,-2.99065862919984,2.33127500195081,-2.98310559069125,2.25796857088281
34.315,-2.98840156310411,2.35639382043477,-2.98310559069125,2.24203858808978
34.342,-2.98651643458494,2.34397456131929,-2.98310559069125,2.21260304656182
34.399,-2.98651643458494,2.31744434292386,-2.98310559069125,2.14724581944504
34.4,-2.98651643458494,2.31670221948408,-2.98310559069125,2.14606024974553
34.491,-2.98651643458494,2.24468163333657,-2.98310559069125,2.03255093356742
34.499,-2.98651643458494,2.23792564595003,-2.9831212428138,2.03255093356742
34.5,-2.98651643458494,2.23707632358065,-2.98312540967812,2.03255093356742
34.51,-2.98651643458494,2.22852414054607,-2.9831946023985,2.01165551617734
34.526,-2.98651643458494,2.21461767418381,-2.99352089328314,2.45425208952233
34.599,-2.98651643458494,2.14768706834221,-3.01456058104735,2.41146653220246
34.6,-2.98651643458494,2.14673054717142,-3.01460502325624,2.41146653220246
34.613,-2.98651643458494,2.13419822104188,-3.01498096752892,2.40813748441527
34.617,-2.98651643458494,2.13030567310184,-3.01498096752892,2.40561866574298
34.68,-2.98651643458494,2.06673561234259,-3.01498096752892,2.45218059495875
34.699,-2.98655118546633,2.06673561234259,-3.01498096752892,2.46785679777242
34.7,-2.98655499039155,2.06673561234259,-3.01498096752892,2.46869377144341
34.701,-2.98655900115931,2.04650369846843,-3.01498096752892,2.46953193615084
34.717,-2.99571762503163,2.43419979478206,-3.01498096752892,2.48310455242442
34.793,-3.01254578516175,2.38031512693026,-3.01498096752892,2.55173834308711
34.799,-3.01254578516175,2.36828083798113,-3.01498096752892,2.55744979520674
34.8,-3.01254578516175,2.368098248689,-3.01498096752892,2.55840587252086
34.899,-3.01254578516175,2.4322949276,-3.01498096752892,2.65895315695213
34.9,-3.01254578516175,2.43301637535563,-3.01498096752892,2.66002833790936
34.985,-3.01254578516175,2.49798504629424,-3.01498096752892,2.75577195742913
34.999,-3.01254578516175,2.50937698851599,-3.01497379989363,2.75577195742913
35,-3.01254578516175,2.51019817941007,-3.01497273061728,2.75577195742913
35.007,-3.01254578516175,2.51597444374739,-3.01496308003106,2.78117476449443
35.023,-3.01254578516175,2.52936086103605,-3.00506242103125,2.33730148993299
35.099,-3.01254578516175,2.59643336327757,-2.98309658493754,2.36683371056375
35.1,-3.01254578516175,2.5973542973101,-2.98307014890738,2.36683371056375
35.101,-3.01254578516175,2.59827622877402,-2.98305010347671,2.36881873220243
35.106,-3.01254578516175,2.60290084756439,-2.98305010347671,2.37530681724663
35.19,-3.01242514057918,2.67988651225792,-2.98305010347671,2.29992460038175
35.199,-3.00815036943832,2.39607560943986,-2.98305010347671,2.29095210158432
35.2,-3.00732356793745,2.36428379831343,-2.98305010347671,2.28994841940953
35.203,-3.00489373081493,2.30356701262513,-2.98305010347671,2.28692928744838
35.269,-2.98741081666632,2.36410591784525,-2.98305010347671,2.21743996105225
35.275,-2.98741081666632,2.3722511903909,-2.98305010347671,2.2108316738383
35.299,-2.98741081666632,2.35951056932364,-2.98305010347671,2.1839133987768
35.3,-2.98741081666632,2.35887092602854,-2.98305010347671,2.18277495932265
35.399,-2.98741081666632,2.29054963409071,-2.98305010347671,2.06339896803403
35.4,-2.98741081666632,2.2898094633156,-2.98305010347671,2.06212577130053
35.442,-2.98741081666632,2.25781849460165,-2.9831418377466,2.0117712898854
35.459,-2.98741081666632,2.24436782700596,-2.99432344354142,2.46175372233287
35.499,-2.98741081666632,2.2115781922508,-3.01010452352629,2.41369071196702
35.5,-2.98741081666632,2.21073793330743,-3.01029749104134,2.41369071196702
35.541,-2.98741081666632,2.17542555750034,-3.01416361536128,2.39696560913975
35.546,-2.98741081666632,2.17100406881329,-3.01416361536128,2.39180934199219
35.599,-2.98741081666632,2.12259793358428,-3.01416361536128,2.42732406295849
35.6,-2.98741081666632,2.12165758647264,-3.01416361536128,2.4280706986833
35.679,-2.98746992868999,2.04671952555045,-3.01416361536128,2.49061325800474
35.692,-2.99454022653254,2.41213959245768,-3.01416361536128,2.50157845202991
35.699,-2.99921986993295,2.41213959245768,-3.01416361536128,2.50756161107051
35.7,-2.99976111575013,2.41213959245768,-3.01416361536128,2.50842085229324
35.71,-3.00367713383457,2.36614248413942,-3.01416361536128,2.51707519750331
35.779,-3.0135993813994,2.39293138479014,-3.01416361536128,2.5798592402632
35.799,-3.0135993813994,2.38738253844869,-3.01416361536128,2.59905970179377
35.8,-3.0135993813994,2.38807879969504,-3.01416361536128,2.60003154843974
35.899,-3.0135993813994,2.46354554073653,-3.01416361536128,2.70181833484103
35.9,-3.0135993813994,2.46436224516407,-3.01416361536128,2.70290278691024
35.971,-3.0135993813994,2.5251117959012,-3.0141117287179,2.78062215955272
35.987,-3.0135993813994,2.5395543477582,-3.00398541002322,2.33401057598651
35.999,-3.0135993813994,2.5505679025399,-2.99594269256475,2.33401057598651
36,-3.0135993813994,2.5514927265442,-2.99545933399639,2.33401057598651
36.012,-3.0135993813994,2.56267494786566,-2.99105579759639,2.38838720519147
36.062,-3.0135993813994,2.61094339014487,-2.9819663350625,2.35698634382001
36.099,-3.0135993813994,2.64840222201948,-2.9819663350625,2.34313461292607
36.1,-3.0135993813994,2.64943516560054,-2.9819663350625,2.34215204844338
36.138,-3.01336389430181,2.68111558676086,-2.9819663350625,2.30374934679217
36.151,-3.00540406773119,2.29969053356978,-2.9819663350625,2.2901362179401
36.199,-2.98950282616972,2.33542921066789,-2.9819663350625,2.23777336810251
36.2,-2.9893900321439,2.33542921066789,-2.9819663350625,2.23664734886643
36.205,-2.98896456261708,2.36188176236169,-2.9819663350625,2.23099574664658
36.233,-2.9868887653857,2.34525939278341,-2.9819663350625,2.19868438819989
36.299,-2.9868887653857,2.31216413259958,-2.9819663350625,2.1180744514713
36.3,-2.9868887653857,2.31143687402249,-2.9819663350625,2.11680505863879
36.38,-2.9868887653857,2.24987885505198,-2.98197910843913,2.01127348546265
36.398,-2.9868887653857,2.23510891589905,-2.99317299025234,2.46030271289039
36.399,-2.9868887653857,2.23427846105228,-2.99396644707391,2.46030271289039
36.4,-2.9868887653857,2.23344696381903,-2.99472343027746,2.46030271289039
36.411,-2.9868887653857,2.22423169674523,-3.00089029282626,2.41128165412243
36.497,-2.9868887653857,2.14783726923082,-3.01469592567567,2.42326399112508
36.499,-2.9868887653857,2.1459689246268,-3.01469592567567,2.42066577926373
36.5,-2.9868887653857,2.14503318874506,-3.01469592567567,2.420124311165
36.501,-2.9868887653857,2.14409641047683,-3.01469592567567,2.4199178317979
36.58,-2.9868887653857,2.06679698599486,-3.01469592567567,2.47965878027146
36.599,-2.98694549387737,2.06679698599486,-3.01469592567567,2.49576510130059
36.6,-2.98695170516354,2.06679698599486,-3.01469592567567,2.496624486154
36.603,-2.98697236593026,2.04662223284176,-3.01469592567567,2.49920965096223
36.616,-2.99413721071175,2.41223650471023,-3.01469592567567,2.51053354276271
36.699,-3.01254882441935,2.371575983915,-3.01469592567567,2.58748704121793
36.7,-3.01258494057249,2.371575983915,-3.01469592567567,2.58846326353752
36.724,-3.0133107171323,2.39658613183899,-3.01469592567567,2.61224311160617
36.799,-3.0133107171323,2.44193617745045,-3.01469592567567,2.69089272775224
36.8,-3.0133107171323,2.44271155657899,-3.01469592567567,2.691985787538
36.883,-3.0133107171323,2.51075706985068,-3.01456373803885,2.78152898949676
36.898,-3.0133107171323,2.52383226258064,-3.00474119338225,2.33827978997239
36.899,-3.0133107171323,2.52471240806401,-3.00388342661094,2.33827978997239
36.9,-3.0133107171323,2.52559361179338,-3.00305691070556,2.33827978997239
36.902,-3.0133107171323,2.52735919399013,-3.00149534331157,2.3175802296472
36.958,-3.0133107171323,2.57851408701028,-2.98420018427203,2.38403631520151
36.984,-3.0133107171323,2.60339266329597,-2.98272715522395,2.36629818387329
36.999,-3.0133107171323,2.61807109872251,-2.98272715522395,2.36394734524396
37,-3.0133107171323,2.61905812705232,-2.98272715522395,2.36305870392683
37.067,-3.01312155273933,2.68076237789744,-2.98272715522395,2.29830845990977
37.08,-3.00528683871564,2.30021432446732,-2.98272715522395,2.28501295815971
37.099,-2.99633685265621,2.35406106675768,-2.98272715522395,2.26516360351926
37.1,-2.9960319431588,2.35406106675768,-2.98272715522395,2.26410516816097
37.118,-2.99115440062194,2.33196389548644,-2.98272715522395,2.24481850626164
37.134,-2.98875001931259,2.35904642793792,-2.98272715522395,2.22730128327238
37.161,-2.98680975103483,2.34326679261737,-2.98272715522395,2.19694379887065
37.199,-2.98680975103483,2.33268981880322,-2.98272715522395,2.15252248886839
37.2,-2.98680975103483,2.33198882990507,-2.98272715522395,2.15132672868541
37.294,-2.98680975103483,2.26140967682084,-2.98272715522395,2.03279371806249
37.299,-2.98680975103483,2.25739591465953,-2.982730445594,2.03279371806249
37.3,-2.98680975103483,2.25659001622211,-2.98273189479204,2.03279371806249
37.311,-2.98680975103483,2.24765592129693,-2.98276546919024,2.01198977121807
37.329,-2.98680975103483,2.23276279078857,-2.99422137361318,2.46214788073568
37.399,-2.98680975103483,2.17161516240216,-3.01419558512215,2.42203689092891
37.4,-2.98680975103483,2.17070439712604,-3.01423299481918,2.42203689092891
37.403,-2.98680975103483,2.16796580928738,-3.01429283689803,2.4001820227961
37.409,-2.98680975103483,2.16246031956362,-3.01429283689803,2.39315990001923
37.499,-2.98680975103483,2.07534772627574,-3.01429283689803,2.45740658385833
37.5,-2.98680975103483,2.07433209416094,-3.01429283689803,2.45819642590891
37.528,-2.98682758566245,2.04626620959792,-3.01429283689803,2.48077335240047
37.544,-2.9958554964225,2.43442877547146,-3.01429283689803,2.49407444062841
37.599,-3.01092869394634,2.36701353712143,-3.01429283689803,2.54201561138612
37.6,-3.01103386499612,2.36701353712143,-3.01429283689803,2.54291908621387
37.618,-3.01264299055038,2.38177350138904,-3.01429283689803,2.55937594516226
37.699,-3.01264299055038,2.41377689852392,-3.01429283689803,2.63798791663045
37.7,-3.01264299055038,2.41448087164559,-3.01429283689803,2.63900502423537
37.799,-3.01264299055038,2.48914975039861,-3.01429283689803,2.74532349959131
37.8,-3.01264299055038,2.48995423947384,-3.01429283689803,2.74645423997338
37.833,-3.01264299055038,2.51706627345515,-3.01420267651239,2.78074501976736
37.851,-3.01264299055038,2.53231602385298,-3.002169941167,2.3190281612087
37.899,-3.01264299055038,2.57457419761607,-2.98480423040629,2.35454002742721
37.9,-3.01264299055038,2.57547920264472,-2.98465905067011,2.35454002742721
37.908,-3.01264299055038,2.58275542861718,-2.98389141248354,2.37987003968763
37.935,-3.01264299055038,2.60778762915414,-2.98246084628168,2.3612918186001
37.983,-3.01264299055038,2.65409860615922,-2.98246084628168,2.32971660388179
37.999,-3.01263632225696,2.65409860615922,-2.98246084628168,2.31381516490539
38,-3.01263545428407,2.65409860615922,-2.98246084628168,2.31280947195018
38.009,-3.01262513105973,2.67944142959905,-2.98246084628168,2.30369548632352
38.023,-3.0048224878127,2.29995753964807,-2.98246084628168,2.2892936735565
38.099,-2.98691194557327,2.34224046108674,-2.98246084628168,2.20634348548104
38.1,-2.98685626122911,2.34224046108674,-2.98246084628168,2.20519835044145
38.108,-2.98657025047529,2.34006212873983,-2.98246084628168,2.19598707097997
38.114,-2.98657025047529,2.34686232147942,-2.98246084628168,2.18902004571496
38.199,-2.98657025047529,2.28665075661244,-2.98246084628168,2.08492759911638
38.2,-2.98657025047529,2.28587125140234,-2.98246084628168,2.08364302200799
38.256,-2.98657025047529,2.24051489531777,-2.98250659132918,2.01178378579338
38.274,-2.98657025047529,2.22522497206731,-2.99404909185037,2.46208101076454
38.299,-2.98657025047529,2.20341507371108,-3.00583680984522,2.41325476979641
38.3,-2.98657025047529,2.20252879755369,-3.00613295572201,2.41325476979641
38.349,-2.98657025047529,2.15779332173686,-3.01318544428229,2.39291582429396
38.373,-2.98657025047529,2.13494675477725,-3.01455815800163,2.42119885643998
38.399,-2.98657025047529,2.10950229608027,-3.01455815800163,2.4259175967669
38.4,-2.98657025047529,2.10850924897558,-3.01455815800163,2.42667031422292
38.462,-2.98660205836281,2.04627755750281,-3.01455815800163,2.47568802028396
38.478,-2.99570442745152,2.43425271851892,-3.01455815800163,2.489061084456
38.499,-3.00415575635479,2.36797547328752,-3.01455815800163,2.50706288950309
38.5,-3.00444127649585,2.36797547328752,-3.01455815800163,2.5079328499533
38.517,-3.00876988287655,2.39329020190557,-3.01455815800163,2.52289926312326
38.574,-3.01256676453662,2.38102398310348,-3.01455815800163,2.57552176842019
38.599,-3.01256676453662,2.38966782260827,-3.01455815800163,2.59978817182124
38.6,-3.01256676453662,2.39033004908276,-3.01455815800163,2.60077387443908
38.699,-3.01256676453662,2.46093853082798,-3.01455815800163,2.70408767090223
38.7,-3.01256676453662,2.46170173343624,-3.01455815800163,2.70518911568769
38.771,-3.01256676453662,2.5184428164694,-3.01444296521711,2.78177180211326
38.789,-3.01256676453662,2.53362815832426,-3.00222334985195,2.31892939624672
38.799,-3.01256676453662,2.54220433325872,-2.99615236120799,2.35065473934696
38.8,-3.01256676453662,2.5430674457984,-2.99570393579847,2.35065473934696
38.845,-3.01256676453662,2.58294157787395,-2.98419618135751,2.3831419427056
38.871,-3.01256676453662,2.60690213396238,-2.98261863471727,2.3655573057116
38.899,-3.01256676453662,2.63346112883146,-2.98261863471727,2.35241539467197
38.9,-3.01256676453662,2.63442415130255,-2.98261863471727,2.35147310343588
38.957,-3.01224618395471,2.68022718034848,-2.98261863471727,2.29543924025948
38.97,-3.0040780926095,2.29616910241863,-2.98261863471727,2.28203036589431
38.999,-2.9924776048104,2.35375881263836,-2.98261863471727,2.25127669906566
39,-2.99220633000693,2.35375881263836,-2.98261863471727,2.25019549965592
39.023,-2.98800048307345,2.35894062034184,-2.98261863471727,2.22494651545973
39.049,-2.98606752699689,2.34184148103746,-2.98261863471727,2.1955239304958
39.099,-2.98606752699689,2.32140427360847,-2.98261863471727,2.13631647196115
39.1,-2.98606752699689,2.32064465997662,-2.98261863471727,2.13509708495282
39.196,-2.98606752699689,2.2425642909521,-2.98263328378679,2.01236474976957
39.199,-2.98606752699689,2.2399597891808,-2.98273588716519,2.01236474976957
39.2,-2.98606752699689,2.23908940656839,-2.98296606860479,2.04185701762669
39.214,-2.98606752699689,2.22678774384139,-2.9937832218202,2.46085175667687
39.299,-2.98606752699689,2.14743852356804,-3.01425512335446,2.41235785701088
39.3,-2.98606752699689,2.14645737319053,-3.0142841977968,2.41235785701088
39.304,-2.98606752699689,2.14252169490401,-3.01436083732622,2.4080836730955
39.308,-2.98606752699689,2.13856829377508,-3.01436083732622,2.40461128851361
39.398,-2.98609159898827,2.04603777858488,-3.01436083732622,2.47016874453641
39.399,-2.98609923731352,2.04603777858488,-3.01436083732622,2.47097905270682
39.4,-2.98612444776724,2.04603777858488,-3.01436083732622,2.47179050261126
39.414,-2.99514213624072,2.43358586775788,-3.01436083732622,2.48327068334663
39.49,-3.01209818397812,2.37912021219984,-3.01436083732622,2.54949639486563
39.499,-3.01209818397812,2.36587332839898,-3.01436083732622,2.55777562660162
39.5,-3.01209818397812,2.36612519321544,-3.01436083732622,2.55870124990911
39.599,-3.01209818397812,2.42891658380224,-3.01436083732622,2.65598954080081
39.6,-3.01209818397812,2.42960882879103,-3.01436083732622,2.65702933751134
39.69,-3.01209818397812,2.49584963555956,-3.01436083732622,2.75528644231359
39.699,-3.01209818397812,2.50290221845617,-3.01435481714228,2.75528644231359
39.7,-3.01209818397812,2.50369064800607,-3.01435339981255,2.75528644231359
39.714,-3.01209818397812,2.51482965549386,-3.01431724316055,2.78123970812274
39.73,-3.01209818397812,2.52779079271228,-3.00417541171283,2.33364084901622
39.799,-3.01209818397812,2.58650630922136,-2.98257532612984,2.36747518127125
39.8,-3.01209818397812,2.58739092333238,-2.98250056182716,2.36747518127125
39.813,-3.01209818397812,2.59897843472617,-2.98192532466697,2.3570778495353
39.899,-3.01208768267004,2.67932030455591,-2.98192532466697,2.28226766258553
39.9,-3.01208042333711,2.67932030455591,-2.98192532466697,2.2811951129377
39.913,-3.00430790959602,2.29956658584077,-2.98192532466697,2.26712120084093
39.994,-2.98636751506438,2.34389507959711,-2.98192532466697,2.17395925699651
39.999,-2.98636751506438,2.35014031541733,-2.98192532466697,2.1678995654905
