w,mag_db,fase
0.01,116.090961982932,-359.529368851207
0.0102333232891644,115.690300927709,-359.51838808204
0.0104720905540554,115.289640189931,-359.507151116816
0.0107164288153054,114.888979784582,-359.495651978661
0.0109664680572337,114.488319727356,-359.483884551306
0.0112223412969966,114.087660034686,-359.471842575831
0.0114841846553507,113.687000723781,-359.459519647346
0.0117521374290665,113.286341812662,-359.44690921159
0.0120263421650326,112.885683320202,-359.434004561448
0.0123069447360888,112.485025266164,-359.420798833392
0.0125940944186276,112.084367671243,-359.407285003836
0.0128879439720077,111.683710557113,-359.393455885407
0.0131886497198193,111.283053946469,-359.379304123133
0.0134963716330458,110.882397863078,-359.364822190534
0.0138112734151665,110.481742331829,-359.350002385633
0.014133522589244,110.081087378785,-359.334836826868
0.0144632905870442,109.68043303124,-359.319317448908
0.0148007528402351,109.279779317776,-359.303435998378
0.0151460888737144,108.879126268323,-359.287184029476
0.0154994824011135,108.478473914227,-359.270552899501
0.0158611214225308,108.077822288308,-359.253533764264
0.0162311983245449,107.677171424941,-359.236117573401
0.0166099099825611,107.276521360118,-359.218295065577
0.0169974578655466,106.875872131533,-359.200056763574
0.0173940481432088,106.475223778659,-359.181392969273
0.0177998917956746,106.074576342829,-359.162293758513
0.0182152047257283,105.673929867331,-359.142748975833
0.0186402078736692,105.273284397491,-359.122748229097
0.0190751273348484,104.872639980779,-359.102280883987
0.0195201944799481,104.471996666902,-359.081336058379
0.019975646078067,104.071354507912,-359.059902616579
0.0204417244226789,103.670713558321,-359.037969163431
0.020918677460528,103.27007387521,-359.015524038291
0.0214067589235339,102.869435518355,-358.992555308861
0.0219062284637727,102.468798550352,-358.969050764877
0.0224173517916081,102.068163036751,-358.944997911656
0.0229404008170454,101.667529046196,-358.920383963498
0.0234756537943836,101.266896650568,-358.895195836925
0.0240233954702426,100.866265925141,-358.869420143782
0.024583917235044,100.465636948739,-358.84304318416
0.0251575172780265,100.065009803907,-358.816050939173
0.0257445007458784,99.6643845770824,-358.788429063563
0.0263451799050708,99.263761358782,-358.760162878135
0.0269598743079786,98.8631402437917,-358.731237362023
0.0275889109628782,98.4625213313695,-358.701637144775
0.0282326245079104,98.0619047254553,-358.67134649826
0.0288913573891032,97.6612905348921,-358.640349328391
0.0295654600425482,97.2606788736568,-358.608629166663
0.0302552910808267,96.8600698611023,-358.576169161486
0.0309612174837871,96.4594636222111,-358.542952069341
0.0316836147937722,96.0588602878597,-358.508960245718
0.0324228673154023,95.6582599950973,-358.474175635857
0.0331793683200193,95.257662887436,-358.438579765282
0.0339535202549016,94.8570691151553,-358.402153730115
0.0347457349573599,94.4564788356212,-358.364878187176
0.0355564338738284,94.0558922136193,-358.326733343863
0.0363860482840682,93.655309421705,-358.287698947796
0.0372350195306014,93.2547306405686,-358.247754276239
0.0381037992534994,92.8541560594189,-358.206878125281
0.038992849630648,92.4535858763835,-358.165048798772
0.0399026436236195,92.0530202989294,-358.122244097023
0.0408336652292812,91.6524595443017,-358.078441305244
0.0417864097372745,91.2519038399843,-358.033617181734
0.0427613839935017,90.8513534241814,-357.987747945803
0.0437591066697602,90.4508085463214,-357.940809265438
0.0447801085396685,90.0502694675855,-357.892776244685
0.0458249327610299,89.6497364614594,-357.843623410767
0.0468941351647839,89.2492098143128,-357.793324700914
0.0479882845507005,88.8486898260041,-357.741853448904
0.0491079629899731,88.4481768105146,-357.689182371322
0.0502537661348714,88.0476710966123,-357.635283553512
0.05142630353562,87.6471730285459,-357.580128435231
0.0526261989646697,87.2466829667725,-357.523687795997
0.0538540907485353,86.8462012887179,-357.465931740119
0.0551106321073759,86.4457283895733,-357.406829681419
0.056396491502498,86.0452646831292,-357.346350327616
0.0577123529919674,85.6448106026474,-357.284461664399
0.0590589165945175,85.2443666017746,-357.221130939149
0.0604368986619493,84.8439331554978,-357.15632464434
0.0618470322602193,84.4435107611446,-357.09000850058
0.0632900675594203,84.0430999394296,-357.022147439317
0.0647667722328603,83.64270123555,-356.952705585184
0.0662779318654535,83.2423152203319,-356.88164623799
0.0678243503716395,82.8419424914289,-356.808931854344
0.0694068504230543,82.4415836745778,-356.734524028922
0.0710262738861791,82.0412394249114,-356.65838347535
0.0726834822702005,81.6409104283322,-356.580470006724
0.0743793571853209,81.24059740295,-356.500742515747
0.076114800811762,80.8403011005856,-356.419158954478
0.0778907363797112,80.4400223083437,-356.33567631371
0.0797081086604662,80.0397618502589,-356.250250601945
0.0815678844690394,79.6395205890169,-356.162836823988
0.083471053178489,79.2392994277548,-356.073388959149
0.0854186272462511,78.8390993119449,-355.981859939041
0.0874116427527513,78.4389212313639,-355.888201624996
0.0894511599525846,78.0387662221528,-355.792364785076
0.0915382638385553,77.6386353689706,-355.694299070692
0.0936740647188762,77.2385298072474,-355.593952992826
0.0958596988078367,76.8384507255385,-355.491273897859
0.0980963288302518,76.4383993679871,-355.38620794301
0.100385144640014,76.0383770368984,-355.278700071382
0.102727363853079,75.6383850954299,-355.168693986626
0.105124232495218,75.2384249704044,-355.056132127221
0.107577025664885,74.8384981552489,-354.940955640383
0.11008704821155,74.4386062130673,-354.823104355604
0.112655635429861,74.0387507798498,-354.70251675783
0.115284153770001,73.6389335678273,-354.579129960293
0.117974001564616,73.2391563689751,-354.452879676999
0.12072660977271,72.8394210586738,-354.323700194888
0.123543442740894,72.4397295995325,-354.19152434569
0.126425998982393,72.0400840453812,-354.056283477473
0.12937581197424,71.6404865454407,-353.917907425916
0.132394450973054,71.2409393486759,-353.776324485327
0.135483521849869,70.8414448083402,-353.631461379412
0.138644667944427,70.4420053867188,-353.483243231843
0.141879570939417,70.0426236600793,-353.331593536634
0.145189951755098,69.643302323837,-353.176434128355
0.14857757146481,69.2440441979431,-353.017685152236
0.152044232231833,68.8448522325064,-352.855265034164
0.155591778268113,68.445729513654,-352.689090450647
0.159222096815358,68.0466792696435,-352.519076298755
0.162937119149019,67.6477048772339,-352.345135666118
0.166738821605701,67.248809868325,-352.167179800993
0.170629226634545,66.8499979368759,-351.985118082487
0.174610403873139,66.4512729461117,-351.79885799098
0.17868447124854,66.0526389360286,-351.608305078811
0.18285359610397,65.6541001312078,-351.4133629413
0.187119996351822,65.2556609489483,-351.213933188179
0.191485941653545,64.8573260077301,-351.009915415513
0.195953754627079,64.4591001360163,-350.801207178194
0.200525812082449,64.060988381407,-350.587703963103
0.205204546286193,63.662996020154,-350.369299163038
0.209992446255291,63.2651285670481,-350.145884051516
0.214892059081287,62.8673917856879,-349.91734775856
0.219905991285302,62.4697916991433,-349.683577247592
0.225036910204666,62.0723346010202,-349.444457293573
0.230287545411901,61.6750270669403,-349.199870462506
0.23566069016681,61.2778759664427,-348.949697092477
0.241159202902457,60.8808884753187,-348.693815276365
0.246786008745803,60.4840720883865,-348.432100846414
0.252544101073835,60.0874346327173,-348.164427360819
0.258436543105996,59.6909842813169,-347.89066609253
0.264466469533773,59.2947295672721,-347.610686020478
0.270637088188304,58.8986793983671,-347.324353823408
0.2769516817469,58.5028430721749,-347.031533876578
0.28341360947938,58.1072302916276,-346.732088251522
0.290026309035148,57.7118511810674,-346.425876719155
0.296793298271976,57.3167163027809,-346.112756756459
0.303718177127453,56.9218366740143,-345.792583557033
0.310804629534091,56.5272237844675,-345.465210045787
0.318056425379132,56.1328896142633,-345.130486898093
0.325477422510065,55.7388466523839,-344.788262563678
0.333071568786944,55.3451079155648,-344.438383295621
0.340842904182595,54.9516869676358,-344.080693184758
0.348795562931818,54.5585979392915,-343.715034199869
0.356933775730737,54.1658555482746,-343.341246234007
0.365261871987473,53.7734751199487,-342.959167157332
0.373784282125319,53.3814726082343,-342.568632876855
0.382505539939661,52.9898646168797,-342.169477403473
0.391430285009893,52.5986684210283,-341.761532926715
0.400563265167599,52.2079019890461,-341.344629897601
0.409909339022332,51.8175840045616,-340.91859712004
0.419473478546321,51.4277338886692,-340.483261851191
0.429260771719486,51.0383718222383,-340.038449911218
0.439276425236169,50.649518768265,-339.583985802855
0.449525767275017,50.2611964941982,-339.119692841222
0.460014250333492,49.8734275941615,-338.645393294294
0.470747454128521,49.4862355109875,-338.160908534446
0.481731088564824,49.0996445579739,-337.666059201462
0.492970996772492,48.7136799402593,-337.1606653774
0.504473158215453,48.3283677757134,-336.644546773651
0.51624369187245,47.9437351152234,-336.117522930545
0.528288859492254,47.5598099622518,-335.579413429793
0.540615068924817,47.1766212915337,-335.030038120023
0.553228877530154,46.7941990667686,-334.469217355634
0.56613699566676,46.4125742571578,-333.896772249133
0.579346290261421,46.0317788526266,-333.312524937059
0.592863788462318,45.6518458775637,-332.716298859535
0.606696681377367,45.2728094029018,-332.107919053426
0.620852327899775,44.894704556356,-331.487212458974
0.635338258622869,44.5175675306298,-330.854008239725
0.650162179846255,44.1414355893921,-330.208138115433
0.665331977675456,43.7663470708235,-329.549436707537
0.680855722217204,43.3923413885273,-328.877741896701
0.696741671872615,43.0194590295951,-328.192895191745
0.712998277730536,42.6477415496197,-327.494742109223
0.729634188063399,42.2772315644446,-326.783132562717
0.746658252927973,41.9079727384439,-326.057921260789
0.764079528873461,41.5400097691309,-325.318968112399
0.781907283759454,41.1733883678997,-324.566138638418
0.800151001686288,40.8081552367145,-323.799304387727
0.81882038804045,40.4443580405712,-323.01834335623
0.837925374657696,40.0820453755746,-322.223140406947
0.857476125106639,39.7212667324882,-321.413587689212
0.87748304009562,39.3620724556368,-320.589585054841
0.897956763005727,39.0045136970678,-319.751040468988
0.918908185552916,38.6486423659001,-318.897870413304
0.940348453582245,38.2945110728244,-318.030000278859
0.96228897299729,37.9421730697511,-317.147364746212
0.984741415827924,37.5916821846358,-316.249908149929
1.00771772643966,37.243092751558,-315.337584824772
1.03123012788788,36.8964595361634,-314.410359430778
1.0552911284203,36.5518376566292,-313.468207254415
1.0799135281312,36.2092825003557,-312.511114483045
1.10511042577087,35.868849636634,-311.539078449989
1.13089522571394,35.5305947255867,-310.552107847571
1.15728164509032,35.1945734237274,-309.550222905682
1.18428372108253,34.8608412865282,-308.533455533546
1.21191581839321,34.5294536684313,-307.501849422636
1.24019263688699,34.2004656207822,-306.4554601089
1.26912921941059,33.8739317881989,-305.394354992783
1.29874095979534,33.549906303929,-304.318613315869
1.32904361104653,33.2284426847723,-303.228326093316
1.36005329372376,32.9095937261717,-302.123596001687
1.39178650451681,32.59341139809,-301.004537222204
1.42426012502165,32.2799467423016,-299.871275239879
1.45749143072123,31.9692497717227,-298.723946599503
1.49149810017571,31.661369372403,-297.562698619882
1.52629822442725,31.3563532087773,-296.38768906825
1.56191031662416,31.0542476327545,-295.199085797214
1.59835332186961,30.7550975971808,-293.997066347078
1.63564662730016,30.4589465741735,-292.781817516801
1.67381007239939,30.1658364787639,-291.553534907255
1.71286395955225,29.8758075982297,-290.312422440801
1.75282906484564,29.5888985274245,-289.058691861515
1.79372664912091,29.3051461103406,-287.792562220642
1.83557846928438,29.0245853880574,-286.514259352042
1.87840678988166,28.7472495531439,-285.224015342513
1.92223439494205,28.4731699104993,-283.922068001935
1.96708460009933,28.2023758445245,-282.608660338112
2.0129812649953,27.9348947924327,-281.284040041128
2.0599488059728,27.670752223423,-279.948458981822
2.10801220906478,27.4099716233594,-278.602172728729
2.15719704328655,27.1525744845228,-277.24544008752
2.20752947423808,26.8985802999404,-275.878522666572
2.25903627802373,26.6480065617309,-274.501684471844
2.31174485549675,26.4008687628642,-273.115191533738
2.36568324683608,26.1571804016887,-271.719311568079
2.42088014646337,25.9169529885597,-270.314313672761
2.47736491830793,25.6801960538855,-268.900468061036
2.53516761142794,25.4469171569103,-267.478045831787
2.59431897599607,25.2171218945627,-266.047318776551
2.65485047965817,24.9908139097279,-264.608559222455
2.71679432427352,24.7679948983364,-263.162039909678
2.78018346304578,24.5486646147157,-261.708033901529
2.84505161805361,24.3328208747078,-260.246814524751
2.91143329819028,24.1204595561312,-258.77865533725
2.97936381752193,23.9115745962414,-257.303830120089
3.04887931407408,23.7061579859322,-255.822612890329
3.12001676905658,23.504199760512,-254.335277931057
3.19281402653702,23.3056879869839,-252.842099834871
3.26730981357319,23.1106087478567,-251.343353557011
3.34354376081539,22.9189461216119,-249.839314474397
3.42155642358924,22.7306821600458,-248.330258446971
3.50138930347058,22.5457968628012,-246.816461877916
3.58308487036365,22.3642681494884,-245.298201769653
3.66668658509449,22.1860718298749,-243.775755772837
3.7522389225314,22.011181572698,-242.249402226008
3.83978739524497,21.8395688737144,-240.719420183997
3.92937857772002,21.6712030236541,-239.186089433725
4.02106013113258,21.5060510767844,-237.649690496542
4.11488082870495,21.3440778208195,-236.110504616816
4.21089058165224,21.1852457489256,-234.568813737068
4.30914046573448,21.0295150345713,-233.024900460455
4.40968274842813,20.876843509967,-231.479048001995
4.5125709167316,20.7271866488085,-229.931540130384
4.61785970561953,20.5804975540104,-228.382661102759
4.72560512716101,20.4367269510641,-226.832695595122
4.83586450031714,20.2958231876023,-225.281928631525
4.94869648143387,20.1577322396858,-223.730645515365
5.0641610954463,20.0223977252561,-222.179131766326
5.18231976781109,19.8897609251191,-220.627673066623
5.30323535718382,19.759760811742,-219.076555220212
5.42697218885892,19.6323340860596,-217.526064128552
5.55359608898973,19.5074152223998,-215.976485786352
5.68317441960709,19.3849365215506,-214.428106300468
5.81577611445485,19.2648281719043,-212.881211934784
5.95147171566167,19.1470183185361,-211.336089183471
6.09033341126837,19.0314331399911,-209.793024874559
6.23243507363085,18.9179969324864,-208.25230630515
6.37785229871915,18.8066322011641,-206.714221409007
6.52666244633333,18.6972597579754,-205.179058956596
6.67894468125774,18.5897988257214,-203.647108786922
6.83478001537555,18.4841671477341,-202.11866206983
6.99425135076579,18.3802811026451,-200.594011596646
7.1574435238061,18.27805582366,-199.073452096352
7.32444335030437,18.1774053217407,-197.557280573745
7.49533967168349,18.0782426120809,-196.04579666534
7.67022340224364,17.9804798432594,-194.539303008134
7.84918757752735,17.8840284284554,-193.038105615739
8.03232740381304,17.7887991781189,-191.542514255845
8.21974030876332,17.6947024335034,-190.052842822543
8.41152599325509,17.6016482004862,-188.569409696589
8.60778648441889,17.5095462831259,-187.092538086469
8.80862618991583,17.4183064164314,-185.62255634287
9.0141519534809,17.3278383978497,-184.159798239095
9.22447311176227,17.2380522170099,-182.704603209985
9.43970155248675,17.1488581832964,-181.257316542022
9.65995177398238,17.0601670508614,-179.818289507538
9.88534094608986,16.971890140722,-178.387879436334
10.1159889724952,16.883939459629,-176.966449718466
10.3520185545165,16.7962278154294,-175.55436973256
10.5935552563795,16.708668928687,-174.152014694712
10.8407275720158,16.6211775403616,-172.759765423836
11.0936669934196,16.5336695153875,-171.378008020213
11.3525080805995,16.4460619420284,-170.007133454966
11.6173885331626,16.358273226923,-168.647537069267
11.8884492635684,16.2702231857707,-167.299617983174
12.1658344720924,16.1818331296389,-165.963778415149
12.4496917235382,16.0930259469067,-164.640422914539
12.74017202574,16.0037261808862,-163.329957510447
13.0374299098966,15.9138601031892,-162.032788781656
13.3416235127793,15.8233557829293,-160.74932285343
13.6529146608588,15.7321431518669,-159.479964328123
13.971468956394,15.6401540656184,-158.225115157608
14.2974558655304,15.5473223610613,-156.985173466498
14.6310488084532,15.4535839100701,-155.760532336009
14.9724252516445,15.3588766697167,-154.551578559083
15.3217668022926,15.2631407290652,-153.358691377969
15.6792593049047,15.1663183526763,-152.182241215987
16.0450929401728,15.0683540209248,-151.022588415465
16.4194623261478,14.9691944672077,-149.880081994014
16.8025666217725,14.8687887120999,-148.755058431253
17.1946096328321,14.7670880944844,-147.647840497945
17.5957999203751,14.6640462996506,-146.558736139065
18.0063509116651,14.5596193843254,-145.488037421844
18.4264810137209,14.4537657985635,-144.436019559095
18.8564137295055,14.3464464043934,-143.4029400173
19.2963777768268,14.2376244910808,-142.389037717952
19.7466072100116,14.1272657868426,-141.394532339546
20.2073415444193,14.0153384668181,-140.419623726429
20.6788258838605,13.9018131570842,-139.464491409449
21.1613110509884,13.7866629344822,-138.529294242011
21.6550537207332,13.6698633220187,-137.614170153818
22.1603165568484,13.5513922795975,-136.719236023187
22.6773683516452,13.4312301898449,-135.844587667519
23.206484168985,13.309359838804,-134.990299950181
23.7479454906099,13.185766391293,-134.156427000808
24.3020403658865,13.0604373607493,-133.343002544888
24.8690635650439,12.9333625734149,-132.550040337404
25.4493167359873,12.8045341267594,-131.777534694361
26.04310856477,12.6739463420799,-131.025461115169
26.6507549398097,12.5415957112692,-130.293776988157
27.2725791199367,12.4074808377921,-129.582422370917
27.9089119063627,12.271602371967,-128.891320836727
28.5600918186618,12.1339629407031,-128.220380378027
29.2264652748585,11.9945670718972,-127.569494357724
29.9083867757164,11.8534211137474,-126.938542499096
30.6062190933274,11.7105331492902,-126.327391905148
31.3203334641015,11.5659129065112,-125.735898098446
32.0511097862585,11.4195716644249,-125.16390607279
32.7989368219283,11.2715221555479,-124.611251348464
33.564212403967,11.121778465225,-124.077761023252
34.3473436475976,10.9703559282861,-123.563254811964
35.1487471669893,10.8172710235319,-123.067546067787
35.9688492968902,10.6625412665499,-122.590442779374
36.808086319431,10.5061851013722,-122.131748538268
37.6669046962206,10.3482217914766,-121.691263471849
38.545761305857,10.1886713106248,-121.268785137706
39.4451236869798,10.0275542340187,-120.864109375939
40.365470286994,9.86489163022988,-120.477031116537
41.3072907165968,9.70070495433869,-120.10734513957
42.2710860102434,9.53501594268511,-119.754846786514
43.2573688926895,9.36784650960641,-119.419332621537
44.2666640517534,9.19921864650028,-119.10060104209
45.2995084174424,9.02915432351732,-118.798452838547
46.3564514475911,8.85767539415042,-118.512691703105
47.4380554201652,8.68480350295166,-118.243124688422
48.5448957323847,8.51055999657091,-117.989562616861
49.6775612068269,8.3349658382747,-117.751820441397
50.8366544046711,8.15804152606958,-117.529717559517
52.0227919462521,7.97980701452146,-117.323078081579
53.2366048390936,7.80028164033194,-117.131731055243
54.4787388135937,7.61948405170427,-116.955510647707
55.7498546665452,7.43743214150593,-116.794256287513
57.0506286126687,7.25414298421183,-116.647812767754
58.381752644349,7.06963277659197,-116.516030312496
59.7439348997651,6.88391678209002,-116.398764608254
61.1379000396087,6.69700927882514,-116.295876802285
62.5643896325932,6.5089235111374,-116.207233469439
64.024162549957,6.31967164458902,-116.132706549245
65.5179953691721,6.12926472432709,-116.072173254816
67.0466827870713,5.93771263671017,-116.0255159551
68.6110380426154,5.74502407410053,-115.992622031892
70.211893349524,5.55120650272457,-115.973383712951
71.8501003390009,5.3562661335077,-115.967697882471
73.5265305127896,5.16020789579565,-115.975465870038
75.2420757067985,4.96303541388074,-115.996593219168
76.9976485655451,4.76475098626117,-116.030989436383
78.7941830276687,4.56535556757112,-116.078567721738
80.6326348227723,4.36484875313118,-116.139244681636
82.5139819798562,4.16322876608108,-116.212940024687
84.4392253476153,3.96049244707,-116.299576241339
86.4093891268751,3.75663524649397,-116.399078267941
88.4255214154519,3.55165121928418,-116.511373135887
90.4886947657248,3.34553302226513,-116.636389606446
92.6000067552178,3.13827191411615,-116.774057791889
94.760580570495,2.92985775798511,-116.924308763523
96.9715656046784,2.72027902681745,-117.087074147254
99.2341380689087,2.50952281147785,-117.262285707321
101.549501618072,2.2975748317554,-117.449874918912
103.918887991125,2.08441945035573,-117.649772530386
106.343557666364,1.87003968999484,-117.861908115932
108.82480053198,1.65441725371992,-118.086209619544
111.363936572258,1.43753254859083,-118.322602891305
113.962316569791,1.21936471286294,-118.57101121706
116.621322824077,0.999891646816941,-118.831354842689
119.342369886878,0.779090047384136,-119.103550494294
122.126905314746,0.556935446715626,-119.387510895784
124.976410439097,0.333402254842001,-119.683144285427
127.892401154257,0.108463806564429,-119.990353933154
130.876428723902,-0.117907587289927,-120.3090376605
133.930080606297,-0.345740584126877,-120.639087365239
137.054981298808,-0.575064749252443,-120.98038855294
140.252793202108,-0.805910490860193,-121.332819877804
143.525217504549,-1.03830899027341,-121.696252695293
146.873995087168,-1.27229212740203,-122.070550629225
150.300907449813,-1.50789240140429,-122.455569156105
153.807777658872,-1.74514284657618,-122.851155209611
157.396471317115,-1.98407694352833,-123.257146808225
161.068897556172,-2.22472852575073,-123.673372709097
164.827010052161,-2.46713168170842,-124.099652091279
168.672808065011,-2.71132065265785,-124.535794271472
172.608337502043,-2.95732972642205,-124.981598455462
176.63569200636,-3.20519312741322,-125.436853528337
180.757014070635,-3.45494490324308,-125.901337886538
184.974496176885,-3.70661880831424,-126.374819314644
189.290381962836,-3.96024818483785,-126.857054909678
193.706967415511,-4.21586584177482,-127.347791055463
198.226602092656,-4.47350393224798,-127.846763449367
202.85169037267,-4.73319383001975,-128.353697183442
207.5846927337,-4.9949660056742,-128.868306881669
212.428127062581,-5.25884990318182,-129.390296894611
217.384569994308,-5.52487381755975,-129.919361552397
222.456658282774,-5.79306477436809,-130.455185476486
227.647090203479,-6.06344841180425,-130.997443950202
232.958626988977,-6.33604886617018,-131.54580334752
238.394094297805,-6.61088866149225,-132.099921619059
243.956383717698,-6.88798860406927,-132.6594488337
249.648454303864,-7.16736768271038,-133.22402777373
255.473334153162,-7.44904297540127,-133.793294580843
261.434122015003,-7.73302956310408,-134.366879449827
267.533988939837,-8.01934045135385,-134.944407366265
273.776179966108,-8.30798650026217,-135.525498884085
280.164015846564,-8.5989763634786,-136.109770938371
286.700894814846,-8.89231643659099,-136.696837688446
293.390294393303,-9.18801081537054,-137.286311385902
300.235773242978,-9.48606126418501,-137.877803261967
307.240973056764,-9.78646719481646,-138.470924428379
314.409620496731,-10.0892256558294,-139.065286785777
321.745529176653,-10.3943313325414,-139.660503933577
329.252601690797,-10.7017765575558,-140.256192075223
336.934831690039,-11.0115513317202,-140.851970912854
344.796306006436,-11.3236433552857,-141.447464525485
352.841206827351,-11.6380380689519,-142.042302225065
361.07381392032,-11.9547187044007,-142.636119384998
369.498506909822,-12.2736663438426,-143.228558236092
378.119767607175,-12.5948599880309,-143.819268625231
386.942182394793,-12.9182766321361,-144.407908732539
395.970444666072,-13.2438913488168,-144.994145743252
405.209357322209,-13.5716773777825,-145.577656471018
414.66383532727,-13.901606221104,-146.158127929872
424.338908322877,-14.2336477435069,-146.735257852656
434.239723303909,-14.5677702768617,-147.308755154224
444.371547356619,-14.9039407280842,-147.87834033827
454.73977046065,-15.2421246896583,-148.443745847184
465.349908356423,-15.5822865520062,-149.00471635482
476.20760547943,-15.9243896169519,-149.561009002578
487.318637962985,-16.2683962115495,-150.112393579619
498.688916711048,-16.6142678015813,-150.6586526485
510.324490542733,-16.9619651040707,-151.199581617857
522.231549410189,-17.311448198198,-151.734988764144
534.416427691569,-17.6626766340544,-152.264695204706
546.885607560817,-18.0156095387215,-152.788534824749
559.645722436092,-18.3702057192139,-153.306354160959
572.703560508648,-18.726423761878,-153.818012244708
586.066068354051,-19.0842221278927,-154.323380407895
599.740354627653,-19.4435592445719,-154.822342054584
613.733693846286,-19.80439359222,-155.314792401617
628.053530258208,-20.1666837863446,-155.800638191407
642.707481803323,-20.5303886550775,-156.279797380105
657.703344165814,-20.8954673117,-156.752198804277
673.049094921332,-21.2618792222158,-157.217781829132
688.752897780947,-21.6295842679511,-157.676495981287
704.823106934122,-21.9985428031991,-158.128300568896
721.268271493015,-22.3687157079611,-158.573164291862
738.097140040481,-22.7400644358642,-159.011064844683
755.318665284188,-23.1125510573632,-159.441988514359
772.942008819324,-23.4861382983569,-159.865929775582
790.976546002428,-23.8607895743679,-160.282890885301
809.431870938945,-24.2364690204539,-160.692881478557
828.31780158714,-24.6131415170278,-161.095918167328
847.644384981113,-24.9907727117785,-161.492024143957
867.421902575664,-25.3693290378909,-161.881228790558
887.660875715882,-25.7487777287667,-162.26356729564
908.372071234338,-26.1290868294551,-162.639080279057
929.566507178884,-26.5102252050005,-163.007813426204
951.255458674086,-26.8921625459149,-163.369817132277
973.450463919427,-27.2748693709809,-163.725146157265
996.163330327454,-27.6583170275877,-164.073859292222
1019.40614080515,-28.0424776897965,-164.416019037255
1043.19126018185,-28.427324354328,-164.751691291553
1067.53134178717,-28.8128308346577,-165.080945055706
1092.43933418235,-29.1989717533965,-165.403852146432
1117.92848804875,-29.5857225331274,-165.720486923808
1144.01236323696,-29.9730593858609,-166.030926030974
1170.70483598048,-30.3609593012645,-166.335248146253
1198.02010627764,-30.74940003381,-166.633533747557
1225.97270544582,-31.1383600889779,-166.925864888902
1254.57750385185,-31.527818708647,-167.212324988815
1283.84971882289,-31.9177558557891,-167.49299863038
1313.80492274174,-32.3081521985819,-167.767971372626
1344.45905133119,-32.6989890940431,-168.037329572954
1375.82841213153,-33.0902485712829,-168.301160220273
1407.92969317596,-33.4819133144621,-168.559550778471
1440.77997186836,-33.8739666455388,-168.812589039895
1474.39672406821,-34.2663925068761,-169.060362988429
1508.79783338749,-34.6591754437806,-169.302960671824
1544.0016007045,-35.0523005870303,-169.540470082868
1580.02675389964,-35.4457536354505,-169.772979049047
1616.8924578184,-35.8395208385845,-170.000575130284
1654.61832446673,-36.2335889795054,-170.223345524403
1693.22442344435,-36.6279453578082,-170.441376979935
1732.7312926215,-37.0225777728162,-170.6547557159
1773.15994906475,-37.4174745070344,-170.863567348216
1814.53190021779,-37.812624309874,-171.067896822375
1856.86915534304,-38.2080163816728,-171.267828352059
1900.19423723029,-38.6036403580309,-171.463445363361
1944.53019417847,-38.9994862944778,-171.654830444289
1989.90061225698,-39.395544651484,-171.842065299257
2036.32962785319,-39.7918062798299,-172.025230708263
2083.84194051254,-40.1882624063387,-172.204406490468
2132.46282607845,-40.5849046199813,-172.379671471908
2182.21815013859,-40.9817248583568,-172.551103457077
2233.13438178505,-41.3787153945517,-172.718779204138
2285.23860769546,-41.7758688243792,-172.88277440351
2338.55854654276,-42.1731780539982,-173.043163659632
2393.12256374104,-42.5706362879109,-173.200020475655
2448.95968653559,-42.968237017335,-173.353417240897
2506.09961944494,-43.3659740089498,-173.503425220826
2564.57276006319,-43.763841294008,-173.65011454943
2624.41021523112,-44.1618331578113,-173.793554223762
2685.64381758455,-44.5599441295424,-173.933812100531
2748.30614248884,-44.9581689724466,-174.070954894553
2812.43052536846,-45.3565026743576,-174.205048178943
2878.05107944099,-45.7549404385584,-174.33615638689
2945.20271386481,-46.1534776749715,-174.464342814903
3013.92115231029,-46.5521099916692,-174.589669627391
3084.24295196421,-46.9508331866965,-174.712197862474
3156.20552297764,-47.3496432401982,-174.831987438914
3229.84714836763,-47.7485363068422,-174.949097164066
3305.20700438317,-48.1475087085299,-175.063584742751
3382.32518134635,-48.5465569273864,-175.175506786973
3461.24270497987,-48.9456775990206,-175.284918826385
3542.00155823209,-49.3448675060485,-175.391875319441
3624.64470361129,-49.7441235718698,-175.496429665149
3709.21610604118,-50.1434428546909,-175.598634215366
3795.76075624948,-50.5428225417848,-175.698540287573
3884.3246947024,-50.9422599439819,-175.796198178068
3974.95503609744,-51.3417524903809,-175.891657175524
4067.69999442772,-51.7412977232757,-175.984965574869
4162.6089086311,-52.1408932932866,-176.076170691429
4259.73226883778,-52.5405369546929,-176.165318875303
4359.12174323026,-52.9402265609555,-176.252455525921
4460.83020553011,-53.3399600604251,-176.337625106753
4564.91176312592,-53.7397354922285,-176.42087116014
4671.4217858577,-54.1395509823259,-176.502236322203
4780.41693547275,-54.5394047397323,-176.581762337808
4891.95519576891,-54.9392950528989,-176.659490075568
5006.09590344107,-55.3392202862456,-176.73545954284
5122.89977964739,-55.7391788768397,-176.809709900714
5242.42896231207,-56.1391693312168,-176.882279478958
5364.7470391818,-56.5391902223347,-176.953205790908
5489.91908165347,-56.9392401866588,-177.022525548288
5618.01167939124,-57.3393179213712,-177.090274675934
5749.09297575119,-57.7394221816992,-177.156488326425
5883.2327040326,-58.139551778359,-177.221200894587
6020.50222457504,-58.5397055751088,-177.284446031876
6160.97456272097,-58.939882486408,-177.346256660628
6304.72444766418,-59.3400814751773,-177.406664988149
6451.82835220459,-59.7403015506553,-177.465702520663
6602.36453343063,-60.140541766349,-177.523400077091
6756.41307435086,-60.5408012180727,-177.579787802663
6914.05592649694,-60.9410790420726,-177.634895182354
7075.37695352061,-61.3413744132325,-177.68875105414
7240.46197580794,-61.7416865433593,-177.741383622077
7409.39881613445,-62.1420146795415,-177.792820469185
7582.27734638557,-62.5423581025816,-177.843088570143
7759.18953536711,-62.9427161254957,-177.892214303795
7940.22949773128,-63.3430880920797,-177.940223465461
8125.49354404435,-63.7434733755384,-177.987141279045
8315.08023202239,-64.1438713771753,-178.032992408956
8509.09041896251,-64.5442815251391,-178.077800971823
8707.62731539745,-64.9447032732267,-178.121590548018
8910.79654000207,-65.3451360997384,-178.16438419297
9118.70617578085,-65.7455795063837,-178.206204448299
9331.46682756653,-66.1460330172357,-178.247073352731
9549.19168086014,-66.5464961777315,-178.287012452836
9771.99656204409,-66.9469685537175,-178.326042813555
10000,-67.3474497305364,-178.364185028542
