re,im
-7.37786372135749,6.95781142565238
-7.40642862715089,6.83485264499684
-7.43386442106588,6.71269212156069
-7.46018398827281,6.59132433174751
-7.48539994018546,6.47074390631583
-7.50952462138742,6.35094563060741
-7.53257011651024,6.23192444475472
-7.55454825706518,6.11367544386575
-7.57547062823019,5.99619387818419
-7.59534857559386,5.87947515322269
-7.61419321185782,5.76351482986728
-7.63201542349899,5.64830862445083
-7.64882587739307,5.53385240879307
-7.66463502740039,5.42014221020535
-7.67945312091536,5.30717421145757
-7.69329020538037,5.19494475070504
-7.70615613476519,5.08345032137301
-7.71806057601246,4.9726875719965
-7.72901301545008,4.86265330601296
-7.73902276517084,4.75334448150538
-7.74809896937996,4.64475821089355
-7.75625061071046,4.53689176057076
-7.76348651650686,4.42974255048368
-7.76981536507697,4.32330815365299
-7.77524569191171,4.21758629563203
-7.77978589587281,4.11257485390123
-7.78344424534784,4.00827185719581
-7.78622888437206,3.90467548476408
-7.78814783871659,3.80178406555427
-7.78920902194176,3.699596077327
-7.789420241415,3.59811014569139
-7.78878920429185,3.49732504306213
-7.78732352345915,3.39723968753535
-7.78503072343872,3.29785314168088
-7.7819182462501,3.19916461124873
-7.7779934572307,3.10117344378743
-7.77326365081142,3.00387912717237
-7.7677360562457,2.9072812880417
-7.76141784329006,2.81137969013811
-7.7543161278336,2.71617423255442
-7.7464379774742,2.6216649478811
-7.73779041703871,2.52785200025419
-7.72838043404461,2.43473568330169
-7.71821498410003,2.34231641798723
-7.70730099623937,2.25059475034935
-7.69564537819129,2.15957134913525
-7.68325502157592,2.06924700332787
-7.67013680702777,1.9796226195652
-7.65629760924102,1.89069921945112
-7.64174430193357,1.80247793675693
-7.62648376272609,1.71496001451315
-7.61052287793227,1.62814680199115
-7.59386854725655,1.54203975157444
-7.57652768839514,1.45664041551973
-7.55850724153638,1.37195044260777
-7.5398141737564,1.28797157468455
-7.52045548330573,1.2047056430933
-7.50043820378277,1.12215456499821
-7.47976940818985,1.04032033960088
-7.45845621286745,0.959205044250689
-7.43650578130241,0.878810830450617
-7.41392532780572,0.799139919760192
-7.39072212105559,0.72019459959754
-7.36690348750147,0.641977218942651
-7.3424768146247,0.564490183944366
-7.3174495540517,0.48773595343369
-7.29182922451523,0.411717034346333
-7.2656234146599,0.336435977057681
-7.2388397856876,0.261895370633559
-7.21148607383908,0.188097838000475
-7.18357009270778,0.115046031039182
-7.15509973538206,0.0427426256057419
-7.12608297641244,-0.0288096835155295
-7.09652787360018,-0.099608187722655
-7.06644256960409,-0.169650169765224
-7.03583529336233,-0.238932908967205
-7.0047143613263,-0.307453686498046
-6.973088178504,-0.375209790686499
-6.94096523931019,-0.442198522371478
-6.90835412822121,-0.508417200283951
-6.87526352023236,-0.573863166453859
-6.84170218111612,-0.638533791635591
-6.80767896747962,-0.70242648074561
-6.77320282662025,-0.765538678305665
-6.73828279617838,-0.827867873884552
-6.70292800358656,-0.889411607531797
-6.667147665315,-0.950167475195931
-6.63095108591316,-1.01013313412032
-6.59434765684792,-1.06930630820933
-6.55734685513885,-1.12768479335732
-6.51995824179177,-1.18526646273326
-6.4821914600318,-1.24204927201333
-6.44405623333775,-1.2980312645542
-6.40556236327969,-1.35321057649932
-6.36671972716248,-1.40758544181088
-6.32753827547772,-1.46115419721992
-6.28802802916743,-1.51391528708714
-6.24819907670309,-1.56586726816707
-6.20806157098356,-1.6170088142684
-6.16762572605661,-1.66733872080313
-6.12690181366816,-1.71685590921765
-6.08590015964461,-1.76555943129874
-6.04463114011318,-1.81344847334762
-6.00310517756612,-1.8605223602157
-5.96133273677466,-1.90678055919541
-5.91932432055889,-1.95222268375998
-5.87709046542032,-1.99684849714623
-5.83464173704379,-2.04065791577459
-5.79198872567594,-2.08365101250098
-5.74914204138781,-2.12582801969517
-5.70611230922889,-2.16718933214095
-5.6629101642809,-2.20773550975334
-5.61954624661917,-2.24746728010858
-5.57603119618996,-2.28638554078306
-5.53237564761238,-2.32449136149741
-5.48859022491336,-2.36178598606261
-5.44468553620463,-2.3982708341252
-5.40067216831058,-2.43394750270894
-5.35656068135601,-2.46881776755097
-5.31236160332295,-2.50288358423047
-5.26808542458562,-2.5361470890886
-5.22374259243275,-2.56861059993863
-5.17934350558664,-2.60027661656565
-5.13489850872784,-2.63114782101569
-5.09041788703497,-2.66122707767436
-5.04591186074851,-2.69051743313571
-5.00139057976779,-2.71902211586207
-4.95686411829013,-2.7467445356364
-4.91234246950068,-2.77368828280878
-4.86783554032206,-2.79985712733918
-4.82335314623195,-2.82525501763896
-4.77890500615718,-2.84988607921393
-4.73450073745241,-2.87375461311221
-4.69014985097116,-2.89686509418033
-4.64586174623716,-2.91922216913151
-4.60164570672314,-2.9408306544302
-4.55751089524434,-2.96169553399745
-4.51346634947361,-2.98182195674187
-4.46952097758459,-3.00121523392111
-4.42568355402921,-3.01988083633938
-4.38196271545545,-3.03782439138631
-4.33836695677086,-3.05505167992323
-4.29490462735712,-3.07156863302258
-4.25158392744045,-3.08738132856688
-4.20841290462235,-3.10249598771346
-4.16539945057478,-3.11691897123161
-4.12255129790359,-3.13065677571883
-4.07987601718339,-3.14371602970284
-4.03738101416695,-3.15610348963647
-3.99507352717174,-3.16782603579228
-3.95296062464558,-3.17889066806408
-3.91104920291348,-3.18930450168238
-3.86934598410684,-3.19907476285111
-3.82785751427626,-3.20820878431255
-3.78659016168838,-3.21671400084793
-3.74555011530724,-3.22459794472062
-3.70474338345994,-3.23186824106928
-3.66417579268621,-3.23853260325788
-3.62385298677102,-3.24459882818976
-3.58378042595926,-3.25007479159258
-3.54396338635071,-3.25496844328118
-3.50440695947391,-3.25928780240492
-3.46511605203637,-3.26304095268635
-3.42609538584906,-3.26623603765756
-3.38734949792237,-3.2688812559007
-3.34888274073045,-3.27098485629893
-3.31069928264089,-3.27255513330369
-3.27280310850614,-3.27360042222445
-3.23519802041296,-3.27412909454645
-3.19788763858609,-3.2741495532821
-3.1608754024418,-3.27367022836129
-3.12416457178725,-3.27269957206589
-3.08775822816091,-3.27124605451322
-3.05165927630962,-3.26931815919337
-3.01587044579737,-3.26692437856484
-2.98039429274085,-3.26407320971275
-2.94523320166691,-3.26077315007385
-2.91038938748659,-3.257032693232
-2.87586489758065,-3.25286032478803
-2.84166161399133,-3.24826451830713
-2.80778125571482,-3.24325373134716
-2.77422538108944,-3.23783640157083
-2.74099539027364,-3.23202094294443
-2.70809252780889,-3.22581574202573
-2.67551788526173,-3.21922915434343
-2.6432724039397,-3.21226950087006
-2.61135687767578,-3.20494506459051
-2.57977195567601,-3.19726408716768
-2.5485181454249,-3.1892347657068
-2.51759581564358,-3.18086524961978
-2.48700519929533,-3.17216363759057
-2.45674639663354,-3.16313797464252
-2.42681937828698,-3.15379624930846
-2.39722398837762,-3.14414639090399
-2.36795994766598,-3.13419626690439
-2.33902685671949,-3.12395368042538
-2.31042419909921,-3.11342636780773
-2.28215134456031,-3.10262199630553
-2.25420755226222,-3.09154816187806
-2.226591973984,-3.08021238708463
-2.19930365734093,-3.068622119082
-2.17234154899843,-3.05678472772358
-2.14570449787942,-3.04470750375975
-2.11939125836146,-3.03239765713819
-2.0934004934603,-3.01986231540341
-2.06773077799621,-3.00710852219416
-2.04238060174016,-2.99414323583755
-2.01734837253651,-2.98097332803859
-1.99263241939957,-2.96760558266364
-1.96823099558096,-2.95404669461641
-1.9441422816054,-2.94030326880471
-1.92036438827236,-2.92638181919665
-1.89689535962117,-2.91228876796416
-1.87373317585756,-2.8980304447125
-1.85087575623949,-2.88361308579355
-1.82832096192043,-2.86904283370138
-1.8060665987483,-2.85432573654784
-1.78411042001848,-2.83946774761658
-1.7624501291794,-2.82447472499318
-1.74108338248941,-2.80935243126969
-1.72000779162361,-2.7941065333214
-1.69922092622962,-2.77874260215374
-1.67872031643135,-2.76326611281742
-1.65850345527977,-2.74768244438964
-1.63856780115014,-2.73199688001928
-1.61891078008491,-2.71621460703403
-1.59952978808182,-2.70034071710743
-1.58042219332683,-2.68438020648355
-1.56158533837146,-2.66833797625757
-1.54301654225443,-2.65221883270985
-1.52471310256734,-2.6360274876917
-1.50667229746447,-2.61976855906071
-1.48889138761659,-2.60344657116364
-1.47136761810908,-2.58706595536488
-1.45409822028438,-2.57063105061852
-1.43708041352906,-2.55414610408213
-1.42031140700594,-2.53761527177019
-1.40378840133154,-2.52104261924542
-1.38750859019936,-2.50443212234614
-1.37146916194947,-2.48778766794769
-1.35566730108499,-2.47111305475633
-1.34010018973602,-2.4544119941336
-1.32476500907175,-2.43768811094968
-1.30965894066137,-2.42094494446379
-1.29477916778452,-2.40418594923026
-1.2801228766921,-2.38741449602829
-1.26568725781813,-2.37063387281423
-1.25146950694362,-2.35384728569446
-1.23746682631317,-2.33705785991764
-1.2236764257053,-2.32026864088466
-1.21009552345732,-2.30348259517506
-1.19672134744564,-2.28670261158837
-1.18355113602256,-2.26993150219906
-1.17058213891037,-2.2531720034239
-1.15781161805377,-2.23642677710032
-1.14523684843155,-2.21969841157462
-1.13285511882854,-2.20298942279885
-1.12066373256876,-2.18630225543518
-1.10866000821078,-2.16963928396665
-1.09684128020626,-2.15300281381328
-1.08520489952262,-2.13639508245244
-1.0737482342309,-2.11981826054258
-1.06246867005969,-2.10327445304923
-1.0513636109162,-2.08676570037253
-1.04043047937534,-2.07029397947522
-1.02966671713781,-2.05386120501043
-1.0190697854582,-2.0374692304483
-1.00863716554394,-2.02111984920075
-0.998366358926181,-2.00481479574369
-0.988254887803306,-1.98855574673585
-0.978300295358242,-1.97234432213364
-0.96850014605028,-1.95618208630143
-0.95885202588236,-1.94007054911648
-0.949353542644707,-1.92401116706824
-0.940002326135638,-1.90800534435109
-0.930796028360414,-1.89205443395035
-0.921732323708964,-1.87615973872086
-0.912808909113268,-1.86032251245773
-0.904023504185248,-1.84454396095882
-0.895373851335894,-1.82882524307859
-0.886857715876443,-1.81316747177286
-0.878472886102331,-1.79757171513412
-0.870217173360667,-1.78203899741718
-0.862088412101948,-1.76657030005469
-0.854084459916709,-1.75116656266231
-0.846203197557817,-1.73582868403328
-0.838442528949051,-1.72055752312216
-0.830800381180642,-1.70535390001738
-0.823274704492417,-1.69021859690259
-0.815863472245138,-1.67515235900646
-0.808564680880682,-1.66015589554085
-0.801376349871626,-1.64522988062713
-0.794296521660816,-1.63037495421057
-0.787323261591486,-1.61559172296265
-0.780454657828467,-1.60088076117119
-0.773688821271008,-1.58624261161819
-0.767023885457737,-1.57167778644529
-0.760458006464242,-1.55718676800688
-0.753989362793771,-1.54277000971062
-0.747616155261511,-1.52842793684553
-0.741336606872905,-1.51416094739751
-0.735148962696451,-1.49996941285219
-0.7290514897314,-1.48585367898534
-0.723042476770783,-1.47181406664056
-0.717120234260145,-1.45785087249442
-0.711283094152406,-1.44396436980908
-0.705529409759188,-1.4301548091723
-0.699857555598996,-1.41642241922491
-0.6942659272426,-1.40276740737586
-0.688752941155936,-1.38918996050476
-0.683317034540884,-1.37569024565205
-0.677956665174212,-1.3622684106968
-0.672670311245003,-1.34892458502226
-0.66745647119085,-1.33565888016911
-0.662313663533107,-1.32247139047657
-0.657240426711464,-1.30936219371145
-0.652235318918104,-1.29633135168508
-0.647296917931699,-1.28337891085839
-0.642423820951474,-1.270504902935
-0.637614644431579,-1.25770934544256
-0.632868023915993,-1.2449922423024
-0.628182613874152,-1.23235358438742
-0.623557087537527,-1.21979335006856
-0.618990136737324,-1.20731150574964
-0.614480471743507,-1.19490800639092
-0.610026821105298,-1.18258279602127
-0.605627931493348,-1.1703358082391
-0.601282567543707,-1.15816696670222
-0.59698951170376,-1.14607618560651
-0.592747564080264,-1.13406337015367
-0.58855554228962,-1.12212841700804
-0.584412281310502,-1.11027121474258
-0.580316633338959,-1.09849164427413
-0.5762674676461,-1.08678957928791
-0.572263670438457,-1.07516488665151
-0.568304144721129,-1.06361742681828
-0.564387810163778,-1.05214705422029
-0.560513602969561,-1.04075361765087
-0.556680475747073,-1.02943696063689
-0.552887397385345,-1.01819692180071
-0.549133352931967,-1.00703333521199
-0.545417343474383,-0.995946030729313
-0.541738386024382,-0.984934834331828
-0.538095513405827,-0.973999568440777
-0.534487774145649,-0.963140052231141
-0.530914232368115,-0.952356101933353
-0.527373967692385,-0.94164753112517
-0.523866075133353,-0.931014151013745
-0.520389665005774,-0.920455770707957
-0.516943862831663,-0.909972197481025
-0.513527809250937,-0.899563237023484
-0.510140659935291,-0.889228693686546
-0.506781585505251,-0.878968370715885
-0.50344977145038,-0.868782070475913
-0.500144418052578,-0.858669594664558
-0.496864740312426,-0.848630744518611
-0.493609967878504,-0.838665321009667
-0.490379344979622,-0.828773125030703
-0.487172130359872,-0.818953957573335
-0.483987597216432,-0.809207619895787
-0.480825033140021,-0.799533913681621
-0.477683740057911,-0.789932641189268
-0.474563034179384,-0.780403605392385
-0.47146224594353,-0.770946610111103
-0.468380719969269,-0.761561460134192
-0.465317815007455,-0.752247961332194
-0.462272903894957,-0.743005920761582
-0.459245373510553,-0.733835146759967
-0.45623462473251,-0.724735449032431
-0.453240072397697,-0.715706638729029
-0.450261145262066,-0.706748528513508
-0.447297285962353,-0.697860932623331
-0.444347950978825,-0.689043666921033
-0.441412610598897,-0.680296548937009
-0.43849074888145,-0.671619397903787
-0.435581863621668,-0.663012034781869
-0.432685466316198,-0.654474282277234
-0.429801082128453,-0.646005964850555
-0.42692824985386,-0.637606908718268
-0.424066521884851,-0.629276941845553
-0.421215464175408,-0.621015893931356
-0.418374656204939,-0.612823596385547
-0.415543690941299,-0.604699882298336
-0.412722174802732,-0.596644586402079
-0.40990972761853,-0.588657545025591
-0.407105982588197,-0.580738596041108
-0.404310586238908,-0.572887578804058
-0.401523198381045,-0.56510433408577
-0.398743492061595,-0.557388703999299
-0.395971153515213,-0.549740531918536
-0.393205882112718,-0.542159662390768
-0.390447390306826,-0.534645941042886
-0.387695403574913,-0.527199214481428
-0.384949660358591,-0.519819330186667
-0.382209911999911,-0.512506136400933
-0.379475922673982,-0.505259482011423
-0.376747469317819,-0.498079216427686
-0.374024341555231,-0.490965189454057
-0.371306341617559,-0.483917251157249
-0.368593284260098,-0.476935251729382
-0.36588499667402,-0.470019041346691
-0.363181318393639,-0.463168470024188
-0.360482101198861,-0.456383387466548
-0.357787209012674,-0.449663642915514
-0.355096517793532,-0.443009084994088
-0.352409915422506,-0.436419561547825
-0.349727301585084,-0.429894919483513
-0.347048587647497,-0.423435004605569
-0.344373696527496,-0.417039661450448
-0.341702562559462,-0.410708733119378
-0.339035131353793,-0.404442061109768
-0.336371359650492,-0.398239485145595
-0.333711215166914,-0.392100843007109
-0.331054676439618,-0.386025970360188
-0.32840173266031,-0.380014700585676
-0.325752383505855,-0.374066864609059
-0.32310663896237,-0.368182290730784
-0.320464519143392,-0.362360804457598
-0.317826054102174,-0.356602228335221
-0.315191283638134,-0.3509063817827
-0.312560257097522,-0.345273080928787
-0.30993303316837,-0.339702138450652
-0.307309679669824,-0.334193363415302
-0.304690273335942,-0.328746561123989
-0.302074899594084,-0.323361532959964
-0.299463652338023,-0.318038076239879
-0.296856633695911,-0.312775984069149
-0.294253953793271,-0.30757504520158
-0.291655730511174,-0.302435043903569
-0.289062089239793,-0.297355759823149
-0.286473162627526,-0.292336967864169
-0.283889090325906,-0.287378438065879
-0.281310018730513,-0.282479935488178
-0.278736100718123,-0.277641220102776
-0.27616749538035,-0.272862046690496
-0.273604367754021,-0.268142164744964
-0.271046888548566,-0.263481318382873
-0.268495233870692,-0.258879246261041
-0.265949584946626,-0.254335681500432
-0.263410127842224,-0.249850351617321
-0.26087705318125,-0.245422978461756
-0.258350555862118,-0.241053278163451
-0.255830834773433,-0.236740961085242
-0.253318092508638,-0.232485731784219
-0.250812535080086,-0.228287288980611
-0.248314371632877,-0.224145325534518
-0.245823814158786,-0.220059528430536
-0.243341077210605,-0.216029578770331
-0.240866377617249,-0.21205515177318
-0.238399934199945,-0.208135916784485
-0.235941967489846,-0.204271537292273
-0.233492699447394,-0.200461670951628
-0.231052353183774,-0.196705969617048
-0.228621152684769,-0.19300407938265
-0.226199322537345,-0.189355640630145
-0.223787087659295,-0.185760288084529
-0.221384673032229,-0.182217650877339
-0.21899230343824,-0.1787273526174
-0.216610203200525,-0.175289011468899
-0.214238595928268,-0.171902240236651
-0.211877704266051,-0.1685666464584
-0.209527749648079,-0.165281832503967
-0.207188952057474,-0.162047395681074
-0.204861529790892,-0.158862928347634
-0.202545699228707,-0.155728018030297
-0.20024167461099,-0.152642247549038
-0.197949667819498,-0.149605195147544
-0.195669888165892,-0.14661643462918
-0.193402542186353,-0.143675535498253
-0.191147833442806,-0.14078206310635
-0.188905962330888,-0.137935578803461
-0.18667712589484,-0.135135640093628
-0.184461517649443,-0.132381800794839
-0.182259327409131,-0.129673611202894
-0.180070741124394,-0.127010618258938
-0.177895940725561,-0.124392365720395
-0.175735103974051,-0.121818394334996
-0.173588404321159,-0.119288242017613
-0.171456010774431,-0.116801444029608
-0.169338087771665,-0.11435753316039
-0.16723479506257,-0.111956039910904
-0.165146287598096,-0.109596492678742
-0.163072715427422,-0.10727841794459
-0.161014223602602,-0.105001340459735
-0.15897095209084,-0.102764783434318
-0.15694303569434,-0.100568268726081
-0.154930603977699,-0.0984113170293095
-0.152933781202765,-0.0962934480637062
-0.150952686270885,-0.09421418076293
-0.148987432672468,-0.0921730334625309
-0.147038128443748,-0.0901695240870353
-0.145104876130654,-0.0882031703359254
-0.143187772759664,-0.0862734898682776
-0.141286909815515,-0.0843800004858239
-0.139402373225633,-0.0825222203142101
-0.137534243351148,-0.0806996679822381
-0.135682594984333,-0.078911862798879
-0.133847497352312,-0.0771583249278606
-0.132029014126871,-0.0754385755596407
-0.130227203440211,-0.0737521370805785
-0.128442117906451,-0.0720985332391419
-0.126673804648706,-0.07047728930898
-0.124922305331565,-0.0688879322487134
-0.123187656198761,-0.0673299908583
-0.121469888115849,-0.0658029959318382
-0.119769026617706,-0.0643064804066912
-0.118085091960637,-0.0628399795088128
-0.116418099178891,-0.0614030308941746
-0.114768058145405,-0.0599951747861993
-0.113134973636543,-0.0586159541091135
-0.111518845400656,-0.0572649146171482
-0.109919668230237,-0.0559416050195162
-0.108337432037486,-0.0546455771011136
-0.106772121933078,-0.0533763858388938
-0.105223718307929,-0.0521335895138757
-0.10369219691777,-0.0509167498187553
-0.102177528970326,-0.0497254319610964
-0.100679681214909,-0.0485592047620872
-0.0991986160342369,-0.047417640750853
-0.0977342915382761,-0.0463003162543285
-0.0962866616599456,-0.0452068114826952
-0.0948556762524755,-0.0441367106103975
-0.0934412811882615,-0.0430896018527609
-0.0920434184590283,-0.0420650775382376
-0.0906620262771395,-0.0410627341763146
-0.0892970391778847,-0.0400821725211224
-0.0879483881225818,-0.039122997630789
-0.0866160006023413,-0.0381848189225901
-0.0852998007423352,-0.0372672502239488
-0.0839997094064291,-0.0363699098193453
-0.0827156443020317,-0.0354924204931999
-0.0814475200850233,-0.0346344095687955
-0.0801952484646364,-0.0337955089433129
-0.0789587383081549,-0.0329753551190521
-0.0777378957453153,-0.0321735892309169
-0.0765326242722904,-0.0313898570702456
-0.0753428248551434,-0.0306238091050674
-0.0741683960326499,-0.0298751004968731
-0.0730092340183808,-0.029143391113985
-0.0718652328019558,-0.0284283455416177
-0.0707362842493725,-0.0277296330887176
-0.0696222782023264,-0.0270469277916751
-0.0685231025764419,-0.0263799084150025
-0.0674386434583357,-0.0257282584490699
-0.0663687852014439,-0.0250916661049963
-0.0653134105205451,-0.0244698243067878
-0.0642724005849162,-0.023862430680821
-0.0632456351100672,-0.0232691875427648
-0.0622329924479974,-0.022689801882037
-0.0612343496759283,-0.0221239853438902
-0.0602495826834681,-0.0215714542092217
-0.0592785662581639,-0.0210319293722003
-0.0583211741694122,-0.0205051363158051
-0.0573772792506881,-0.0199908050853663
-0.0564467534800699,-0.0194886702602013
-0.0555294680590314,-0.0189984709234352
-0.0546252934894811,-0.0185199506300947
-0.0537340996490309,-0.018052857373564
-0.0528557558644768,-0.0175969435504877
-0.0519901309834841,-0.0171519659242071
-0.0511370934444643,-0.0167176855868116
-0.0502965113446395,-0.0162938679198884
-0.0494682525062915,-0.0158802825540494
-0.0486521845411934,-0.0154767033273136
-0.0478481749132274,-0.015082908242423
-0.047056090999192,-0.0146986794231642
-0.0462758001478041,-0.0143238030697708
-0.0455071697369069,-0.0139580694134761
-0.0447500672288919,-0.0136012726702859
-0.0440043602243484,-0.0132532109940376
-0.0432699165139549,-0.0129136864288123
-0.0425466041286274,-0.0125825048607609
-0.0418342913879426,-0.0122594759694076
-0.0411328469468546,-0.0119444131784883
-0.0404421398407253,-0.0116371336063825
-0.0397620395286899,-0.0113374580161929
-0.0390924159353791,-0.0110452107655272
-0.0384331394910242,-0.0107602197560328
-0.0377840811699658,-0.0104823163827337
-0.0371451125275952,-0.0102113354832185
-0.0365161057357518,-0.0099471152867238
-0.0358969336166061,-0.009689497363158
-0.0352874696750526,-0.00943832657210664
-0.0346875881296442,-0.00919345101186062
-0.0340971639420937,-0.00895472196850494
-0.0335160728453737,-0.00872199386510514
-0.0329441913704429,-0.00849512421102665
-0.0323813968716285,-0.00827397355141984
-0.0318275675506949,-0.00805840541690332
-0.0312825824796298,-0.00784828627347521
-0.0307463216221753,-0.00764348547268089
-0.0302186658541376,-0.00744387520206492
-0.0296994969825018,-0.00724933043593163
-0.0291886977633859,-0.00705972888643982
-0.0286861519188613,-0.00687495095505336
-0.0281917441526715,-0.00669487968436944
-0.0277053601648788,-0.00651940071034456
-0.027226886665467,-0.00634840221493664
-0.0267562113869332,-0.00618177487918126
-0.0262932230958944,-0.00601941183671797
-0.0258378116037405,-0.00586120862778184
-0.0253898677763615,-0.00570706315367448
-0.0249492835429766,-0.0055568756317268
-0.0245159519040953,-0.00541054855076624
-0.024089766938637,-0.00526798662709846
-0.0236706238102358,-0.00512909676101382
-0.0232584187727593,-0.00499378799382753
-0.0228530491750668,-0.00486197146546092
-0.022454413465033,-0.00473356037257179
-0.0220624111928634,-0.00460846992723947
-0.0216769430137268,-0.00448661731621026
-0.0212979106897293,-0.00436792166070821
-0.0209252170912538,-0.00425230397681458
-0.0205587661976899,-0.00413968713642016
-0.0201984630975766,-0.00402999582875218
-0.0198442139881819,-0.00392315652247838
-0.0194959261745403,-0.00381909742838939
-0.0191535080679703,-0.00371774846265998
-0.0188168691840953,-0.00361904121068983
-0.0184859201403862,-0.00352290889152326
-0.0181605726532473,-0.00342928632284712
-0.0178407395346667,-0.00333810988656572
-0.0175263346884472,-0.00324931749495086
-0.0172172731060411,-0.00316284855736513
-0.0169134708620039,-0.00307864394755566
-0.0166148451090861,-0.00299664597151569
-0.0163213140729815,-0.00291679833591046
-0.016032797046747,-0.00283904611706396
-0.0157492143849125,-0.00276333573050267
-0.0154704874972956,-0.0026896149010521
-0.0151965388425375,-0.00261783263348159
-0.0149272919213749,-0.00254793918369282
-0.0146626712696622,-0.00247988603044688
-0.0144026024511598,-0.00241362584762505
-0.0141470120501,-0.0023491124770176
-0.0138958276635463,-0.00228630090163537
-0.0136489778935573,-0.00222514721953831
-0.0134063923391686,-0.00216560861817495
-0.0131680015882044,-0.00210764334922715
-0.0129337372089312,-0.00205121070395376
-0.0127035317415645,-0.00199627098902699
-0.012477318689639,-0.00194278550285527
-0.0122550325112538,-0.00189071651238593
-0.0120366086102026,-0.00184002723038152
-0.0118219833269979,-0.00179068179316285
-0.0116110939298001,-0.00174264523881243
-0.0114038786052592,-0.00169588348583142
-0.0112002764492791,-0.00165036331224337
-0.0110002274577122,-0.00160605233513816
-0.0108036725169932,-0.00156291899064921
-0.0106105533947184,-0.00152093251435721
-0.0104208127301808,-0.00148006292211366
-0.0102343940248648,-0.00144028099127722
-0.0100512416329104,-0.0014015582423563
-0.00987130075155205,-0.00136386692105101
-0.00969451741153839,-0.00132717998068764
-0.00952083846754025,-0.00129147106503915
-0.00935021158855119,-0.00125671449152462
-0.00918258524828751,-0.00122288523478135
-0.00901790871559222,-0.0011899589106027
-0.00885613204484857,-0.00115791176023524
-0.00869720606640781,-0.00112672063502859
-0.00854108237703577,-0.00109636298143141
-0.00838771333038294,-0.00106681682632717
-0.00823705202748212,-0.00103806076270334
-0.00808905230727763,-0.00101007393564756
-0.00794366873719019,-0.000982836028664573
-0.00780085660372042,-0.000956327250307753
-0.00766057190309533,-0.000930528321119055
-0.00752277133196037,-0.000905420460871326
-0.00738741227812035,-0.000880985376106979
-0.00725445281133233,-0.000857205247967136
-0.00712385167415275,-0.000834062720305314
-0.00699556827284206,-0.000811540888079983
-0.00686956266832873,-0.000789623286020219
-0.00674579556723526,-0.000768293877558858
-0.00662422831296832,-0.000747537044027644
-0.00650482287687483,-0.000727337574108808
-0.00638754184946617,-0.000707680653537837
-0.00627234843171208,-0.000688551855052006
-0.00615920642640599,-0.00066993712857953
-0.00604808022960337,-0.000651822791664166
-0.00593893482213416,-0.000634195520120191
-0.00583173576119115,-0.000617042338912827
-0.00572644917199506,-0.00060035061325917
-0.00562304173953756,-0.000584108039944836
-0.00552148070040336,-0.000568302638851599
-0.00542173383467198,-0.000552922744691318
-0.00532376945790038,-0.000537956998941657
-0.00522755641318693,-0.000523394341979059
-0.00513306406331745,-0.000509224005404568
-0.00504026228299399,-0.000495435504558202
-0.00494912145114658,-0.000482018631217564
-0.00485961244332875,-0.000468963446476592
-0.0047717066241969,-0.000456260273800298
-0.00468537584007387,-0.000443899692251502
-0.00460059241159711,-0.000431872529885627
-0.00451732912645125,-0.000420169857309656
-0.00443555923218566,-0.000408782981401507
-0.00435525642911662,-0.000397703439186078
-0.00427639486331442,-0.000386922991864327
-0.00419894911967517,-0.000376433618991834
-0.00412289421507726,-0.000366227512803307
-0.00404820559162238,-0.000356297072679654
-0.00397485910996087,-0.000346634899754231
-0.00390283104270127,-0.000337233791654991
-0.00383209806790361,-0.000328086737379295
-0.00376263726265636,-0.000319186912298267
-0.00369442609673663,-0.000310527673287572
-0.00362744242635316,-0.000302102553981608
-0.00356166448797196,-0.000293905260148168
-0.00349707089222376,-0.000285929665180637
-0.00343364061789325,-0.000278169805704946
-0.00337135300598943,-0.000270619877298469
-0.00331018775389645,-0.000263274230318165
-0.00325012490960474,-0.000256127365835329
-0.00319114486602146,-0.000249173931674324
-0.0031332283553601,-0.000242408718552794
-0.00307635644360841,-0.000235826656320854
-0.00302051052507408,-0.000229422810296842
-0.00296567231700767,-0.000223192377697263
-0.0029118238543019,-0.000217130684158594
-0.00285894748426704,-0.000211233180348707
-0.00280702586148126,-0.00020549543866568
-0.00275604194271574,-0.000199913150021836
-0.00270597898193348,-0.000194482120710903
-0.00265682052536125,-0.000189198269356219
-0.00260855040663408,-0.00018405762393797
-0.00256115274201141,-0.000179056318897493
-0.00251461192566423,-0.000174190592316712
-0.00246891262503252,-0.000169456783170835
-0.00242403977625223,-0.00016485132865246
-0.002379978579651,-0.000160370761565315
-0.00233671449531204,-0.00015601170778587
-0.00229423323870518,-0.000151770883791115
-0.00225252077638464,-0.000147645094250826
-0.00221156332175237,-0.000143631229682705
-0.00217134733088664,-0.000139726264168786
-0.00213185949843483,-0.000135927253131567
-0.0020930867535697,-0.000132231331168344
-0.00205501625600853,-0.000128635709942273
-0.00201763539209415,-0.000125137676128709
-0.0019809317709373,-0.00012173458941542
-0.00194489322061948,-0.000118423880555303
-0.00190950778445546,-0.000115203049470247
-0.00187476371731487,-0.000112069663404851
-0.00184064948200197,-0.00010902135512871
-0.00180715374569285,-0.000106055821186019
-0.00177426537642948,-0.0001031708201913
-0.00174197343966964,-0.000100364171170038
-0.0017102671948922,-9.76337519430954e-05
-0.00167913609225679,-9.49774975537572e-05
-0.00164856976931736,-9.23933987363232e-05
-0.00161855804778877,-8.9879500425163e-05
-0.00158909093036564,-8.7433900303193e-05
-0.00156015859759295,-8.50547473887558e-05
-0.00153175140478737,-8.27402406599013e-05
-0.00150385987900891,-8.04886277151092e-05
-0.001476474716082,-7.82982034694986e-05
-0.00144958677766535,-7.61673088856073e-05
-0.00142318708836996,-7.40943297378422e-05
-0.00139726683292443,-7.2077695409719e-05
-0.00137181735338713,-7.01158777230454e-05
-0.00134683014640432,-6.82073897982087e-05
-0.00132229686051369,-6.63507849447578e-05
-0.00129820929349262,-6.45446555814906e-05
-0.00127455938975053,-6.27876321852704e-05
-0.00125133923776455,-6.10783822678264e-05
-0.0012285410675581,-5.94156093798006e-05
-0.00120615724822147,-5.7798052141329e-05
-0.00118418028547402,-5.62244832984633e-05
-0.00116260281926712,-5.46937088047493e-05
-0.0011414176214275,-5.32045669273091e-05
-0.00112061759334017,-5.17559273767773e-05
-0.00110019576367035,-5.0346690460466e-05
-0.00108014528612396,-4.89757862581491e-05
-0.0010604594372459,-4.76421738198653e-05
-0.00104113161425557,-4.6344840385166e-05
-0.00102215533291919,-4.50828006232378e-05
-0.00100352422545817,-4.38550958933507e-05
-0.000985232038493104,-4.26607935250965e-05
-0.000967272631022708,-4.14989861178913e-05
-0.000949639972437298,-4.03687908592369e-05
-0.000932328140566138,-3.92693488612419e-05
-0.000915331319758191,-3.81998245149216e-05
-0.000898643798995737,-3.71594048618044e-05
-0.000882259970040294,-3.61472989823853e-05
-0.000866174325610397,-3.51627374009839e-05
-0.000850381457590666,-3.42049715065673e-05
-0.00083487605527169,-3.32732729891171e-05
-0.000819652903620238,-3.23669332911271e-05
-0.000804706881579269,-3.14852630738286e-05
-0.000790032960397318,-3.06275916977543e-05
-0.000775626201986731,-2.97932667172576e-05
-0.000761481757310317,-2.89816533886167e-05
-0.000747594864795935,-2.81921341913632e-05
-0.00073396084877855,-2.74241083624795e-05
-0.000720575117969346,-2.66769914431271e-05
-0.000707433163951419,-2.59502148375685e-05
-0.000694530559701623,-2.52432253839576e-05
-0.000681862958138153,-2.45554849366855e-05
-0.000669426090693407,-2.38864699599676e-05
-0.00065721576591175,-2.32356711323781e-05
-0.000645227868071735,-2.26025929620348e-05
-0.000633458355832396,-2.19867534121526e-05
-0.000621903260903206,-2.13876835366875e-05
-0.000610558686737286,-2.08049271258004e-05
-0.000599420807247521,-2.02380403608807e-05
-0.000588485865545157,-1.96865914788704e-05
-0.000577750172700526,-1.91501604456439e-05
-0.000567210106525525,-1.8628338638197e-05
-0.000556862110377469,-1.81207285354118e-05
-0.000546702691983978,-1.76269434171672e-05
-0.000536728422288533,-1.71466070715706e-05
-0.00052693593431635,-1.66793535100935e-05
-0.000517321922060241,-1.62248266904006e-05
-0.000507883139386098,-1.5782680246662e-05
-0.000498616398957693,-1.53525772271525e-05
-0.000489518571180462,-1.49341898389389e-05
-0.000480586583163925,-1.45271991994671e-05
-0.000471817417702472,-1.41312950948622e-05
-0.000463208112274133,-1.37461757447618e-05
-0.000454755758057105,-1.33715475735076e-05
-0.000446457498963668,-1.30071249875238e-05
-0.000438310530691216,-1.26526301587148e-05
-0.000430312099790132,-1.23077928137238e-05
-0.000422459502748155,-1.19723500288895e-05
-0.000414750085091038,-1.16460460307528e-05
-0.000407181240499145,-1.13286320019605e-05
-0.000399750409939751,-1.1019865892422e-05
-0.000392455080814776,-1.07195122355782e-05
-0.000385292786123647,-1.04273419696432e-05
-0.000378261103641082,-1.01431322636866e-05
-0.000371357655109497,-9.86666634842514e-06
-0.000364580105445794,-9.59773335159608e-06
-0.000357926161962292,-9.33612813779076e-06
-0.000351393573601533,-9.08165115262567e-06
-0.000344980130184745,-8.83410827113598e-06
-0.000338683661673708,-8.59331065027668e-06
-0.000332502037445796,-8.35907458542061e-06
-0.000326433165581973,-8.131221370746e-06
-0.000320474992167492,-7.90957716340752e-06
-0.000314625500605111,-7.69397285139005e-06
-0.000308882710940574,-7.48424392494457e-06
-0.000303244679200165,-7.28023035151008e-06
-0.000297709496740114,-7.08177645402733e-06
-0.000292275289607647,-6.88873079255221e-06
-0.000286940217913477,-6.70094604908044e-06
-0.00028170247521554,-6.51827891549623e-06
-0.000276560287913772,-6.3405899845605e-06
-0.00027151191465574,-6.16774364385692e-06
-0.000266555645752917,-5.99960797261507e-06
-0.000261689802607451,-5.83605464133363e-06
-0.000256912737149202,-5.67695881412749e-06
-0.000252222831282891,-5.52219905372512e-06
-0.000247618496345182,-5.37165722904471e-06
-0.000243098172571504,-5.22521842527886e-06
-0.000238660328572463,-5.08277085642053e-06
-0.000234303460819663,-4.94420578016363e-06
-0.000230026093140762,-4.80941741511433e-06
-0.000225826776223627,-4.67830286025046e-06
-0.000221704087129388,-4.55076201656781e-06
-0.000217656628814271,-4.42669751085458e-06
-0.000213683029660024,-4.30601462153616e-06
-0.000209781943012811,-4.18862120653392e-06
-0.000205952046730398,-4.07442763308392e-06
-0.000202192042737502,-3.96334670946189e-06
-0.000198500656589149,-3.85529361856328e-06
-0.000194876637041904,-3.75018585328796e-06
-0.000191318755632826,-3.64794315368047e-06
-0.000187825806266025,-3.54848744577862e-06
-0.000184396604806659,-3.45174278212358e-06
-0.000181029988682271,-3.35763528388707e-06
-0.000177724816491314,-3.26609308457124e-06
-0.000174479967618734,-3.17704627523888e-06
-0.000171294341858509,-3.09042685123245e-06
-0.000168166859042986,-3.00616866034131e-06
-0.000165096458678919,-2.92420735237824e-06
-0.000162082099590088,-2.8444803301267e-06
-0.000159122759566364,-2.76692670162176e-06
-0.000156217435019124,-2.69148723372862e-06
-0.000153365140642885,-2.61810430698318e-06
-0.000150564909083065,-2.54672187166083e-06
-0.000147815790609747,-2.47728540503982e-06
-0.00014511685279734,-2.40974186982687e-06
-0.000142467180210038,-2.34403967371356e-06
-0.00013986587409297,-2.2801286300326e-06
-0.000137312052068931,-2.21795991948433e-06
-0.000134804847840614,-2.1574860529043e-06
-0.000132343410898219,-2.09866083504354e-06
-0.000129926906232368,-2.04143932933437e-06
-0.000127554514052202,-1.98577782361441e-06
-0.000125225429508598,-1.93163379678344e-06
-0.000122938862422392,-1.87896588636721e-06
-0.000120694037017526,-1.82773385696383e-06
-0.000118490191659033,-1.77789856954883e-06
-0.000116326578595761,-1.72942195161527e-06
-0.000114202463707772,-1.68226696812649e-06
-0.000112117126258309,-1.63639759325932e-06
-0.000110069858650264,-1.59177878291621e-06
-0.000108059966187065,-1.54837644798552e-06
-0.000106086766837889,-1.50615742832945e-06
-0.00010414959100714,-1.46508946748002e-06
-0.000102247781308111,-1.42514118802371e-06
-0.000100380692340743,-1.38628206765618e-06
-9.85476904734232e-05,-1.3484824158887e-06
-9.67481536287381e-05,-1.31171335138865e-06
-9.49814710731177e-05,-1.27594677993691e-06
-9.32470432102949e-05,-1.24115537298524e-06
-9.15442813785154e-05,-1.20731254679746e-06
-8.98726076514292e-05,-1.17439244215842e-06
-8.82314546425942e-05,-1.14236990463546e-06
-8.66202653135327e-05,-1.11122046537724e-06
-8.5038492785272e-05,-1.08092032243537e-06
-8.34856001533068e-05,-1.0514463225946e-06
-8.19610603059255e-05,-1.02277594369774e-06
-8.04643557458319e-05,-9.94887277451849e-07
-7.89949784150113e-05,-9.67759012702626e-07
-7.75524295227767e-05,-9.41370419164251e-07
-7.61362193769403e-05,-9.15701331592263e-07
-7.47458672180526e-05,-8.90732134387484e-07
-7.33809010566529e-05,-8.66443746619153e-07
-7.20408575134797e-05,-8.42817607456002e-07
-7.07252816625842e-05,-8.19835661994065e-07
-6.94337268772963e-05,-7.97480347470473e-07
-6.81657546789915e-05,-7.75734579852738e-07
-6.69209345886053e-05,-7.54581740793253e-07
-6.56988439808503e-05,-7.34005664939153e-07
-6.44990679410825e-05,-7.13990627587799e-07
-6.3321199124771e-05,-6.945213326785e-07
-6.21648376195246e-05,-6.75582901111347e-07
-6.10295908096258e-05,-6.57160859384193e-07
-5.9915073243031e-05,-6.39241128539191e-07
-5.88209065007894e-05,-6.21810013410421e-07
-5.77467190688371e-05,-6.04854192164414e-07
-5.66921462121257e-05,-5.88360706125633e-07
-5.56568298510376e-05,-5.72316949879082e-07
-5.4640418440054e-05,-5.56710661642586e-07
-5.36425668486285e-05,-5.41529913901341e-07
-5.26629362442292e-05,-5.2676310429761e-07
-5.17011939775108e-05,-5.12398946768636e-07
-5.07570134695744e-05,-4.98426462925969e-07
-4.98300741012809e-05,-4.84834973669689e-07
-4.89200611045798e-05,-4.71614091031092e-07
-4.80266654558146e-05,-4.5875371023763e-07
-4.71495837709734e-05,-4.46244001994062e-07
-4.6288518202843e-05,-4.34075404973892e-07
-4.5443176340039e-05,-4.22238618515427e-07
-4.46132711078729e-05,-4.10724595516832e-07
-4.3798520671024e-05,-3.9952453552478e-07
-4.29986483379856e-05,-3.88629878011443e-07
-4.2213382467249e-05,-3.78032295834649e-07
-4.14424563751982e-05,-3.67723688876271e-07
-4.06856082456808e-05,-3.57696177853955e-07
-3.99425810412275e-05,-3.47942098301488e-07
-3.92131224158872e-05,-3.38453994713187e-07
-3.84969846296509e-05,-3.29224614847875e-07
-3.77939244644347e-05,-3.20246904188072e-07
-3.71037031415927e-05,-3.11514000550183e-07
-3.64260862409341e-05,-3.03019228841578e-07
-3.57608436212137e-05,-2.94756095960528e-07
-3.51077493420733e-05,-2.86718285835158e-07
-3.44665815874041e-05,-2.78899654597591e-07
-3.3837122590106e-05,-2.71294225889609e-07
-3.32191585582187e-05,-2.63896186296261e-07
-3.26124796023974e-05,-2.56699880903914e-07
-3.20168796647117e-05,-2.49699808979365e-07
-3.14321564487417e-05,-2.42890619766729e-07
-3.08581113509477e-05,-2.36267108398863e-07
-3.02945493932921e-05,-2.29824211920248e-07
-2.97412791570876e-05,-2.2355700541824e-07
-2.91981127180524e-05,-2.17460698259789e-07
-2.86648655825496e-05,-2.11530630430724e-07
-2.81413566249878e-05,-2.05762268974806e-07
-2.76274080263639e-05,-2.00151204529856e-07
-2.71228452139253e-05,-1.94693147958276e-07
-2.66274968019333e-05,-1.89383927069432e-07
-2.61411945335056e-05,-1.84219483431363e-07
-2.56637732235195e-05,-1.79195869269398e-07
-2.51950707025564e-05,-1.74309244449314e-07
-2.47349277618674e-05,-1.69555873542714e-07
-2.4283188099344e-05,-1.64932122972416e-07
-2.38396982664725e-05,-1.60434458235637e-07
-2.34043076162565e-05,-1.5605944120288e-07
-2.29768682520893e-05,-1.51803727490446e-07
-2.25572349775576e-05,-1.47664063904569e-07
-2.21452652471617e-05,-1.43637285955221e-07
-2.17408191179342e-05,-1.39720315437692e-07
-2.13437592019404e-05,-1.35910158080095e-07
-2.09539506196462e-05,-1.32203901254999e-07
-2.05712609541354e-05,-1.28598711753439e-07
-2.01955602061624e-05,-1.25091833619614e-07
-1.98267207500251e-05,-1.21680586044612e-07
-1.94646172902421e-05,-1.18362361317543e-07
-1.91091268190209e-05,-1.1513462283254e-07
-1.87601285745009e-05,-1.11994903150082e-07
-1.84175039997589e-05,-1.08940802111168e-07
-1.80811367025623e-05,-1.05969985002909e-07
-1.77509124158561e-05,-1.03080180774116e-07
-1.74267189589711e-05,-1.00269180299548e-07
-1.71084461995398e-05,-9.75348346914682e-08
-1.67959860161067e-05,-9.48750536572364e-08
-1.64892322614213e-05,-9.22878039016781e-08
-1.61880807263999e-05,-8.97711075730042e-08
-1.58924291047463e-05,-8.73230407511046e-08
-1.56021769582166e-05,-8.49417319770477e-08
-1.53172256825182e-05,-8.26253608226761e-08
-1.50374784738316e-05,-8.03721564991968e-08
-1.47628402959421e-05,-7.81803965037051e-08
-1.44932178479721e-05,-7.6048405302611e-08
-1.42285195327013e-05,-7.39745530509555e-08
-1.39686554254658e-05,-7.19572543466467e-08
-1.37135372436241e-05,-6.99949670186591e-08
-1.34630783165804e-05,-6.80861909482692e-08
-1.32171935563554e-05,-6.62294669224326e-08
-1.29757994286933e-05,-6.44233755184173e-08
-1.27388139246964e-05,-6.26665360188514e-08
-1.25061565329781e-05,-6.09576053563487e-08
-1.22777482123225e-05,-5.92952770869089e-08
-1.20535113648446e-05,-5.76782803913081e-08
-1.1833369809639e-05,-5.61053791037148e-08
-1.16172487569103e-05,-5.45753707667909e-08
-1.14050747825754e-05,-5.30870857125562e-08
-1.11967758033289e-05,-5.16393861683111e-08
-1.09922810521648e-05,-5.02311653869393e-08
-1.07915210543433e-05,-4.88613468009186e-08
-1.05944276037971e-05,-4.75288831994019e-08
-1.0400933739969e-05,-4.62327559277334e-08
-1.02109737250706e-05,-4.49719741087899e-08
-1.00244830217576e-05,-4.37455738855553e-08
-9.84139827121155e-06,-4.25526176843422e-08
-9.66165727162238e-06,-4.13921934981071e-08
-9.4851989570631e-06,-4.02634141893032e-08
-9.31196337675047e-06,-3.91654168117432e-08
-9.14189167468413e-06,-3.80973619509526e-08
-8.97492606965722e-06,-3.70584330825063e-08
-8.81100983563206e-06,-3.60478359478642e-08
-8.65008728247399e-06,-3.50647979472233e-08
-8.49210373703685e-06,-3.41085675489253e-08
-8.33700552459384e-06,-3.31784137149678e-08
-8.18473995060709e-06,-3.22736253421784e-08
-8.03525528283027e-06,-3.13935107186274e-08
-7.88850073373784e-06,-3.05373969948623e-08
-7.7444264432749e-06,-2.9704629669559e-08
-7.60298346192224e-06,-2.88945720891989e-08
-7.46412373407015e-06,-2.81066049613867e-08
-7.32780008169606e-06,-2.73401258814399e-08
-7.19396618833999e-06,-2.65945488718862e-08
-7.06257658337257e-06,-2.58693039345173e-08
-6.93358662655039e-06,-2.51638366146577e-08
-6.80695249285294e-06,-2.44776075773132e-08
-6.68263115759681e-06,-2.3810092194878e-08
-6.56058038182134e-06,-2.31607801460837e-08
-6.44075869794114e-06,-2.2529175025883e-08
-6.32312539566075e-06,-2.19147939659726e-08
-6.20764050814603e-06,-2.13171672656611e-08
-6.09426479844842e-06,-2.07358380328047e-08
-5.98295974617682e-06,-2.01703618345317e-08
-5.87368753441286e-06,-1.96203063574927e-08
-5.76641103686515e-06,-1.90852510773735e-08
-5.66109380525784e-06,-1.85647869374205e-08
-5.55770005694964e-06,-1.80585160357318e-08
-5.45619466277877e-06,-1.7566051321075e-08
-5.35654313512987e-06,-1.70870162969998e-08
-5.25871161621886e-06,-1.6621044734019e-08
-5.16266686659145e-06,-1.61677803896368e-08
-5.06837625383193e-06,-1.57268767360125e-08
-4.97580774147791e-06,-1.52979966950494e-08
-4.88492987813756e-06,-1.48808123807084e-08
-4.79571178680559e-06,-1.44750048483473e-08
-4.70812315437409e-06,-1.40802638508952e-08
-4.62213422133513e-06,-1.36962876016765e-08
-4.53771577167125e-06,-1.33227825437015e-08
-4.45483912293056e-06,-1.2959463125248e-08
-4.37347611648308e-06,-1.26060515815635e-08
-4.29359910795492e-06,-1.22622777225184e-08
