x,v,dx,dv
-4.5,-10,-0.0329326007826233,-0.237017978805285
-4.5,-9,-0.031948155354559,-0.285877854644928
-4.5,-8,-0.0305786352688084,-0.340556641454656
-4.5,-7,-0.0287058669569656,-0.400486305508185
-4.5,-6,-0.0262074241835378,-0.463970222175569
-4.5,-5,-0.0229906498351029,-0.52779921188258
-4.5,-4,-0.0190450268558322,-0.587294458363309
-4.5,-3,-0.0144911434323256,-0.637183415359743
-4.5,-2,-0.00958519276220724,-0.673238168766843
-4.5,-1,-0.00465507310954354,-0.693781030108147
-4.5,0,0,-0.7
-4.5,1,0.00418252721816101,-0.694983874940805
-4.5,2,0.00781046296190048,-0.682347907836107
-4.5,3,0.0108887120268657,-0.665262639983936
-4.5,4,0.0134703481199269,-0.646080404138055
-4.5,5,0.0156264915493818,-0.626358607143576
-4.5,6,0.0174287265673917,-0.607038545807132
-4.5,7,0.0189410466772529,-0.588638004471381
-4.5,8,0.0202173574016454,-0.571404746110543
-4.5,9,0.0213016739975976,-0.555423688691822
-4.5,10,0.0222293771157349,-0.540686523984625
-4.45,-10,-0.0336280757395057,-0.194064445025944
-4.45,-9,-0.0328445970842218,-0.24185321364425
-4.45,-8,-0.0317036119741714,-0.296567690614588
-4.45,-7,-0.0300691396223832,-0.358243962891003
-4.45,-6,-0.0277805755382617,-0.425788502786505
-4.45,-5,-0.0246839741062114,-0.496266630884602
-4.45,-4,-0.0206982038292754,-0.564476521475169
-4.45,-3,-0.0159010915954679,-0.62358809676662
-4.45,-2,-0.0105740256409241,-0.667290036414476
-4.45,-1,-0.00513754240370453,-0.692417694184699
-4.45,0,0,-0.7
-4.45,1,0.00456880186279042,-0.694010388838254
-4.45,2,0.00846558632732419,-0.679215385024403
-4.45,3,0.0117082099898444,-0.659671984802661
-4.45,4,0.0143753186658392,-0.638231999591238
-4.45,5,0.0165630803622317,-0.616656912363513
-4.45,6,0.0183627317992126,-0.595922840935028
-4.45,7,0.019852089384487,-0.576504829839383
-4.45,8,0.0210941895645393,-0.558582193276971
-4.45,9,0.0221388370569087,-0.542170413714229
-4.45,10,0.0230249669781317,-0.527200491523271
-4.4,-10,-0.0342132322981952,-0.147586904174774
-4.4,-9,-0.0336398873358534,-0.193243866687762
-4.4,-8,-0.0327537613755606,-0.246731526767728
-4.4,-7,-0.0314095659543571,-0.308829510609912
-4.4,-6,-0.0294137297827886,-0.379385028837508
-4.4,-5,-0.0265427301120555,-0.456282139996114
-4.4,-4,-0.0226121705207168,-0.534299445757536
-4.4,-3,-0.0176072222104189,-0.604974619643809
-4.4,-2,-0.0118052923380273,-0.658979536196296
-4.4,-1,-0.00574444523401731,-0.690507450779027
-4.4,0,0,-0.7
-4.4,1,0.00504398803755807,-0.692692770188046
-4.4,2,0.00925451672916443,-0.675086341177072
-4.4,3,0.0126734412838335,-0.652497934410593
-4.4,4,0.0154192604252221,-0.628409550512778
-4.4,5,0.0176236871586493,-0.604782820832093
-4.4,6,0.0194036562426025,-0.582579822657432
-4.4,7,0.0208537354490211,-0.562182076492035
-4.4,8,0.0220472448614557,-0.543661289414287
-4.4,9,0.0230400425795551,-0.526936974573729
-4.4,10,0.0238744891628332,-0.511862781305209
-4.35,-10,-0.0346560478671462,-0.0978945273854911
-4.35,-9,-0.0342903114640068,-0.140249120783563
-4.35,-8,-0.0336722197325734,-0.190978133074225
-4.35,-7,-0.0326600325960701,-0.251652356097563
-4.35,-6,-0.0310420503349001,-0.323351889436586
-4.35,-5,-0.0285299904763705,-0.405482252838869
-4.35,-4,-0.0248067389226561,-0.493811990143284
-4.35,-3,-0.0196879962522615,-0.578751346804804
-4.35,-2,-0.0133722972857212,-0.646894632935625
-4.35,-1,-0.00653005100374806,-0.687708785428381
-4.35,0,0,-0.7
-4.35,1,0.00564228769237613,-0.6908442920359
-4.35,2,0.01022090981325,-0.669487267269337
-4.35,3,0.0138233313201017,-0.643091132333418
-4.35,4,0.0166318364827987,-0.615916233008823
-4.35,5,0.0188290383362816,-0.59007366161551
-4.35,6,0.020565178965448,-0.566418013173697
-4.35,7,0.0219545912843301,-0.545159030572921
-4.35,8,0.0230816496138735,-0.52620811514167
-4.35,9,0.0240080957439821,-0.509356982379859
-4.35,10,0.0247792305313639,-0.49436413068649
-4.3,-10,-0.0349259459776152,-0.0455117460385987
-4.3,-9,-0.034750828019905,-0.0833785390396981
-4.3,-8,-0.0343944008225507,-0.129653680329902
-4.3,-7,-0.0337336044643315,-0.186594672854324
-4.3,-6,-0.0325633497675368,-0.256615082890359
-4.3,-5,-0.0305577606776647,-0.34130529580806
-4.3,-4,-0.0272622988228913,-0.438983855234508
-4.3,-3,-0.022228879046932,-0.540694714720559
-4.3,-2,-0.0154154133508853,-0.628447302873152
-4.3,-1,-0.00758470142365138,-0.683365876910476
-4.3,0,0,-0.7
-4.3,1,0.00641770642160542,-0.688131686317695
-4.3,2,0.0114284333869578,-0.661631592450019
-4.3,3,0.0152098440013495,-0.630447664903158
-4.3,4,0.0180491794434954,-0.59974231847236
-4.3,5,0.0202020621046959,-0.571621093633889
-4.3,6,0.0218608672089752,-0.546663510716255
-4.3,7,0.0231620705026738,-0.524792717186193
-4.3,8,0.0242009360001761,-0.50569346316336
-4.3,9,0.0250441484622144,-0.488995144271419
-4.3,10,0.0257389219355101,-0.474344978933146
-4.25,-10,-0.0349972201486804,0.00882228688723658
-4.25,-9,-0.0349802980732775,-0.0234840090671151
-4.25,-8,-0.0348550873912467,-0.0636329567081613
-4.25,-7,-0.0345303714863937,-0.114286385911266
-4.25,-6,-0.033837022693544,-0.178947920062333
-4.25,-5,-0.0324636521025891,-0.261619030012777
-4.25,-4,-0.0298701363656552,-0.364842406250787
-4.25,-3,-0.0252863926106267,-0.48398278843002
-4.25,-2,-0.0181439484984358,-0.598597404901194
-4.25,-1,-0.00906942129350232,-0.676090407386754
-4.25,0,0,-0.7
-4.25,1,0.00746042192240219,-0.68391289057591
-4.25,2,0.012972372807961,-0.650143843693463
-4.25,3,0.0169019700190079,-0.612967669449722
-4.25,4,0.0197135987306342,-0.578402636607938
-4.25,5,0.02176606365904,-0.548174597292001
-4.25,6,0.0233021435234237,-0.522306464525862
-4.25,7,0.0244806237934774,-0.500279545327301
-4.25,8,0.0254056325902287,-0.48147848661817
-4.25,9,0.0261466170569765,-0.46534048458127
-4.25,10,0.0267509174179402,-0.451392697016043
-4.2,-10,-0.0348525466942031,0.064187191645673
-4.2,-9,-0.0349476731540934,0.0382629905504665
-4.2,-8,-0.0349988610994284,0.00564700780648172
-4.2,-7,-0.0349528765129257,-0.0363121107740575
-4.2,-6,-0.0346991872516415,-0.0915781722366582
-4.2,-5,-0.0340025879395284,-0.165920479042993
-4.2,-4,-0.0323608791196773,-0.26666346026528
-4.2,-3,-0.0287799248172345,-0.398354579496373
-4.2,-2,-0.021841089075439,-0.546979644227732
-4.2,-1,-0.0112964256998701,-0.662537777460973
-4.2,0,0,-0.7
-4.2,1,0.00893186013648874,-0.676822539371201
-4.2,2,0.0149982854165338,-0.632471796861864
-4.2,3,0.0189885361285711,-0.588025678246775
-4.2,4,0.021670171810504,-0.549692151555118
-4.2,5,0.0235402418779158,-0.518018151160446
-4.2,6,0.0248944348758172,-0.492043539623759
-4.2,7,0.0259088164326784,-0.470630738927143
-4.2,8,0.026691141135174,-0.452805912020691
-4.2,9,0.0273096574704756,-0.437804800725299
-4.2,10,0.0278090955625065,-0.425043152630592
-4.15,-10,-0.0344857985628772,0.119548646969598
-4.15,-9,-0.0346376811987469,0.100461019652354
-4.15,-8,-0.0347915668504143,0.076280734378098
-4.15,-7,-0.0349282680405409,0.0447932659587608
-4.15,-6,-0.0349997916562649,0.00241528615699912
-4.15,-5,-0.0348843662028467,-0.0568541805874878
-4.15,-4,-0.0342604376667368,-0.143139667295468
-4.15,-3,-0.0322549707645894,-0.27174757476414
-4.15,-2,-0.026721222711736,-0.452095678718479
-4.15,-1,-0.0149313804286738,-0.633104692288477
-4.15,0,0,-0.7
-4.15,1,0.0111470372508247,-0.663549112132245
-4.15,2,0.0177282794008978,-0.603558815521306
-4.15,3,0.0215731830042169,-0.551216028455838
-4.15,4,0.023955472385446,-0.510347075151855
-4.15,5,0.0255301142344664,-0.478837453495482
-4.15,6,0.0266303927606451,-0.454234380651126
-4.15,7,0.0274347727711429,-0.434664580105514
-4.15,8,0.0280447000635594,-0.418805347790591
-4.15,9,0.028521120174462,-0.405731785293633
-4.15,10,0.0289024567229548,-0.39479006845549
-4.1,-10,-0.0339033958517034,0.17385022257415
-4.1,-9,-0.0340542624920169,0.161625748103217
-4.1,-8,-0.0342289292104714,0.146123790129515
-4.1,-7,-0.0344296073947891,0.12586045390143
-4.1,-6,-0.0346529362346347,0.0983341452768927
-4.1,-5,-0.0348753267770219,0.0590307790764734
-4.1,-4,-0.0349999727190456,-0.000873994522474806
-4.1,-3,-0.0346408013347648,-0.100029761342033
-4.1,-2,-0.0321458675385127,-0.276870511392166
-4.1,-1,-0.0214491288228484,-0.553149120126157
-4.1,0,0,-0.7
-4.1,1,0.0147846319509014,-0.634480782396562
-4.1,2,0.0214750887588522,-0.552746076530416
-4.1,3,0.0247403066431571,-0.495143303378953
-4.1,4,0.0265686542125028,-0.455678225653348
-4.1,5,0.0277091586840496,-0.427645893244475
-4.1,6,0.0284789203795112,-0.406915762298518
-4.1,7,0.0290296035085216,-0.391040724292511
-4.1,8,0.0294413519072085,-0.378527038862965
-4.1,9,0.0297599968313808,-0.36842507438892
-4.1,10,0.030013451646663,-0.360107050890938
-4.05,-10,-0.0331237611758729,0.226111871040632
-4.05,-9,-0.0332205025996652,0.220361709038244
-4.05,-8,-0.0333386691880897,0.213103858967518
-4.05,-7,-0.0334859138067978,0.203660085950791
-4.05,-6,-0.0336736448238156,0.190877598768967
-4.05,-5,-0.0339189528078573,0.172632141176957
-4.05,-4,-0.0342455588087018,0.14455684263257
-4.05,-3,-0.0346681416679319,0.0961664251019144
-4.05,-2,-0.0349993633871457,-0.00422196610719264
-4.05,-1,-0.0320335106326197,-0.282031343328956
-4.05,0,0,-0.7
-4.05,1,0.0213758807842797,-0.554282137794919
-4.05,2,0.0265059071049728,-0.45713756727819
-4.05,3,0.028435969450239,-0.408115494155796
-4.05,4,0.0294093181613248,-0.379521807165794
-4.05,5,0.0299881124577074,-0.36095047373505
-4.05,6,0.0303695410169939,-0.347960330162576
-4.05,7,0.0306390259496366,-0.338378538833356
-4.05,8,0.0308391958522223,-0.331025074088519
-4.05,9,0.030993584063259,-0.325206240354453
-4.05,10,0.0311162021431944,-0.320488354973384
-4,-10,-0.0321749834697461,0.275514383451436
-4,-9,-0.0321749834697461,0.275514383451436
-4,-8,-0.0321749834697461,0.275514383451436
-4,-7,-0.0321749834697461,0.275514383451436
-4,-6,-0.0321749834697461,0.275514383451436
-4,-5,-0.0321749834697461,0.275514383451436
-4,-4,-0.0321749834697461,0.275514383451436
-4,-3,-0.0321749834697461,0.275514383451436
-4,-2,-0.0321749834697461,0.275514383451436
-4,-1,-0.0321749834697461,0.275514383451436
-4,0,0,0
-4,1,0.0321749834697461,-0.275514383451436
-4,2,0.0321749834697461,-0.275514383451436
-4,3,0.0321749834697461,-0.275514383451436
-4,4,0.0321749834697461,-0.275514383451436
-4,5,0.0321749834697461,-0.275514383451436
-4,6,0.0321749834697461,-0.275514383451436
-4,7,0.0321749834697461,-0.275514383451436
-4,8,0.0321749834697461,-0.275514383451436
-4,9,0.0321749834697461,-0.275514383451436
-4,10,0.0321749834697461,-0.275514383451436
-3.95,-10,-0.0310912954815623,0.321453788453757
-3.95,-9,-0.0309657227990781,0.326266156093858
-3.95,-8,-0.0308076075690663,0.332199527916829
-3.95,-7,-0.030602600394474,0.339694479846899
-3.95,-6,-0.0303266074586403,0.349454935606605
-3.95,-5,-0.0299360070770071,0.362676428947557
-3.95,-4,-0.0293434674811866,0.381555194529202
-3.95,-3,-0.0283477478810963,0.410563120637888
-3.95,-2,-0.0263773121441433,0.460103207574314
-3.95,-1,-0.0211740915261366,0.557371634743925
-3.95,0,0,0.7
-3.95,1,0.0317988048486594,0.292462654160749
-3.95,2,0.0349956004897197,0.0110985830434069
-3.95,3,0.0346983534339093,-0.0917044578535054
-3.95,4,0.0342792073852156,-0.141330734154158
-3.95,5,0.0339506121202429,-0.170124585713901
-3.95,6,0.033702448523325,-0.188833221158387
-3.95,7,0.0335119905870263,-0.201937105946439
-3.95,8,0.0333623508515321,-0.21161620510658
-3.95,9,0.0332421258975809,-0.219053478227925
-3.95,10,0.0331436205253231,-0.22494480965195
-3.9,-10,-0.0299092178923485,0.363559450471594
-3.9,-9,-0.0296435182725725,0.372162235818553
-3.9,-8,-0.0293096226011036,0.382594314113984
-3.9,-7,-0.0288784613783388,0.395491829710699
-3.9,-6,-0.0283024430958935,0.411811468904746
-3.9,-5,-0.0274986990733968,0.433045747823838
-3.9,-4,-0.0263114259935799,0.461609732212988
-3.9,-3,-0.0244182734530277,0.501496927836319
-3.9,-2,-0.0210714947445,0.558924720953549
-3.9,-1,-0.0143512507867138,0.638448619970893
-3.9,0,0,0.7
-3.9,1,0.0206540761245416,0.565122690905838
-3.9,2,0.0316763431039706,0.297730944014583
-3.9,3,0.0345015937173056,0.117711564369825
-3.9,4,0.0349923554461594,0.0146295636248835
-3.9,5,0.0349172020514106,-0.0481206853690493
-3.9,6,0.0347133325581613,-0.0894081488601559
-3.9,7,0.0344960940474111,-0.118354544436908
-3.9,8,0.0342962202625972,-0.139670004939379
-3.9,9,0.0341200548341308,-0.155976739440094
-3.9,10,0.0339667160061286,-0.168833887308216
-3.85,-10,-0.028664148639137,0.40167976438624
-3.85,-9,-0.0282563188684559,0.413076479119373
-3.85,-8,-0.0277476856924832,0.42664549157874
-3.85,-7,-0.027098112262469,0.443031516626358
-3.85,-6,-0.0262444546892003,0.463132204911951
-3.85,-5,-0.025082792311279,0.488202224439521
-3.85,-4,-0.0234332368910613,0.519955155299918
-3.85,-3,-0.0209677532671982,0.560483121218079
-3.85,-2,-0.0170646251486119,0.611162357655431
-3.85,-1,-0.0105801759767828,0.66725104010419
-3.85,0,0,0.7
-3.85,1,0.0139706977609882,0.641816049681252
-3.85,2,0.025572954498068,0.477922168659184
-3.85,3,0.0315504022595056,0.303032748899114
-3.85,4,0.0339297756644055,0.171779304181982
-3.85,5,0.0347633491988281,0.0812638972246268
-3.85,6,0.0349881368939627,0.018223903965151
-3.85,7,0.0349736279297311,-0.0271687278519569
-3.85,8,0.0348667641614435,-0.0610205110115671
-3.85,9,0.0347282075672828,-0.0870668689312275
-3.85,10,0.0345836631484382,-0.10764802503596
-3.8,-10,-0.0273878796351633,0.435845866833589
-3.8,-9,-0.0268455049852329,0.449140896417967
-3.8,-8,-0.0261763783198701,0.464670729895928
-3.8,-7,-0.0253343514256399,0.48297852450898
-3.8,-6,-0.0242500975382002,0.504750540123645
-3.8,-5,-0.0228163929659268,0.530815301974013
-3.8,-4,-0.0208628599753122,0.56204664349163
-3.8,-3,-0.0181141600853446,0.598958163614958
-3.8,-2,-0.0141316391994491,0.640405113513811
-3.8,-1,-0.00828667209439668,0.680097365264694
-3.8,0,0,0.7
-3.8,1,0.0103009335734228,0.668996492521727
-3.8,2,0.0202517020770218,0.570918054709623
-3.8,3,0.0273705881036125,0.436280142505884
-3.8,4,0.0314209291968843,0.308366800031642
-3.8,5,0.0334594050335895,0.205395437922271
-3.8,6,0.0344195850616118,0.126952218076681
-3.8,7,0.034836800641452,0.0675198372857416
-3.8,8,0.0349828937822131,0.0218828025846467
-3.8,9,0.0349931614226681,-0.0138369598842593
-3.8,10,0.0349358914897105,-0.0423484867223054
-3.75,-10,-0.0261071766710665,0.466225407401064
-3.75,-9,-0.0254441675822118,0.480663847630887
-3.75,-8,-0.0246364402579908,0.497210543498206
-3.75,-7,-0.023636478513479,0.516262291275218
-3.75,-6,-0.0223762392585176,0.538257899763887
-3.75,-5,-0.0207568080301227,0.563615088655594
-3.75,-4,-0.018633287227611,0.592553999933626
-3.75,-3,-0.015795490871263,0.624660697702632
-3.75,-2,-0.0119535858984647,0.657909350645824
-3.75,-1,-0.00676552519599508,0.686797690392842
-3.75,0,0,0.7
-3.75,1,0.00807140291165152,0.681132132566886
-3.75,2,0.0163305102306561,0.619133082820305
-3.75,3,0.0232985270201827,0.522370994098952
-3.75,4,0.0282186811921334,0.414104350026289
-3.75,5,0.0312878724258232,0.313731757439641
-3.75,6,0.0330715418257607,0.22914896575543
-3.75,7,0.0340658461158567,0.160646354967393
-3.75,8,0.0345984530528194,0.105729932094655
-3.75,9,0.0348645113889327,0.0615332287824577
-3.75,10,0.0349765727864763,0.0256074685380992
-3.7,-10,-0.0248432959207027,0.493076321798724
-3.7,-9,-0.0240769656356721,0.508055007170943
-3.7,-8,-0.023155661164255,0.524905841478722
-3.7,-7,-0.022033910251661,0.543877485844652
-3.7,-6,-0.020649590889384,0.565188250444423
-3.7,-5,-0.0189175617009181,0.588940017078804
-3.7,-4,-0.0167220334330639,0.614938565342422
-3.7,-3,-0.013910165106763,0.642341749134398
-3.7,-2,-0.0102951316144933,0.669032215977754
-3.7,-1,-0.00568902568808475,0.690690954543437
-3.7,0,0,0.7
-3.7,1,0.0065924442461712,0.687470633223303
-3.7,2,0.0134952372996412,0.645872609800531
-3.7,3,0.0198465918136935,0.576580538478584
-3.7,4,0.0249673822274369,0.490562870469859
-3.7,5,0.0286691299256414,0.401537539618249
-3.7,6,0.0311511822602089,0.319126209385093
-3.7,7,0.0327403857843068,0.24744061000148
-3.7,8,0.0337287659383133,0.186944214436799
-3.7,9,0.0343284560970525,0.136465529702914
-3.7,10,0.0346804038423469,0.0943813314840048
-3.65,-10,-0.023612180697028,0.516706850247179
-3.65,-9,-0.0227609714145532,0.531766181800194
-3.65,-8,-0.0217510979072091,0.548412158811602
-3.65,-7,-0.0205412023239959,0.56676591537765
-3.65,-6,-0.0190772617862121,0.586875824255978
-3.65,-5,-0.0172891681711986,0.608632783851811
-3.65,-4,-0.0150877344634691,0.631620224109345
-3.65,-3,-0.0123645161444425,0.654864486902083
-3.65,-2,-0.00899989466639056,0.676461941573619
-3.65,-1,-0.00488937839512989,0.693136055593485
-3.65,0,0,0.7
-3.65,1,0.00554534119752609,0.691158213726212
-3.65,2,0.0114031165264124,0.661806295976417
-3.65,3,0.0170564079491264,0.611254103584745
-3.65,4,0.0220051048587815,0.544343773787864
-3.65,5,0.0259654469424617,0.469380683487595
-3.65,6,0.0289174574779307,0.394350429446741
-3.65,7,0.0310108109989105,0.324548671967614
-3.65,8,0.0324477399236815,0.262407449471336
-3.65,9,0.0334129430397744,0.208398884278006
-3.65,10,0.0340500737724787,0.161978364096888
-3.6,-10,-0.0224250648731821,0.537444495900208
-3.6,-9,-0.0215069762676789,0.552249933208324
-3.6,-8,-0.0204316364350677,0.568347862698616
-3.6,-7,-0.0191627699453793,0.585760445240362
-3.6,-6,-0.0176549408346135,0.604418088454109
-3.6,-5,-0.0158520572430365,0.624087263501986
-3.6,-4,-0.013686897796401,0.644257348801199
-3.6,-3,-0.0110834095779588,0.663975310422672
-3.6,-2,-0.00796494048819841,0.681633251248634
-3.6,-1,-0.00427296080642168,0.694763788908658
-3.6,0,0,0.7
-3.6,1,0.00476716397231751,0.693476502171786
-3.6,2,0.00981559557838996,0.6719089472366
-3.6,3,0.0148225748759958,0.634126572237908
-3.6,4,0.01943912734789,0.582106632139684
-3.6,5,0.0234013946557406,0.520528473060322
-3.6,6,0.0265961711215818,0.455035682852033
-3.6,7,0.0290489594511497,0.390465340231608
-3.6,8,0.0308667131108668,0.329997588919338
-3.6,9,0.0321815519555965,0.275207349995776
-3.6,10,0.0331166850608665,0.226526087309502
-3.55,-10,-0.0212892572524993,0.55561408392405
-3.55,-9,-0.020320887671362,0.569933864320375
-3.55,-8,-0.0192003449302066,0.585268059802033
-3.55,-7,-0.0178966360167839,0.601568090670625
-3.55,-6,-0.0163724229847202,0.618690153666407
-3.55,-5,-0.0145836609913602,0.636338536343378
-3.55,-4,-0.0124803177481316,0.653985219681812
-3.55,-3,-0.0100093088238143,0.670764858014942
-3.55,-2,-0.00712135969051798,0.685357202094868
-3.55,-1,-0.00378377221266526,0.695897425729586
-3.55,0,0,0.7
-3.55,1,0.00416703521622098,0.695021098242859
-3.55,2,0.0085781669807684,0.678650145877846
-3.55,3,0.0130237959332913,0.649732480175644
-3.55,4,0.0172623959886391,0.608936674780364
-3.55,5,0.0210803582708609,0.558791014663673
-3.55,6,0.0243422526393049,0.502973055518586
-3.55,7,0.0270063665039979,0.445266737249366
-3.55,8,0.0291064162786499,0.388750064393022
-3.55,9,0.0307188454239252,0.335471331604352
-3.55,10,0.0319337640914339,0.286520303610509
-3.5,-10,-0.02020895084711,0.571523684779237
-3.5,-9,-0.0192050070540055,0.585206870792064
-3.5,-8,-0.0180563915299514,0.599655476058411
-3.5,-7,-0.0167371271518921,0.614774291818191
-3.5,-6,-0.0152170228964798,0.630378367067909
-3.5,-5,-0.0134619111484812,0.646150740378868
-3.5,-4,-0.0114348143586947,0.661587490988815
-3.5,-3,-0.00909872669827499,0.67593288793196
-3.5,-2,-0.00642189251332733,0.688116064787699
-3.5,-1,-0.00338638646036196,0.696715834968914
-3.5,0,0,0.7
-3.5,1,0.00369058934631903,0.696097565080309
-3.5,2,0.00759050844853256,0.683340085606795
-3.5,3,0.0115586829344507,0.660725918614016
-3.5,4,0.0154264419831017,0.628339044701823
-3.5,5,0.0190296971543847,0.587493191862647
-3.5,6,0.0222420293329851,0.540478355219015
-3.5,7,0.0249942182231997,0.490015940724819
-3.5,8,0.027274339654296,0.438684577537025
-3.5,9,0.0291135310868856,0.388536900514197
-3.5,10,0.0305671673168449,0.340968199235066
