t,nl_m4,lin_m4,nl_m3,lin_m3,nl_m2,lin_m2
0,0.00999999999999979,0.01,0.00999999999999979,0.01,0.01,0.01
0.001,0.0100017779319011,0.0100017512504639,0.0100019298361369,0.0100019234225321,0.010002164379884,0.0100021331395646
0.002,0.0100070394887872,0.0100069856909575,0.0100077251702209,0.0100076725468464,0.0100085568423368,0.0100085091990077
0.003,0.010015763920028,0.0100156754530136,0.0100172709783233,0.0100172169617661,0.010019201527513,0.0100190947176475
0.004,0.0100279019440094,0.010027794114286,0.0100306230406637,0.0100305279733223,0.0100340153903085,0.0100338583134165
0.005,0.0100434205647633,0.010043316676978,0.010047755663817,0.01004757857909,0.0100529740784357,0.0100527706517684
0.006,0.0100624295365121,0.0100622195469528,0.0100685652649269,0.0100683434433928,0.0100760268386926,0.0100758044157235
0.007,0.0100846756973366,0.0100844805135131,0.0100930765380129,0.0100927988733587,0.0101032880885051,0.0101029342770278
0.008,0.0101103968230356,0.0101100787298376,0.0101212720725602,0.0101209227958119,0.0101345526919565,0.0101341368684067
0.009,0.0101393778334895,0.0101389946940603,0.0101531574221891,0.0101526947349835,0.0101699396083568,0.0101693907568889
0.01,0.0101716334620056,0.0101712102309822,0.0101886021004436,0.0101880957910255,0.010209254204074,0.0102086764181839
0.011,0.0102072006508264,0.0102067084744029,0.0102277089426426,0.0102271086193139,0.0102527513529716,0.0102519762120891
0.012,0.0102460848253597,0.01024547385006,0.0102704671460789,0.0102697174105252,0.0103001993577206,0.0102992743589107
0.013,0.0102882239827147,0.0102874920591673,0.0103167930941548,0.0103159078714734,0.0103515917329696,0.0103505569168774
0.014,0.0103335907583235,0.0103327500625375,0.0103666763723393,0.0103656672066915,0.0104069453989889,0.0104058117605302
0.015,0.0103821971844863,0.0103812360652825,0.0104201293779337,0.0104189841007466,0.0104663640841819,0.01046502856007
0.016,0.0104340153052046,0.0104329395020783,0.0104771318720862,0.0104758487012736,0.0105297464976256,0.0105281987616463
0.017,0.0104890524777743,0.0104878510229862,0.0105376966387224,0.0105362526027158,0.0105970703298373,0.0105953155685703
0.018,0.0105472770840293,0.0105459624798199,0.0106017988931861,0.0106001888307599,0.0106683433915634,0.0106663739234375
0.019,0.0106086964540447,0.0106072669130483,0.0106694491404745,0.0106676518274535,0.0107435571445389,0.010741370491143
0.02,0.0106733242583042,0.0106717585392273,0.0107406221535322,0.0107386374369935,0.0108227198349525,0.0108203036427754
0.021,0.0107412088815423,0.0107394327389484,0.0108153236716533,0.0108131428921747,0.0109058211369597,0.0109031734403755
0.022,0.0108122719219809,0.0108102860452985,0.0108935313424041,0.0108911668014864,0.0109928671527151,0.0109899816225446
0.023,0.0108864783490766,0.0108843161328204,0.0109752437354694,0.0109727091368486,0.0110838490520784,0.0110807315908903
0.024,0.0109638239600258,0.0109615218069673,0.0110604994920835,0.011057771221976,0.0111787765294253,0.011175428397296
0.025,0.0110443606289104,0.0110419029940415,0.0111493967662308,0.0111463557213601,0.0112777870863451,0.011274078732002
0.026,0.0111282063222036,0.0111254607316129,0.0112417894154282,0.0112384666298611,0.011380761567569,0.0113766909124866
0.027,0.0112151589391422,0.0112121971594058,0.0113376749828932,0.0113341092628986,0.0114876909651716,0.0114832748731349
0.028,0.0113052117331266,0.0113021155106503,0.0114370245320078,0.0114332902472347,0.0115985830817796,0.0115938421556844
0.029,0.0113986113269355,0.0113952201038892,0.0115401078317528,0.0115360175123374,0.0117134182087577,0.0117084059004371
0.03,0.0114951780785971,0.0114915163352348,0.0116467366462847,0.01164230028232,0.0118323618272222,0.0118269808382276
0.031,0.0115948159394478,0.0115910106710682,0.0117568280683706,0.0117521490684452,0.0119554370185871,0.0119495832831369
0.032,0.0116978667055757,0.0116937106411752,0.0118705536212511,0.0118655756621884,0.0120824820209797,0.0120762311259434
0.033,0.0118040578186667,0.0117996248323131,0.0119879864851355,0.0119825931288513,0.0122135067601934,0.0122069438283007
0.034,0.0119133861170742,0.0119087628822013,0.0121088906466062,0.0121032158017196,0.0123487956462138,0.0123417424176349
0.035,0.012026156547315,0.0120211354739318,0.0122334904438781,0.0122274592767577,0.0124882179271526,0.0124806494827525
0.036,0.0121419644695588,0.0121367543307916,0.0123618051313118,0.0123553404078335,0.0126316359765241,0.0126236891701499
0.037,0.0122612562724533,0.0122556322114941,0.0124935849453473,0.0124868773024668,0.0127793220869982,0.0127708871810198
0.038,0.0123836863688741,0.0123777829058131,0.0126293285839424,0.0126220893180964,0.012931296379129,0.0129222707689432
0.039,0.0125094827444381,0.0125032212306142,0.0127686146664091,0.0127609970588581,0.0130872977050432,0.0130778687382647
0.04,0.0126385662434617,0.0126319630262798,0.0129116536626283,0.0129036223728702,0.0132477582598944,0.0132377114431406
0.041,0.0127709760781527,0.0127640251535222,0.0130585135462528,0.0130499883500187,0.0134124679161666,0.013401830787256
0.042,0.0129067639691857,0.0128994254905811,0.0132089896559361,0.0132001193202397,0.0135813174188346,0.0135702602242049
0.043,0.0130458830210871,0.0130381829308002,0.0133635162593415,0.0133540408522919,0.0137548799166645,0.0137430347585263
0.044,0.0131884274846877,0.0131803173805804,0.013521559660412,0.0135117797530159,0.0139325405301336,0.0139201909473932
0.045,0.0133343761428242,0.0133258497577041,0.0136838460006129,0.0136733640670751,0.0141148563596682,0.0141017669029481
0.046,0.0134837170824497,0.0134748019900277,0.0138496174302593,0.0138388230771744,0.0143015444115734,0.0142878022952812
0.047,0.0136366100985473,0.0136271970145386,0.0140197433641711,0.014008187304753,0.0144927372763089,0.0144783383560468
0.048,0.0137927883883378,0.0137830587767732,0.0141933978794135,0.0141814885111465,0.0146886144093819,0.0146734178827144
0.049,0.0139527601407145,0.0139424122305923,0.0143714546447073,0.0143587596992155,0.0148889044926924,0.0148730852434504
0.05,0.0141159420631589,0.0141052833383118,0.0145531635669996,0.014540035115438,0.0150941202129869,0.0150773863826271
0.051,0.0142830005015273,0.0142716990711839,0.0147392602390076,0.0147253502524604,0.0153037281022917,0.0152863688269568
0.052,0.0144534609641888,0.014441687410228,0.0149291885867191,0.0149147418521068,0.0155184432988914,0.0155000816922474
0.053,0.0146275300419437,0.0146152773474077,0.0151234313478936,0.0151082479088413,0.0157376097554435,0.0157185756907771
0.054,0.0148054013248316,0.0147924988871502,0.0153217731122523,0.0153059076736826,0.0159620095098097,0.0159419031392871
0.055,0.01498667108643,0.0149733830482085,0.015524260110363,0.015507761658568,0.0161909705433116,0.0161701179675885
0.056,0.0151719737474017,0.015157961865861,0.0157312035047588,0.0157138516411642,0.016425241554124,0.0164032757277846
0.057,0.0153608807348037,0.0153462683944489,0.0159420798116625,0.0159242206701236,0.0166642669609509,0.0166414336041039
0.058,0.0155533769281097,0.015538336710248,0.0161577937396316,0.0161389130707836,0.0169085894574212,0.0168846504233465
0.059,0.0157500873155055,0.0157342019146733,0.0163775803928864,0.0163579744513081,0.0171579470832403,0.0171329866659392
0.06,0.0159503907668908,0.0159339001378149,0.0166018575916523,0.0165814517092695,0.0174125119947826,0.0173865044776025
0.061,0.0161544994276461,0.0161374685423039,0.0168307783514565,0.0168093930386696,0.0176724948112088,0.0176452676816267
0.062,0.016362860955673,0.0163449453275057,0.0170638881019091,0.0170418479373983,0.0179375114559542,0.0179093417917581
0.063,0.0165749463167745,0.0165563697340412,0.0173020113064346,0.0172788672151308,0.0182084079219456,0.0181787940256955
0.064,0.0167909335308509,0.0167717820486324,0.0175445970846325,0.0175205030016599,0.018484307749011,0.0184536933191982
0.065,0.0170113476963139,0.0169912236092739,0.0177916430999278,0.0177668087556654,0.0187662215939466,0.0187341103408041
0.066,0.017235625728915,0.0172147368107266,0.0180439376121551,0.0180178392739188,0.0190535001293179,0.0190201175071624
0.067,0.0174638216655717,0.0174423651103352,0.0183007245071927,0.0182736507009233,0.0193464730473272,0.0193117889989787
0.068,0.017696663941401,0.0176741530341675,0.0185622935039099,0.01853430053899,0.0196454718773623,0.0196092007775769
0.069,0.0179335713493896,0.0179101461834747,0.0188291701425416,0.018799847658749,0.0199498555365988,0.0199124306020773
0.07,0.0181745475701889,0.0181503912414734,0.0191007291907061,0.0190703523100972,0.0202607925146958,0.0202215580471953
0.071,0.0184199900668378,0.0183949359804472,0.0193772838400113,0.0193458761335818,0.020577418332148,0.0205366645216607
0.072,0.0186699901487929,0.0186438292691699,0.0196593380631766,0.0196264821722218,0.0209000685123155,0.0208578332872624
0.073,0.0189242190126802,0.0188971210806478,0.0199462764834607,0.0199122348837666,0.0212293005870931,0.021185149478519
0.074,0.0191827194574646,0.0191548625001828,0.0202383047613915,0.0202032001533944,0.0215643572764572,0.0215187001229806
0.075,0.0194461544705457,0.0194171057337555,0.0205361690187088,0.0204994453068498,0.0219061473799436,0.021858574162163
0.076,0.0197141359808338,0.019683904116729,0.0208391315376056,0.0208010391240233,0.0222543886629039,0.0222048624731197
0.077,0.0199865613104515,0.0199553121228735,0.0211472526999071,0.0211080518529738,0.0226087312298228,0.0225576578906535
0.078,0.0202634938491771,0.0202313853737114,0.0214614923672983,0.0214205552243944,0.0229704570991477,0.0229170552301739
0.079,0.0205456655684503,0.0205121806481857,0.0217811626376233,0.0217386224665259,0.0233385984217959,0.0232831513112026
0.08,0.0208325541864054,0.0207977558926488,0.0221062224859776,0.0220623283205174,0.0237132588605399,0.0236560449815326
0.081,0.0211241397724465,0.0210881702311762,0.0224372427368407,0.0223917490562373,0.0240956412380019,0.0240358371420453
0.082,0.0214204778017282,0.0213834839762031,0.0227743448620443,0.0227269624885368,0.0244846284974909,0.0244226307721908
0.083,0.021722163265247,0.0216837586394862,0.0231170811476043,0.0230680479939682,0.0248805994781873,0.0248165309561366
0.084,0.0220289809643188,0.0219890569433917,0.0234655368852623,0.0234150865279609,0.0252845049450896,0.0252176449095896
0.085,0.0223407557755327,0.0222994428325102,0.0238207640998413,0.0237681606424565,0.0256953416433974,0.0256260820072975
0.086,0.0226575612702282,0.0226149814856002,0.0241819572993864,0.0241273545040079,0.0261135494678739,0.0260419538112361
0.087,0.0229795845217285,0.0229357393278614,0.0245491358171335,0.0244927539123436,0.0265400224481183,0.0264653740994876
0.088,0.0233074176161475,0.0232617840435394,0.0249226214179262,0.0248644463194016,0.0269737724087884,0.0268964588958163
0.089,0.0236404957111421,0.0235931845888626,0.0253030965333525,0.025242520848835,0.0274151979249749,0.0273353264999499
0.09,0.0239788790184344,0.023930011205315,0.0256898382037475,0.0256270683159942,0.0278653450808816,0.0277820975185717
0.091,0.0243226462831403,0.0242723354332439,0.0260829307362768,0.0260181812483878,0.0283231353437568,0.0282368948970309
0.092,0.0246721532517561,0.024620230125807,0.026482866261183,0.0264159539066276,0.0287888165830972,0.0286998439517796
0.093,0.0250277048698041,0.024973769463259,0.0268900585352067,0.0268204823058602,0.0292638098405645,0.0291710724035428
0.094,0.0253888801055114,0.0253330289675808,0.0273039044159168,0.0272318642376897,0.0297468337478243,0.0296507104112304
0.095,0.0257557519159827,0.0256980855174533,0.0277245063583191,0.0276501992925966,0.030238016377465,0.0301388906065981
0.096,0.0261284069073025,0.0260690173635781,0.0281523404033873,0.0280755888828554,0.0307389485004635,0.0306357481296669
0.097,0.0265070598606634,0.0264459041443468,0.0285878931617083,0.0285081362659582,0.0312484689819919,0.0311414206649087
0.098,0.0268923217161365,0.0268288269018634,0.0290305235340332,0.0289479465685459,0.0317665657573327,0.0316560484782074
0.099,0.0272836215858037,0.0272178680983194,0.0294803270305397,0.029395126810854,0.0322944972855136,0.032179774454605
0.1,0.027681033420425,0.0276131116327269,0.0299376274476287,0.0298497859316776,0.0328318503566846,0.0327127441368411
0.101,0.0280846498372375,0.0280146428580118,0.030403309896032,0.0303120348138601,0.0333782214291673,0.0332551057646964
0.102,0.0284945540437788,0.0284225485984689,0.030876510952307,0.0307819863103116,0.0339344071466456,0.0338070103151497
0.103,0.0289114038549036,0.0288369171675835,0.0313573490235511,0.0312597552705618,0.0345010056237246,0.0343686115433585
0.104,0.0293350106725663,0.0292578383862213,0.0318459329843795,0.0317454585678543,0.0350770891646361,0.0349400660244738
0.105,0.0297651938965355,0.0296854036011914,0.0323434913396858,0.0322392151267866,0.0356628546464372,0.0355215331962996
0.106,0.0302020513351347,0.0301197057041832,0.0328491991565265,0.0327411459515023,0.0362601920967349,0.0361131754028083
0.107,0.0306456679433203,0.0305608391510837,0.0333630333418722,0.0332513741544427,0.0368675083284482,0.0367151579385237
0.108,0.0310961434348031,0.0310088999816763,0.0338851207531904,0.0337700249856615,0.0374849547097728,0.0373276490937814
0.109,0.0315542678663824,0.0314639858397256,0.034416163248294,0.0342972258627129,0.038113908435934,0.0379508202008804
0.11,0.0320196439353837,0.0319261959934524,0.0349564455547125,0.0348331064011152,0.0387540639152799,0.0385848456811374
0.111,0.0324921969545218,0.032395631356402,0.0355053850036967,0.0353777984454005,0.0394048804448692,0.0392299030928546
0.112,0.0329720267331902,0.0328723945087098,0.0360631045999859,0.0359314361007551,0.0400669071245699,0.0398861731802166
0.113,0.0334592437452818,0.0333565897187691,0.0366297398370356,0.0364941557652595,0.0407415992911597,0.0405538399231262
0.114,0.0339539451712846,0.0338483229653038,0.0372066730097938,0.0370660961627328,0.0414275133928517,0.0412330905879946
0.115,0.0344567464848535,0.0343477019598521,0.037792961706465,0.0376473983761916,0.0421248293235841,0.0419241157794984
0.116,0.0349676816961702,0.0348548361696632,0.0383886096768068,0.03823820588193,0.0428352297022928,0.0426271094933171
0.117,0.035486446014096,0.0353698368410144,0.0389937552898335,0.038838664584227,0.0435580661188156,0.0433422691698667
0.118,0.0360131601558718,0.0358928170229502,0.0396088888104013,0.0394489228506924,0.0442929055454249,0.0440697957490411
0.119,0.0365479367010264,0.0364238915914504,0.0402349482557133,0.0400691315482562,0.0450403565872122,0.0448098937259787
0.12,0.0370908988589235,0.036963177274031,0.0408709804851725,0.0406994440798121,0.0458020426136799,0.0455627712078682
0.121,0.0376421573507429,0.0375107926747823,0.0415171398585205,0.0413400164215221,0.0465763668028766,0.0463286399718077
0.122,0.03820279396137,0.0380668582998506,0.0421735744992631,0.0419910071607919,0.047363525443311,0.0471077155237356
0.123,0.0387720137359094,0.0386314965833674,0.0428411749941738,0.0426525775349255,0.04816525379383,0.0479002171584456
0.124,0.0393499163711428,0.0392048319138323,0.0435202238007098,0.043324891470468,0.0489811339917681,0.0487063680207064
0.125,0.0399366347180227,0.0397869906609539,0.0442100618856264,0.0440081156232462,0.0498105311814988,0.0495263951674982
0.126,0.0405322954231322,0.040378101202955,0.0449108585234736,0.0447024194191159,0.0506538339464183,0.0503605296313869
0.127,0.0411370350937484,0.0409782939543478,0.0456227787452066,0.0454079750954263,0.0515134573991744,0.0512090064850508
0.128,0.0417510888423454,0.0415877013941841,0.0463470357045635,0.0461249577432103,0.0523873188437013,0.0520720649069781
0.129,0.0423754244213881,0.0422064580947866,0.0470834194915612,0.0468535453501117,0.0532756481546764,0.0529499482483545
0.13,0.043009264874369,0.0428347007509678,0.0478314890458347,0.047593918844059,0.0541799345332307,0.0538429041011566
0.131,0.0436527430314958,0.0434725682097419,0.0485914263116187,0.0483462621376959,0.0551006104867577,0.0547511843674726
0.132,0.0443060059087978,0.0441202015005356,0.049363408744267,0.0491107621735803,0.0560365292085469,0.0556750453300678
0.133,0.0449691957014175,0.0447777438659056,0.050148872236994,0.0498876089701609,0.0569879323273553,0.056614747724214
0.134,0.0456424635862742,0.0454453407927675,0.050947332345216,0.0506769956685439,0.0579575012706689,0.0575705568108048
0.135,0.0463259518162605,0.0461231400441434,0.0517584466042891,0.0514791185800607,0.0589435346205265,0.0585427424507735
0.136,0.0470208992834824,0.0468112916914353,0.0525824132320593,0.0522941772346467,0.0599458846954815,0.059531579180838
0.137,0.0477264488334908,0.0475099481472303,0.053419428457374,0.0531223744300456,0.0609654800258794,0.060537346290591
0.138,0.0484427035464529,0.0482192641986453,0.0542710712920377,0.0539639162818481,0.0620042945650448,0.0615603279009576
0.139,0.0491698266039879,0.0489393970412174,0.0551367554749443,0.054819012274379,0.063060304891256,0.0626008130440426
0.14,0.0499079774397018,0.0496705063133479,0.0560161530732069,0.0556878753124445,0.0641337887777761,0.063659095744389
0.141,0.0506573234118239,0.0504127541313074,0.0569094781720836,0.0565707217739519,0.0652268627714859,0.0647354751016702
0.142,0.0514180251006463,0.0511663051248084,0.0578169425971616,0.0574677715634158,0.0663393986895785,0.0658302553748405
0.143,0.0521909705805575,0.0519313264731539,0.0587401681167909,0.0583792481663605,0.0674703515429366,0.0669437460677641
0.144,0.0529761551521574,0.0527079879419699,0.0596786865888808,0.0593053787046374,0.0686200162608885,0.0680762620163504
0.145,0.053773237949903,0.0534964619205288,0.0606320655678273,0.0602463939926644,0.0697918279093026,0.0692281234772164
0.146,0.0545824003873491,0.0542969234596723,0.0616005381218452,0.0612025285946064,0.0709833291846511,0.0703996562179035
0.147,0.0554038210618988,0.0551095503103418,0.0625843371991053,0.0621740208825075,0.0721945561447077,0.0715911916086718
0.148,0.0562376855128493,0.0559345229627251,0.0635850422412281,0.0631611130953911,0.0734267362946835,0.0728030667158997
0.149,0.0570841746400573,0.0567720246860266,0.064602490410976,0.0641640513993408,0.0746820385808504,0.0740356243971131
0.15,0.0579435054085648,0.0576222415688707,0.0656360514413182,0.0651830859485779,0.0759581378411654,0.0752892133976717
0.151,0.0588171847521971,0.0584853625603473,0.0666859775155039,0.0662184709475503,0.0772553718367763,0.0765641884491391
0.152,0.0597040956535207,0.059361579511707,0.0677525209200119,0.0672704647140475,0.0785763161950715,0.0778609103693644
0.153,0.0606044399727791,0.0602510872187161,0.0688371177450238,0.0683393297433574,0.0799207844175137,0.0791797461643038
0.154,0.0615184176630426,0.0611540834646805,0.0699401349300858,0.0694253327734818,0.0812875387353755,0.0805210691316095
0.155,0.0624462348013512,0.0620707690641476,0.071060623619559,0.070528744851424,0.0826769404393071,0.0818852589660164
0.156,0.0633880948653611,0.0630013479072955,0.0721988585163521,0.0716498414005679,0.0840930795625829,0.0832727018665552
0.157,0.0643442094952167,0.0639460270050197,0.0733551160085553,0.0727889022891631,0.085533113898368,0.0846837906456224
0.158,0.0653152683325792,0.0649050165347265,0.0745305965146539,0.0739462118999335,0.086997033305854,0.0861189248399377
0.159,0.0663020667509918,0.0658785298868442,0.0757264018603967,0.0751220592008265,0.0884862003740255,0.08757851082342
0.16,0.0673038116522336,0.0668667837120604,0.0769411605458949,0.0763167378169205,0.0900034876595613,0.089062961922014
0.161,0.0683207268396899,0.0678699979692976,0.0781751702604205,0.0775305461035084,0.0915459683293487,0.090572698530499
0.162,0.0693530416399217,0.0688883959744368,0.0794287311595553,0.0787637872203746,0.0931140536001287,0.0921081482313135
0.163,0.0704009846755825,0.0699222044497991,0.0807027050153118,0.0800167692072843,0.0947106915398192,0.0936697459154288
0.164,0.0714647924749056,0.0709716535743975,0.0819991610369631,0.0812898050607042,0.0963360073335938,0.0952579339053053
0.165,0.0725447031910226,0.0720369770349688,0.0833161806289934,0.0825832128117727,0.097988334500791,0.0968731620799668
0.166,0.073641809973739,0.0731184120777976,0.0846540881776132,0.083897315605539,0.0996681153708235,0.0985158880022269
0.167,0.0747563783010351,0.0742161995613429,0.0860132117028445,0.0852324417814921,0.101380105530865,0.100186577048105
0.168,0.075887835028135,0.0753305840096795,0.0873939742957216,0.0865889249553972,0.103121273840284,0.101885702538465
0.169,0.0770364358147611,0.0764618136667663,0.0887996376731846,0.0879671041024618,0.104891409658635,0.103613745872923
0.17,0.0782024373547882,0.077610140551552,0.090227620000791,0.0893673236418518,0.106691953370887,0.105371196666044
0.171,0.0793861039455616,0.0787758205139319,0.0916782735338759,0.0907899335225773,0.108526826261952,0.107158552885887
0.172,0.0805877021709187,0.0799591132915676,0.0931519553475668,0.0922352893107715,0.110392268212842,0.108976320994923
0.173,0.0818075050225426,0.0811602825675811,0.0946490292130033,0.0937037522783816,0.112288781825772,0.11082501609337
0.174,0.0830469555538628,0.0823795960291378,0.0961727360728086,0.095195689493297,0.114219742742918,0.112705162064989
0.175,0.0843059292851535,0.0836173254269305,0.0977211581657016,0.096711473910934,0.116185728020134,0.114617291725374
0.176,0.0855839982802595,0.0848737466355761,0.0992941936475585,0.0982514844673024,0.118184508570722,0.116561946972786
0.177,0.0868814506465952,0.0861491397149415,0.100892232186384,0.0998161061735748,0.120216627071523,0.11853967894157
0.178,0.0881985817288052,0.087443788972409,0.102515669858414,0.101405730212184,0.1222876893863,0.1205510481582
0.179,0.0895356900207006,0.0887579830260969,0.104167376488961,0.103020754034473,0.124394378760284,0.122596624699989
0.18,0.0908930799941332,0.0900920148690492,0.105846565252678,0.104661581459915,0.126536262588573,0.124676988356521
0.181,0.0922710586602079,0.0914461819344069,0.107552484124415,0.106328622776943,0.128714969821639,0.126792728793843
0.182,0.0936714039722491,0.0928207861615779,0.109285558202645,0.108022294845395,0.130935539450705,0.128944445721462
0.183,0.0950936885473603,0.094216134063418,0.111046219081559,0.109743021200616,0.133193269325292,0.131132749062197
0.184,0.0965375752717294,0.0956325367944386,0.112836881565807,0.111491232159234,0.135488776031472,0.133358259124937
0.185,0.0980033942837873,0.0970703102200568,0.114658094704864,0.113267364926643,0.137826133801055,0.135621606780348
0.186,0.0994914799602848,0.0985297749869021,0.116508346004852,0.115071863706208,0.140206148157902,0.137923433639583
0.187,0.101002172509572,0.100011256594196,0.11838809908462,0.116905179810236,0.142626058836159,0.140264392236039
0.188,0.102535816505099,0.101515085466222,0.120297824135178,0.118767771772726,0.145086534440818,0.142645146210229
0.189,0.104092762727578,0.103041597025895,0.122239400174938,0.120660105463931,0.147594482887874,0.145066370497795
0.19,0.105675128764805,0.104591131769458,0.124214915421511,0.122582654206768,0.150145743522522,0.147528751520738
0.191,0.107282223456798,0.106164035342315,0.126221986599414,0.12453589889509,0.152739855622302,0.150032987381912
0.192,0.108913774198475,0.107760658616011,0.128261120518196,0.126520328113864,0.155379010386646,0.152579788062834
0.193,0.11057015579523,0.109381357766396,0.130332830331015,0.128536438261275,0.158068981278143,0.155169875624863
0.194,0.112251749023858,0.111026494352967,0.13243837389385,0.130584733672792,0.160804227905842,0.15780398441382
0.195,0.113958940741469,0.112696435399421,0.134581592036988,0.132665726747223,0.163585509757744,0.160482861268086
0.196,0.11569212390372,0.114391553475431,0.136759114777284,0.1347799380748,0.166418179401918,0.163207265730259
0.197,0.117451697826899,0.11611222677967,0.138971494889322,0.136927896567306,0.169302509775235,0.165977970262405
0.198,0.119240163022149,0.117858839224084,0.14121929232006,0.1391101395903,0.172235491881381,0.168795760464993
0.199,0.12105654130138,0.119631780519454,0.143503079608369,0.141327213097457,0.175217951386766,0.171661435299546
0.2,0.122900624686788,0.121431446262259,0.145828622785161,0.143579671767062,0.178258929775557,0.174575807315097
0.201,0.124772840029768,0.123258238022845,0.148191481668998,0.145868079140694,0.181352203125053,0.177539702878494
0.202,0.126673621895373,0.125112563434945,0.150592253045476,0.148193007764128,0.184497781465198,0.180553962408636
0.203,0.128603410753775,0.126994836286543,0.15303154871816,0.150555039330499,0.187699178934865,0.183619440614692
0.204,0.130562654774255,0.128905476612132,0.155509993524687,0.152954764825755,0.190961860336838,0.186737006738377
0.205,0.132551808192344,0.130844910786354,0.15803303429697,0.155392784676444,0.194279849109244,0.18990754480036
0.206,0.134573846678668,0.132813571619068,0.160597502137446,0.15786970889986,0.197654086742892,0.193131953850859
0.207,0.136627395818543,0.134811898451856,0.163203220036185,0.160386157256607,0.201092279270925,0.196411148224507
0.208,0.138712354166138,0.136840337255992,0.165850857151891,0.162942759405584,0.204592544925397,0.199746057799555
0.209,0.140829210237202,0.138899340731892,0.168541098746604,0.165540155061472,0.208152309599886,0.203137628261486
0.21,0.14297845819664,0.140989368410071,0.171279053773629,0.168178994154729,0.211772985496118,0.206586821371118
0.211,0.145160601554102,0.143110886753628,0.174062924507537,0.170859936994144,0.215466010137061,0.210094615237267
0.212,0.147376150354386,0.145264369262282,0.17689170111699,0.173583654432001,0.219221989147133,0.21366200459405
0.213,0.149625625775189,0.14745029657798,0.179766115570375,0.176350828031874,0.223042015435514,0.217290001082908
0.214,0.151912623532344,0.149669156592105,0.182686916568913,0.179162150239115,0.226932260131141,0.220979633539426
0.215,0.154235162998156,0.151921444554307,0.185658854189015,0.182018324554062,0.230895815801229,0.224731948285031
0.216,0.156593343187586,0.154207663182973,0.188681615594798,0.184920065708022,0.234927164649831,0.228548009423657
0.217,0.158987719140784,0.156528322777375,0.191753282611902,0.187868099842062,0.239027482233366,0.232428899143448
0.218,0.16141885720895,0.158883941331508,0.194874658114277,0.190863164688663,0.243208537634351,0.236375718023602
0.219,0.163887331094464,0.161275044649649,0.198046564931382,0.193906009756277,0.247463537905878,0.24038958534643
0.22,0.166393727561199,0.163702166463667,0.201273400426827,0.196997396516831,0.251791570183391,0.244471639414717
0.221,0.168938640325234,0.166165848552099,0.20455640030844,0.200138098596233,0.256197110089714,0.248623037874489
0.222,0.171526504456892,0.16866664086103,0.207892696691074,0.203328901967917,0.260688887776781,0.252844958043259
0.223,0.174154399143736,0.171205101626797,0.21128316917147,0.206570605149486,0.265258027218083,0.257138597243869
0.224,0.176822769946487,0.173781797500545,0.214728718363981,0.209864019402492,0.269905897734554,0.261505173143991
0.225,0.179532254766047,0.176397303674665,0.218233393678054,0.21320996893541,0.274643397675131,0.265945924101408
0.226,0.182283500056906,0.179052204011144,0.221800060575073,0.21660929110986,0.279467915676048,0.270462109515175
0.227,0.185077167222354,0.18174709117185,0.225424837551095,0.220062836650112,0.284375873557895,0.275055010182732
0.228,0.18791392488589,0.184482566750782,0.229108692515678,0.223571469855951,0.289369864434173,0.2797259286631
0.229,0.190794763260484,0.187259241408321,0.232852617404904,0.227136068818927,0.294464980031443,0.284476189646251
0.23,0.193724337821053,0.190077735007504,0.236660347265768,0.230757525642074,0.29964856226172,0.289307140328749
0.231,0.196699212225754,0.192938676752358,0.240536403337048,0.23443674666313,0.304922196189139,0.294220150795784
0.232,0.199720106079845,0.195842705328316,0.244475867050151,0.238174652681318,0.310295852383753,0.299216614409701
0.233,0.202787749181223,0.198790469044756,0.248479801306323,0.24197217918776,0.315771645331093,0.30429794820512
0.234,0.205902888102128,0.201782625979692,0.252549294628297,0.245830276599558,0.321342973136538,0.309465593290789
0.235,0.209066277146964,0.204819844126644,0.256687797835185,0.249749910497622,0.327011570745641,0.314721015258253
0.236,0.212278686005249,0.207902801543724,0.260901541857092,0.253732061868289,0.332796001719483,0.320065704597477
0.237,0.215542000756663,0.211032186504977,0.265184516732184,0.257777727348802,0.338683127615993,0.325501177119527
0.238,0.218860046943608,0.214208697653993,0.269537896189667,0.261887919476712,0.344673510617599,0.331028974386442
0.239,0.222229651520467,0.21743304415985,0.273962881772461,0.26606366694325,0.350775960934819,0.336650664148398
0.24,0.225651640017483,0.220705945875396,0.27846269037725,0.270306014850758,0.356998252253182,0.342367840788316
0.241,0.229126856467744,0.224028133497929,0.283045278014598,0.27461602497422,0.363330214191372,0.348182125774015
0.242,0.232656153663326,0.227400348732287,0.287703523165389,0.278994776026967,0.369773878854121,0.354095168118053
0.243,0.236240402355023,0.230823344456414,0.292438719406634,0.283443363930631,0.376347774821862,0.360108644845379
0.244,0.239880484506898,0.234297884889405,0.297252190083632,0.287962902089401,0.38304251890909,0.366224261468936
0.245,0.243579614501688,0.237824745762098,0.302146951795633,0.292554521668656,0.389855998480587,0.372443752473339
0.246,0.247340091298037,0.241404714490229,0.307132760053027,0.297219371878048,0.396795270959224,0.378768881806776
0.247,0.251159328866855,0.245038590350203,0.312201315992461,0.301958620259103,0.403875534807551,0.385201443381267
0.248,0.255038283100322,0.248727184657511,0.317354053537676,0.306773452977411,0.41108209228049,0.39174326158142
0.249,0.258977920666621,0.252471320947838,0.322592436521757,0.311665075119472,0.418417334572363,0.398396191781832
0.25,0.262979228778356,0.256271835160903,0.327919300273654,0.316634710994296,0.42589899894888,0.405162120873281
0.251,0.267043209119527,0.260129575827062,0.333346308475738,0.321683604439794,0.433523622043843,0.412042967797859
0.252,0.271170886170062,0.264045404256735,0.338863913636293,0.326813019134076,0.441285247768953,0.4190406840932
0.253,0.275367318693298,0.268020194732678,0.344473704719732,0.332024238911709,0.449187660296547,0.426157254445939
0.254,0.27963241422863,0.272054834705157,0.350177302204253,0.33731856808502,0.457257222961519,0.433394697254597
0.255,0.283964588310074,0.276150224990064,0.355977318840623,0.342697331770524,0.4654727602898,0.44075506520201
0.256,0.288364940220518,0.280307279970015,0.361887579882242,0.34816187622057,0.473837165790784,0.448240445837489
0.257,0.292834591971227,0.28452692779848,0.36789714086018,0.353713569160269,0.482365137458757,0.455852962168875
0.258,0.297374684473258,0.288810110606993,0.374007770578193,0.3593538001298,0.491064251144497,0.463594773264643
0.259,0.301986381650267,0.293157784715476,0.380221264629281,0.365083980832177,0.499922166378153,0.471468074866243
0.26,0.306670866521084,0.297570920845738,0.386539857817411,0.37090554548657,0.508942004253951,0.479475100010837
0.261,0.311435662177474,0.302050504338189,0.392980035994195,0.376819951187251,0.518150381409619,0.487618119664619
0.262,0.316277271753601,0.306597535371818,0.399529181704115,0.382828678268278,0.527534644091215,0.49589944336689
0.263,0.321195589123501,0.31121302918749,0.406189271287667,0.388933230673995,0.537091839423409,0.50432141988508
0.264,0.326191893096847,0.315898016314599,0.41296230707099,0.395135136335431,0.546828601915882,0.512886437880892
0.265,0.331267487284684,0.320653542801139,0.419850356295963,0.401435947552722,0.556774726984469,0.52159692658776
0.266,0.336423696998109,0.325480670447249,0.426871788850502,0.407837241383618,0.56690573589373,0.530455356499822
0.267,0.34166187411841,0.330380477042259,0.43401353173915,0.414340620038196,0.577225605005257,0.539464240072593
0.268,0.346983804911323,0.335354056605327,0.441277246384505,0.42094771127987,0.587749963154781,0.548626132435538
0.269,0.352398889853815,0.340402519629682,0.448665152790622,0.427660168832787,0.598494264168169,0.55794363211675
0.27,0.357900421325936,0.34552699333056,0.456179555048116,0.434479672795738,0.609439022100786,0.567419381779944
0.271,0.36348986155834,0.350728621896866,0.46383902739588,0.441407930062657,0.620588369179295,0.577056068973955
0.272,0.369168705261035,0.356008566746634,0.471632506557502,0.448446674749842,0.631982632463294,0.586856426894991
0.273,0.374938465097846,0.361368006786329,0.479560282743878,0.455597668629971,0.643592591342662,0.596823235161806
0.274,0.380800693523769,0.366808138674055,0.487624858771058,0.46286270157306,0.655419160899306,0.60695932060406
0.275,0.386756967473092,0.37233017708673,0.495828863878869,0.470243591994444,0.667506519335895,0.617267558064064
0.276,0.392811395459699,0.377935354991285,0.504189755117145,0.477742187309907,0.679823562482994,0.62775087121214
0.277,0.398970739017886,0.383624923919948,0.512701211512261,0.48536036439807,0.692378216295333,0.63841223337584
0.278,0.405229366040371,0.389400154249668,0.521360843674247,0.493100030070158,0.705208521593108,0.649254668383233
0.279,0.411588996773843,0.395262335485755,0.530171419328365,0.500963121547252,0.718276290747764,0.660281251420537
0.28,0.418051361891621,0.40121277654979,0.539135885741736,0.508951606945161,0.731625062888109,0.671495109904299
0.281,0.424618255589859,0.407252806071868,0.54826866883212,0.517067485767024,0.745237991002384,0.682899424368402
0.282,0.431291491877541,0.413383772687244,0.557572424570829,0.525312789403771,0.759128082730419,0.694497429366136
0.283,0.438072950588819,0.419607045337448,0.567039980455552,0.53368958164256,0.773308841908723,0.706292414387581
0.284,0.444968902590172,0.425924013575932,0.576674512550521,0.542199959183336,0.787771555932374,0.71828772479259
0.285,0.451984027534801,0.432336087878322,0.58647944815789,0.550846052163608,0.802545755841483,0.7304867627596
0.286,0.459113518494911,0.438844699957341,0.596461886177178,0.559630024691626,0.817613246200443,0.742892988250572
0.287,0.46635936000581,0.445451303082477,0.606641896977972,0.568554075388026,0.83300489292361,0.755509919992316
0.288,0.473723643609725,0.452157372404459,0.617003481524111,0.577620437936145,0.848712546047492,0.768341136474482
0.289,0.481208465853332,0.458964405284627,0.6275501084995,0.586831381641093,0.864747468319743,0.781390276964501
0.29,0.488816017747299,0.465873921629254,0.638285698616132,0.596189211997751,0.881132221759483,0.794661042539773
0.291,0.496548443661076,0.472887464228914,0.649214036672286,0.605696271267827,0.89784160300238,0.808157197137379
0.292,0.504413050252626,0.480006599102942,0.660354893905157,0.615354939066106,0.914932441638795,0.821882568621619
0.293,0.512415155492728,0.487232915849102,0.671707659608522,0.62516763295607,0.932375841945813,0.835841049869693
0.294,0.520549372413851,0.494568027998506,0.683266367111659,0.635136809054993,0.950180270007533,0.850036599875811
0.295,0.528818169406934,0.502013573375879,0.695035598502899,0.645264962648702,0.968396178397912,0.864473244874063
0.296,0.537223982953335,0.509571214465257,0.707019396544142,0.65555462881614,0.986982458710958,0.879155079480357
0.297,0.545769381775543,0.517242638781184,0.719222531792162,0.66600838306389,nan,0.894086267853755
0.298,0.554456831444589,0.525029559245499,0.731667406822786,0.676628841970807,nan,0.909271044877528
0.299,0.56328898505521,0.532933714569799,0.744352517148231,0.687418663842955,nan,0.924713717360279
0.3,0.572270524931,0.540956869643664,0.757270873739567,0.69838054937896,nan,0.940418665257463
0.301,0.581414773754607,0.549100815928717,0.770427374430167,0.709517242346,nan,0.956390342913644
0.302,0.590712438844066,0.55736737185863,0.783824825473114,0.720831530266554,nan,0.972633280325873
0.303,0.600166370276489,0.565758383245144,0.79748707580874,0.732326245116123,nan,0.989152084428502
0.304,0.60977959200177,0.574275723690208,0.81142259597705,0.744004264032062,nan,1.00595144039983
0.305,0.619554934015895,0.582921295004319,0.825614737513648,0.755868510033725,nan,1.02303611299093
0.306,0.629495587432195,0.591697027631168,0.840069665025384,0.767921952754093,nan,1.0404109478771
0.307,0.639604670319573,0.600604881078669,0.854805736753049,0.780167609183069,nan,1.05808087303213
0.308,0.649885665753638,0.60964684435649,0.869846076604369,0.792608544422627,nan,1.07605090012612
0.309,0.660346707106487,0.618824936420161,0.88516558248585,0.805247872454004,nan,1.09432612594682
0.31,0.670997228571886,0.62814120662188,0.900767635029887,0.818088756917128,nan,1.11291173384527
0.311,0.681830221933666,0.637597735168094,0.916702690154891,0.831134411902473,nan,1.1318129952059
0.312,0.692848904021199,0.647196633583982,0.932943568374314,0.844388102755547,nan,1.15103527094168
0.313,0.704057252096145,0.656940045184919,0.949483866873413,0.857853146894205,nan,1.17058401301456
0.314,0.715458960959966,0.666830145555053,0.966372370545674,0.871532914638998,nan,1.19046476598183
0.315,0.727058218281717,0.676869143033074,0.98358921102331,0.88543083005676,nan,1.21068316856866
0.316,0.738858471060707,0.687059279205305,nan,0.89955037181766,nan,1.23124495526747
0.317,0.750863968735173,0.697402829406214,nan,0.913895074065905,nan,1.2521559579643
0.318,0.763078787791321,0.707902103226465,nan,0.928468527304342,nan,1.27342210759293
0.319,0.775510294048696,0.718559445028614,nan,0.94327437929316,nan,1.29504943581706
0.32,0.788173416774681,0.729377234470572,nan,0.958316335962925,nan,1.31704407674101
0.321,0.801059667120928,0.740357887036948,nan,0.973598162342178,nan,1.33941226864957
0.322,0.814173755080937,0.751503854578395,nan,0.989123683499822,nan,1.3621603557773
0.323,0.827519821082059,0.76281762585907,nan,1.00489678550254,nan,1.38529479010796
0.324,0.841103180819493,0.774301727112349,nan,1.02092141638748,nan,1.40882213320443
0.325,0.854928737737797,0.785958722604888,nan,1.03720158715044,nan,1.43274905806978
0.326,0.868999741271863,0.797791215209202,nan,1.05374137274986,nan,1.45708235103989
0.327,0.883323558744276,0.809801846984841,nan,1.07054491312674,nan,1.48182891370826
0.328,0.897903824782234,0.821993299768335,nan,1.08761641424091,nan,1.50699576488348
0.329,0.91274590670372,0.834368295772008,nan,1.10496014912377,nan,1.53259004257995
0.33,0.927860204830774,0.846929598191812,nan,1.12258045894781,nan,1.55861900604239
0.331,0.943268487749955,0.859680011824316,nan,1.14048175411327,nan,1.58509003780483
0.332,0.958954829242151,0.872622383692979,nan,1.15866851535201,nan,1.61201064578443
0.333,0.97490172920589,0.885759603683855,nan,1.17714529484908,nan,1.63938846541096
0.334,0.991161251736361,0.899094605190869,nan,1.19591671738213,nan,1.66723126179241
0.335,nan,0.912630365770801,nan,1.21498748147898,nan,1.69554693191739
0.336,nan,0.926369907808145,nan,1.23436236059369,nan,1.72434350689493
0.337,nan,0.940316299189967,nan,1.25404620430136,nan,1.75362915423231
0.338,nan,0.954472653990926,nan,1.27404393951196,nan,1.78341218015163
0.339,nan,0.968842133168606,nan,1.29436057170359,nan,1.81370103194563
0.34,nan,0.983427945269325,nan,1.31500118617533,nan,1.84450430037359
0.341,nan,0.99823334714456,nan,1.33597094932008,nan,1.87583072209794
0.342,nan,1.01326164467817,nan,1.35727510991778,nan,1.90768918216218
0.343,nan,1.02851619352454,nan,1.37891900044911,nan,1.94008871651094
0.344,nan,1.04400039985789,nan,1.40090803843028,nan,1.97303851455279
0.345,nan,1.05971772113281,nan,1.42324772776902,nan,nan
0.346,nan,1.07567166685627,nan,1.44594366014221,nan,nan
0.347,nan,1.09186579937128,nan,1.46900151639551,nan,nan
0.348,nan,1.10830373465226,nan,1.49242706796527,nan,nan
0.349,nan,1.1249891431125,nan,1.51622617832315,nan,nan
0.35,nan,1.14192575042373,nan,1.54040480444373,nan,nan
0.351,nan,1.15911733834794,nan,1.56496899829557,nan,nan
0.352,nan,1.1765677455819,nan,1.58992490835602,nan,nan
0.353,nan,1.19428086861423,nan,1.61527878115023,nan,nan
0.354,nan,1.21226066259548,nan,1.64103696281463,nan,nan
0.355,nan,1.23051114222123,nan,1.66720590068539,nan,nan
0.356,nan,1.24903638262859,nan,1.69379214491221,nan,nan
0.357,nan,1.26784052030606,nan,1.72080235009783,nan,nan
0.358,nan,1.28692775401721,nan,1.74824327696371,nan,nan
0.359,nan,1.30630234573819,nan,1.77612179404221,nan,nan
0.36,nan,1.32596862160943,nan,1.80444487939586,nan,nan
0.361,nan,1.34593097290152,nan,1.83321962236393,nan,nan
0.362,nan,1.36619385699586,nan,1.86245322533694,nan,nan
0.363,nan,1.38676179837984,nan,1.89215300555941,nan,nan
0.364,nan,1.40763938965714,nan,1.92232639696142,nan,nan
0.365,nan,1.42883129257325,nan,1.9529809520193,nan,nan
0.366,nan,1.45034223905632,nan,1.98412434364605,nan,nan
0.367,nan,1.4721770322738,nan,nan,nan,nan
0.368,nan,1.49434054770489,nan,nan,nan,nan
0.369,nan,1.51683773422922,nan,nan,nan,nan
0.37,nan,1.53967361523188,nan,nan,nan,nan
0.371,nan,1.56285328972504,nan,nan,nan,nan
0.372,nan,1.58638193348655,nan,nan,nan,nan
0.373,nan,1.61026480021565,nan,nan,nan,nan
0.374,nan,1.63450722270599,nan,nan,nan,nan
0.375,nan,1.65911461403647,nan,nan,nan,nan
0.376,nan,1.68409246877986,nan,nan,nan,nan
0.377,nan,1.70944636422972,nan,nan,nan,nan
0.378,nan,1.73518196164573,nan,nan,nan,nan
0.379,nan,1.76130500751779,nan,nan,nan,nan
0.38,nan,1.78782133484914,nan,nan,nan,nan
0.381,nan,1.81473686445883,nan,nan,nan,nan
0.382,nan,1.84205760630377,nan,nan,nan,nan
0.383,nan,1.86978966082068,nan,nan,nan,nan
0.384,nan,1.89793922028826,nan,nan,nan,nan
0.385,nan,1.92651257020984,nan,nan,nan,nan
0.386,nan,1.95551609071689,nan,nan,nan,nan
0.387,nan,1.98495625799366,nan,nan,nan,nan
0.388,nan,nan,nan,nan,nan,nan
0.389,nan,nan,nan,nan,nan,nan
0.39,nan,nan,nan,nan,nan,nan
0.391,nan,nan,nan,nan,nan,nan
0.392,nan,nan,nan,nan,nan,nan
0.393,nan,nan,nan,nan,nan,nan
0.394,nan,nan,nan,nan,nan,nan
0.395,nan,nan,nan,nan,nan,nan
0.396,nan,nan,nan,nan,nan,nan
0.397,nan,nan,nan,nan,nan,nan
0.398,nan,nan,nan,nan,nan,nan
0.399,nan,nan,nan,nan,nan,nan
0.4,nan,nan,nan,nan,nan,nan
0.401,nan,nan,nan,nan,nan,nan
0.402,nan,nan,nan,nan,nan,nan
0.403,nan,nan,nan,nan,nan,nan
0.404,nan,nan,nan,nan,nan,nan
0.405,nan,nan,nan,nan,nan,nan
0.406,nan,nan,nan,nan,nan,nan
0.407,nan,nan,nan,nan,nan,nan
0.408,nan,nan,nan,nan,nan,nan
0.409,nan,nan,nan,nan,nan,nan
0.41,nan,nan,nan,nan,nan,nan
0.411,nan,nan,nan,nan,nan,nan
0.412,nan,nan,nan,nan,nan,nan
0.413,nan,nan,nan,nan,nan,nan
0.414,nan,nan,nan,nan,nan,nan
0.415,nan,nan,nan,nan,nan,nan
0.416,nan,nan,nan,nan,nan,nan
0.417,nan,nan,nan,nan,nan,nan
0.418,nan,nan,nan,nan,nan,nan
0.419,nan,nan,nan,nan,nan,nan
0.42,nan,nan,nan,nan,nan,nan
0.421,nan,nan,nan,nan,nan,nan
0.422,nan,nan,nan,nan,nan,nan
0.423,nan,nan,nan,nan,nan,nan
0.424,nan,nan,nan,nan,nan,nan
0.425,nan,nan,nan,nan,nan,nan
0.426,nan,nan,nan,nan,nan,nan
0.427,nan,nan,nan,nan,nan,nan
0.428,nan,nan,nan,nan,nan,nan
0.429,nan,nan,nan,nan,nan,nan
0.43,nan,nan,nan,nan,nan,nan
0.431,nan,nan,nan,nan,nan,nan
0.432,nan,nan,nan,nan,nan,nan
0.433,nan,nan,nan,nan,nan,nan
0.434,nan,nan,nan,nan,nan,nan
0.435,nan,nan,nan,nan,nan,nan
0.436,nan,nan,nan,nan,nan,nan
0.437,nan,nan,nan,nan,nan,nan
0.438,nan,nan,nan,nan,nan,nan
0.439,nan,nan,nan,nan,nan,nan
0.44,nan,nan,nan,nan,nan,nan
0.441,nan,nan,nan,nan,nan,nan
0.442,nan,nan,nan,nan,nan,nan
0.443,nan,nan,nan,nan,nan,nan
0.444,nan,nan,nan,nan,nan,nan
0.445,nan,nan,nan,nan,nan,nan
0.446,nan,nan,nan,nan,nan,nan
0.447,nan,nan,nan,nan,nan,nan
0.448,nan,nan,nan,nan,nan,nan
0.449,nan,nan,nan,nan,nan,nan
0.45,nan,nan,nan,nan,nan,nan
0.451,nan,nan,nan,nan,nan,nan
0.452,nan,nan,nan,nan,nan,nan
0.453,nan,nan,nan,nan,nan,nan
0.454,nan,nan,nan,nan,nan,nan
0.455,nan,nan,nan,nan,nan,nan
0.456,nan,nan,nan,nan,nan,nan
0.457,nan,nan,nan,nan,nan,nan
0.458,nan,nan,nan,nan,nan,nan
0.459,nan,nan,nan,nan,nan,nan
0.46,nan,nan,nan,nan,nan,nan
0.461,nan,nan,nan,nan,nan,nan
0.462,nan,nan,nan,nan,nan,nan
0.463,nan,nan,nan,nan,nan,nan
0.464,nan,nan,nan,nan,nan,nan
0.465,nan,nan,nan,nan,nan,nan
0.466,nan,nan,nan,nan,nan,nan
0.467,nan,nan,nan,nan,nan,nan
0.468,nan,nan,nan,nan,nan,nan
0.469,nan,nan,nan,nan,nan,nan
0.47,nan,nan,nan,nan,nan,nan
0.471,nan,nan,nan,nan,nan,nan
0.472,nan,nan,nan,nan,nan,nan
0.473,nan,nan,nan,nan,nan,nan
0.474,nan,nan,nan,nan,nan,nan
0.475,nan,nan,nan,nan,nan,nan
0.476,nan,nan,nan,nan,nan,nan
0.477,nan,nan,nan,nan,nan,nan
0.478,nan,nan,nan,nan,nan,nan
0.479,nan,nan,nan,nan,nan,nan
0.48,nan,nan,nan,nan,nan,nan
0.481,nan,nan,nan,nan,nan,nan
0.482,nan,nan,nan,nan,nan,nan
0.483,nan,nan,nan,nan,nan,nan
0.484,nan,nan,nan,nan,nan,nan
0.485,nan,nan,nan,nan,nan,nan
0.486,nan,nan,nan,nan,nan,nan
0.487,nan,nan,nan,nan,nan,nan
0.488,nan,nan,nan,nan,nan,nan
0.489,nan,nan,nan,nan,nan,nan
0.49,nan,nan,nan,nan,nan,nan
0.491,nan,nan,nan,nan,nan,nan
0.492,nan,nan,nan,nan,nan,nan
0.493,nan,nan,nan,nan,nan,nan
0.494,nan,nan,nan,nan,nan,nan
0.495,nan,nan,nan,nan,nan,nan
0.496,nan,nan,nan,nan,nan,nan
0.497,nan,nan,nan,nan,nan,nan
0.498,nan,nan,nan,nan,nan,nan
0.499,nan,nan,nan,nan,nan,nan
0.5,nan,nan,nan,nan,nan,nan
0.501,nan,nan,nan,nan,nan,nan
0.502,nan,nan,nan,nan,nan,nan
0.503,nan,nan,nan,nan,nan,nan
0.504,nan,nan,nan,nan,nan,nan
0.505,nan,nan,nan,nan,nan,nan
0.506,nan,nan,nan,nan,nan,nan
0.507,nan,nan,nan,nan,nan,nan
0.508,nan,nan,nan,nan,nan,nan
0.509,nan,nan,nan,nan,nan,nan
0.51,nan,nan,nan,nan,nan,nan
0.511,nan,nan,nan,nan,nan,nan
0.512,nan,nan,nan,nan,nan,nan
0.513,nan,nan,nan,nan,nan,nan
0.514,nan,nan,nan,nan,nan,nan
0.515,nan,nan,nan,nan,nan,nan
0.516,nan,nan,nan,nan,nan,nan
0.517,nan,nan,nan,nan,nan,nan
0.518,nan,nan,nan,nan,nan,nan
0.519,nan,nan,nan,nan,nan,nan
0.52,nan,nan,nan,nan,nan,nan
0.521,nan,nan,nan,nan,nan,nan
0.522,nan,nan,nan,nan,nan,nan
0.523,nan,nan,nan,nan,nan,nan
0.524,nan,nan,nan,nan,nan,nan
0.525,nan,nan,nan,nan,nan,nan
0.526,nan,nan,nan,nan,nan,nan
0.527,nan,nan,nan,nan,nan,nan
0.528,nan,nan,nan,nan,nan,nan
0.529,nan,nan,nan,nan,nan,nan
0.53,nan,nan,nan,nan,nan,nan
0.531,nan,nan,nan,nan,nan,nan
0.532,nan,nan,nan,nan,nan,nan
0.533,nan,nan,nan,nan,nan,nan
0.534,nan,nan,nan,nan,nan,nan
0.535,nan,nan,nan,nan,nan,nan
0.536,nan,nan,nan,nan,nan,nan
0.537,nan,nan,nan,nan,nan,nan
0.538,nan,nan,nan,nan,nan,nan
0.539,nan,nan,nan,nan,nan,nan
0.54,nan,nan,nan,nan,nan,nan
0.541,nan,nan,nan,nan,nan,nan
0.542,nan,nan,nan,nan,nan,nan
0.543,nan,nan,nan,nan,nan,nan
0.544,nan,nan,nan,nan,nan,nan
0.545,nan,nan,nan,nan,nan,nan
0.546,nan,nan,nan,nan,nan,nan
0.547,nan,nan,nan,nan,nan,nan
0.548,nan,nan,nan,nan,nan,nan
0.549,nan,nan,nan,nan,nan,nan
0.55,nan,nan,nan,nan,nan,nan
0.551,nan,nan,nan,nan,nan,nan
0.552,nan,nan,nan,nan,nan,nan
0.553,nan,nan,nan,nan,nan,nan
0.554,nan,nan,nan,nan,nan,nan
0.555,nan,nan,nan,nan,nan,nan
0.556,nan,nan,nan,nan,nan,nan
0.557,nan,nan,nan,nan,nan,nan
0.558,nan,nan,nan,nan,nan,nan
0.559,nan,nan,nan,nan,nan,nan
0.56,nan,nan,nan,nan,nan,nan
0.561,nan,nan,nan,nan,nan,nan
0.562,nan,nan,nan,nan,nan,nan
0.563,nan,nan,nan,nan,nan,nan
0.564,nan,nan,nan,nan,nan,nan
0.565,nan,nan,nan,nan,nan,nan
0.566,nan,nan,nan,nan,nan,nan
0.567,nan,nan,nan,nan,nan,nan
0.568,nan,nan,nan,nan,nan,nan
0.569,nan,nan,nan,nan,nan,nan
0.57,nan,nan,nan,nan,nan,nan
0.571,nan,nan,nan,nan,nan,nan
0.572,nan,nan,nan,nan,nan,nan
0.573,nan,nan,nan,nan,nan,nan
0.574,nan,nan,nan,nan,nan,nan
0.575,nan,nan,nan,nan,nan,nan
0.576,nan,nan,nan,nan,nan,nan
0.577,nan,nan,nan,nan,nan,nan
0.578,nan,nan,nan,nan,nan,nan
0.579,nan,nan,nan,nan,nan,nan
0.58,nan,nan,nan,nan,nan,nan
0.581,nan,nan,nan,nan,nan,nan
0.582,nan,nan,nan,nan,nan,nan
0.583,nan,nan,nan,nan,nan,nan
0.584,nan,nan,nan,nan,nan,nan
0.585,nan,nan,nan,nan,nan,nan
0.586,nan,nan,nan,nan,nan,nan
0.587,nan,nan,nan,nan,nan,nan
0.588,nan,nan,nan,nan,nan,nan
0.589,nan,nan,nan,nan,nan,nan
0.59,nan,nan,nan,nan,nan,nan
0.591,nan,nan,nan,nan,nan,nan
0.592,nan,nan,nan,nan,nan,nan
0.593,nan,nan,nan,nan,nan,nan
0.594,nan,nan,nan,nan,nan,nan
0.595,nan,nan,nan,nan,nan,nan
0.596,nan,nan,nan,nan,nan,nan
0.597,nan,nan,nan,nan,nan,nan
0.598,nan,nan,nan,nan,nan,nan
0.599,nan,nan,nan,nan,nan,nan
0.6,nan,nan,nan,nan,nan,nan
