x,v
-4.45,6
-4.44094308536759,5.70259434039336
-4.43234045388869,5.41303423906449
-4.42418019062815,5.1310308635486
-4.4164508080662,4.8563020035703
-4.38386851828905,3.58183474865556
-4.36058503169279,2.45091101310539
-4.34563112898504,1.43592812400262
-4.33817182365417,0.511204121231617
-4.33778648476983,-0.413136206352319
-4.34489275860562,-1.28184464423547
-4.35914019878399,-2.11596947717998
-4.3802939718048,-2.9353116147051
-4.40298149686556,-3.61560764669445
-4.43041372601545,-4.30635430206885
-4.4627022388046,-5.01547942595965
-4.5,-5.75064212047885
nan,nan
-4.45,9
-4.4319948018856,8.55715940974523
-4.41487937890262,8.13240174242699
-4.39861744809641,7.72497115378838
-4.38317417422335,7.33413403102473
-4.32345146376671,5.77631877048321
-4.27675676144666,4.47729628216222
-4.24105634326734,3.39013636803287
-4.21449822742896,2.47087115931547
-4.19654191901631,1.72648319744661
-4.18456682204868,1.07452249094384
-4.17790572638877,0.494346504911812
-4.17598700799313,-0.0333237689311812
-4.17812728594844,-0.496022409356821
-4.18390624246037,-0.937897931202869
-4.1932084481999,-1.36907229128386
-4.20597464688467,-1.79921807080025
-4.22391962273865,-2.27892723920974
-4.24616980234906,-2.77797240750947
-4.27294660395104,-3.30600773306498
-4.30453947479704,-3.87270913031351
-4.3433251901149,-4.52022835755276
-4.38838591744779,-5.23101809488797
-4.4403686047369,-6.0150571190583
-4.5,-6.88260741202932
nan,nan
-3.55,-6
-3.5577780548407,-5.70252077204641
-3.56516576291353,-5.41271710418189
-3.57217311074765,-5.13026919447013
-3.57880967924346,-4.8548682935251
-3.60675910227088,-3.57290179124608
-3.62664786367973,-2.42684307344955
-3.63925890140781,-1.3885936700279
-3.6452526649307,-0.432459903704532
-3.64479321438285,0.552980111847802
-3.63730134376912,1.49013756404919
-3.62302330346281,2.40172801158455
-3.60208878076234,3.31017481634188
-3.58231392851443,3.99286485976925
-3.5587989204446,4.69338950285764
-3.53141692394252,5.41979355529676
-3.5,6.18077371878502
nan,nan
-3.55,-9
-3.56572175984492,-8.5573884707144
-3.58066731750981,-8.13318542061452
-3.59486877909584,-7.72645557824599
-3.60835668971272,-7.33631179872178
-3.66136242493651,-5.75228232183456
-3.70257212219288,-4.42635343292427
-3.73377457633274,-3.30625278066633
-3.75654864898973,-2.34477222785054
-3.77159557381581,-1.537529366253
-3.78071582546151,-0.8176621062335
-3.78447372021175,-0.163677152689225
-3.78333579832149,0.444532253708176
-3.77807579576487,0.991399895637599
-3.76886619791379,1.5249699173026
-3.75575186379058,2.05675534478204
-3.73871412952343,2.59825507310831
-3.7135839350665,3.26117000176615
-3.68257621454802,3.96994975215052
-3.64520507257322,4.742970068965
-3.60083986992606,5.60099106509717
-3.57826109243196,6.02333888588317
-3.55399154214241,6.47019274982791
-3.52793977999704,6.94370734955645
-3.5,7.44641188459186
nan,nan
-4.2,10
-4.1679300159748,9.52161807382164
-4.13735573237973,9.08958755739996
-4.10812911751026,8.70156087983324
-4.08010862321764,8.35533899666498
-4.00704098400164,7.59151245515466
-3.93973091828948,7.10178984425559
-3.87590029303449,6.86005079553366
-3.81325244560416,6.84393614158182
-3.75263685662184,7.02542928186673
-3.68961083322175,7.39837492964991
-3.62252712603152,7.96726233784935
-3.5495742647993,8.74159344011499
-3.53749018189202,8.88237671860464
-3.52520382903588,9.02870526636278
-3.51270921426537,9.1806664522208
-3.5,9.33835645323018
nan,nan
-3.8,-10
-3.83080286263498,-9.52292817526538
-3.86017651760121,-9.09409885861489
-3.88826758654258,-8.71018226352222
-3.91521360829779,-8.36814571819354
-3.98738546115435,-7.59371418588069
-4.05377727563109,-7.09072288121568
-4.11657976669972,-6.82074472419901
-4.17785610722471,-6.75079135289343
-4.2402545195167,-6.85960087322416
-4.3044237107486,-7.13661274703712
-4.37182599642592,-7.57168931047485
-4.44391714756658,-8.15720661833419
-4.45761664574569,-8.27917331252456
-4.47152524613329,-8.40593172229302
-4.48565049764396,-8.53748942594058
-4.5,-8.67385419279569
nan,nan
-4.45,3
-4.44739198175055,2.85019804941601
-4.44491673199583,2.70218705631532
-4.44257267497411,2.55592022816965
-4.4403582757325,2.41135140867281
-4.43117922341663,1.712383977647
-4.42503478541422,1.04931385890824
-4.42177744189163,0.417077637813032
-4.4212789780197,-0.189102837437995
-4.42671591764776,-1.20013435001721
-4.43985321622881,-2.16630948271236
-4.46043295658405,-3.10653992015049
-4.48830237237274,-4.03850533975085
-4.49114020903754,-4.12180581175876
-4.49403569343993,-4.20518158284988
-4.49698892312067,-4.2886419827282
-4.5,-4.37219630086048
nan,nan
-3.55,-3
-3.55219269584753,-2.85012621411455
-3.55427365767265,-2.70189953826686
-3.55624410244672,-2.55527301788488
-3.55810521270782,-2.4102004722455
-3.56581053664508,-1.70655962215423
-3.57094031989138,-1.03527118538428
-3.57360554819616,-0.391339188405386
-3.57390099392692,0.229946699756187
-3.56879265359845,1.29520816707836
-3.55669374419376,2.32512166866754
-3.53775379776891,3.34070606645376
-3.5120150725012,4.36290699585419
-3.50911177474404,4.46469567067615
-3.50614163814073,4.56677533913164
-3.50310445367435,4.66916216420418
-3.5,4.77187255837779
nan,nan
-3.99999574956512,-9.99096281813964e-05
-3.9999936714107,-0.000148758225926286
-3.99999059551353,-0.000221059535117785
-3.99998601276768,-0.000328780514936137
-3.999979174349,-0.000489522932144855
-3.99996899209754,-0.00072886503154225
-3.99995392123506,-0.00108311823841222
-3.99993146728599,-0.00161091816803366
-3.99989796119447,-0.00239851106515155
-3.99985793261673,-0.00333942530165783
-3.99980235471,-0.00464584862870531
-3.99972497453271,-0.00646477283760357
-3.99961712273334,-0.0089999999667436
-3.99948019630614,-0.0122187177147911
-3.99929467088695,-0.0165799137841943
-3.99904282436818,-0.0225002779584224
-3.99870063499286,-0.0305446767572537
-3.99825163940332,-0.0411004228441488
-3.99764854630015,-0.0552796634062667
-3.99683713729212,-0.0743580499766644
-3.99574449839557,-0.100051661373334
-3.99429162297857,-0.134221309898519
-3.99234586218201,-0.179990389903787
-3.98973579807314,-0.241400653575093
-3.98623138708914,-0.323881817682446
-3.98154907512495,-0.434138564711584
-3.97528325931276,-0.581760325554146
-3.96688366820068,-0.779811241756715
-3.95561081006577,-1.0459067390057
-3.94052339448946,-1.40259069665009
-3.92032434156831,-1.88093013036815
-3.89321918219947,-2.52448820230449
-3.8567783309495,-3.3928809680015
-3.81324056435453,-4.43540365302867
-3.75642107965591,-5.80250861983325
-3.68205335934139,-7.60486345922015
-3.5842704691417,-10.0000000000009
nan,nan
-4.00000425043488,9.99096281813964e-05
-4.00000632859437,0.000148758275303632
-4.00000940450047,0.000221059670550122
-4.0000139872602,0.000328780705404178
-4.00002082569694,0.00048952293153127
-4.00003100795896,0.000728863844084658
-4.00004607882389,0.00108311432316107
-4.00006853271043,0.00161090641791851
-4.00010203852247,0.00239847807743589
-4.00014206658776,0.003339354686001
-4.00019764340891,0.00464570578236095
-4.00027502113527,0.00646448102716614
-4.00038286746421,0.00899939859679343
-4.00051978636784,0.0122176187452361
-4.00070529739553,0.0165779099664239
-4.00095711471688,0.0224965385912912
-4.00129924438627,0.0305375677116368
-4.00174816101141,0.0410879164230016
-4.00235110488433,0.0552574733549111
-4.00316221556212,0.0743176244803192
-4.00425425309142,0.0999764750788956
-4.00570633932323,0.134090154850089
-4.00765060053019,0.179759024524126
-4.01025765708947,0.240981310674795
-4.01375599946161,0.323105736680112
-4.01843036397075,0.432786197475531
-4.02468098994221,0.579375812951562
-4.03304998567478,0.775491417570282
-4.0442609521716,1.03791716818436
-4.05926733227808,1.38866256673291
-4.07931100370951,1.85636161460369
-4.10610239441541,2.47996168701841
-4.14190739380852,3.31049928590278
-4.18808392117756,4.37673932979814
-4.24902748231418,5.77685022997982
-4.32939569500675,7.61005402643624
-4.43520199462391,10
nan,nan
