ciclo,atasc,kK,alpha,beta
0.04697342626052414,0.5992307692307692,1,0.3,1
0.047481482533360264,0.6010769230769231,1,0.3,1.05
0.04942694500311218,0.5436428571428571,1,0.3,1.1
0.04850788551181218,0.6201538461538461,1,0.3,1.15
0.05197686107057997,0.5653571428571429,1,0.3,1.2
0.04057612110497599,0.41850000000000004,1,0.5,1
0.04149216279345014,0.40289473684210525,1,0.5,1.05
0.04373854628692708,0.37720000000000004,1,0.5,1.1
0.04353548544434327,0.3771,1,0.5,1.15
0.04445492031762033,0.37770000000000004,1,0.5,1.2
0.035676688024227854,0.308,1,0.758,1
0.03633011339842618,0.29764,1,0.758,1.05
0.03687749177429289,0.29372,1,0.758,1.1
0.03864106724262584,0.28815384615384615,1,0.758,1.15
0.03782040573217138,0.2901923076923077,1,0.758,1.2
0.03091046269298303,0.2616785714285714,1,1,1
0.03192842379871852,0.26971428571428574,1,1,1.05
0.03282147425620163,0.25655172413793104,1,1,1.1
0.03311739309529971,0.24896666666666667,1,1,1.15
0.034722657946887114,0.24129032258064517,1,1,1.2
0.02554846280454104,0.233875,1,1.4,1
0.02638183740187605,0.2248787878787879,1,1.4,1.05
0.02849079740139704,0.2086388888888889,1,1.4,1.1
0.0300022539269702,0.6148461538461538,1.5,0.3,1
0.03135096025772821,0.6046153846153847,1.5,0.3,1.05
0.03227071756775235,0.6070769230769231,1.5,0.3,1.1
0.031370102071102135,0.6100769230769231,1.5,0.3,1.15
0.03162573877610653,0.5700714285714286,1.5,0.3,1.2
0.02668665930520353,0.42500000000000004,1.5,0.5,1
0.02795552634380316,0.46188235294117647,1.5,0.5,1.05
0.027827162579829423,0.40357894736842104,1.5,0.5,1.1
0.027866689196976324,0.40110526315789474,1.5,0.5,1.15
0.027770697713324743,0.4111578947368421,1.5,0.5,1.2
0.022963290099896838,0.34613636363636363,1.5,0.758,1
0.02342010293842156,0.3284347826086957,1.5,0.758,1.05
0.0239572569810953,0.3147083333333333,1.5,0.758,1.1
0.02480094710008851,0.31795833333333334,1.5,0.758,1.15
0.024341928733151885,0.32,1.5,0.758,1.2
0.020265180945405525,0.2918076923076923,1.5,1,1
0.020844896355615816,0.2790740740740741,1.5,1,1.05
0.020609844373808528,0.27053571428571427,1.5,1,1.1
0.021607077101100547,0.2711071428571429,1.5,1,1.15
0.022385821708545528,0.24803333333333333,1.5,1,1.2
0.0167068834646944,0.24693548387096775,1.5,1.4,1
0.0176969616762932,0.2331875,1.5,1.4,1.05
0.017928473206756834,0.22736363636363638,1.5,1.4,1.1
0.022731193500550972,0.66175,2,0.3,1
0.023420538605358754,0.6625833333333334,2,0.3,1.05
0.02384518191031315,0.6829166666666667,2,0.3,1.1
0.024132673198536736,0.6084615384615385,2,0.3,1.15
0.02367533038350489,0.6144615384615385,2,0.3,1.2
0.01972728715137073,0.49375,2,0.5,1
0.020959487428024115,0.46052941176470585,2,0.5,1.05
0.020966076874718187,0.432,2,0.5,1.1
0.020644715242931433,0.4140526315789474,2,0.5,1.15
0.021044877267563322,0.4375,2,0.5,1.2
0.01709195349372239,0.349,2,0.758,1
0.01747292587267779,0.35309090909090907,2,0.758,1.05
0.017972731739405834,0.3172916666666667,2,0.758,1.1
0.018642610873725207,0.3175,2,0.758,1.15
0.018257684775257577,0.3267083333333333,2,0.758,1.2
0.015558421134054257,0.29207692307692307,2,1,1
0.01543314434318388,0.27903703703703703,2,1,1.05
0.015561660810500033,0.29765384615384616,2,1,1.1
0.01636575316659661,0.2702857142857143,2,1,1.15
0.016133749121042484,0.26675862068965517,2,1,1.2
0.013070150557272342,0.24374193548387096,2,1.4,1
0.012883760269735145,0.24887096774193548,2,1.4,1.05
0.013627573072710675,0.2420625,2,1.4,1.1
0.013918247050455967,0.23015151515151513,2,1.4,1.15
0.01846973094720772,0.6613333333333333,2.5,0.3,1
0.017890822829257136,0.6744166666666667,2.5,0.3,1.05
0.018955789115848276,0.6749166666666667,2.5,0.3,1.1
0.01869056304344463,0.6793333333333335,2.5,0.3,1.15
0.018807551030673775,0.6197692307692308,2.5,0.3,1.2
0.016240146825196256,0.48481250000000004,2.5,0.5,1
0.01639470493334949,0.46235294117647063,2.5,0.5,1.05
0.016561640596229665,0.4366111111111111,2.5,0.5,1.1
0.01667047990304349,0.4356666666666667,2.5,0.5,1.15
0.01695962523462846,0.4431111111111111,2.5,0.5,1.2
0.013763411293320704,0.3628095238095238,2.5,0.758,1
0.014342499020054689,0.35213636363636364,2.5,0.758,1.05
0.014393443482680457,0.33760869565217394,2.5,0.758,1.1
0.014181296273998,0.3378260869565218,2.5,0.758,1.15
0.015784936783254988,0.31925,2.5,0.758,1.2
0.012063558330764224,0.31208,2.5,1,1
0.012252050159551331,0.29607692307692307,2.5,1,1.05
0.012636007483398881,0.28125925925925926,2.5,1,1.1
0.013432810969644216,0.2827037037037037,2.5,1,1.15
0.012954297744967924,0.26224137931034486,2.5,1,1.2
0.010221214920358879,0.24635483870967742,2.5,1.4,1
0.010491694114107553,0.25916666666666666,2.5,1.4,1.05
0.010605488011648845,0.23921875,2.5,1.4,1.1
0.011148357625111682,0.2415,2.5,1.4,1.15
0.015414998572360172,0.7381818181818183,3,0.3,1
0.014752561879100234,0.7490909090909091,3,0.3,1.05
0.01633938583467387,0.6818333333333334,3,0.3,1.1
0.016236418450165768,0.6808333333333333,3,0.3,1.15
0.015849394884470236,0.6262307692307693,3,0.3,1.2
0.01357294455840874,0.49875,3,0.5,1
0.01334008626588945,0.5036875000000001,3,0.5,1.05
0.013535330780698906,0.4695294117647059,3,0.5,1.1
0.013983064270124856,0.4386111111111111,3,0.5,1.15
0.014311704001260583,0.4345,3,0.5,1.2
0.011873629009989006,0.3524090909090909,3,0.758,1
0.011481612221590609,0.35331818181818186,3,0.758,1.05
0.012285155349410992,0.339695652173913,3,0.758,1.1
0.012090540947095718,0.35763636363636364,3,0.758,1.15
0.012144465142569505,0.32875000000000004,3,0.758,1.2
0.01100250959953275,0.324625,3,1,1
0.010546200606465828,0.31232,3,1,1.05
0.0103645318418506,0.3003461538461539,3,1,1.1
0.011137655561807236,0.2836296296296296,3,1,1.15
0.010969697323433891,0.2733214285714286,3,1,1.2
0.009214720394229658,0.2666551724137931,3,1.4,1
0.008991591220909534,0.2573333333333333,3,1.4,1.05
0.009334748509746582,0.24977419354838712,3,1.4,1.1
0.009914491913631363,0.23884375,3,1.4,1.15
0.01307217772748892,0.6725833333333333,3.5,0.3,1.05
0.013948649177118355,0.7490000000000001,3.5,0.3,1.1
0.014289962784569177,0.6735833333333333,3.5,0.3,1.15
0.01401857268140283,0.68125,3.5,0.3,1.2
0.010990552814890808,0.49793750000000003,3.5,0.5,1
0.011822050315918542,0.491875,3.5,0.5,1.05
0.011831658884598806,0.5001875,3.5,0.5,1.1
0.011970210759907118,0.50075,3.5,0.5,1.15
0.01244001679189033,0.4383888888888889,3.5,0.5,1.2
0.009658689359702599,0.3678095238095238,3.5,0.758,1
0.01058992742932885,0.3731904761904762,3.5,0.758,1.05
0.010465134664393805,0.3558636363636363,3.5,0.758,1.1
0.010699680094790054,0.33660869565217394,3.5,0.758,1.15
0.010333105022670264,0.36263636363636365,3.5,0.758,1.2
0.008991341001046038,0.3438695652173913,3.5,1,1
0.009422136767957667,0.31356,3.5,1,1.05
0.009075384760957927,0.3043461538461539,3.5,1,1.1
0.009316244993979428,0.30223076923076925,3.5,1,1.15
0.00994344887777654,0.2872962962962963,3.5,1,1.2
0.007379815851870752,0.27885714285714286,3.5,1.4,1
0.00817391705305237,0.2589666666666667,3.5,1.4,1.05
0.008056291208752508,0.2601,3.5,1.4,1.1
0.007892363181267736,0.2411875,3.5,1.4,1.15
0.000575164106385806,9.65,4,0.3,1.2
0.010190507424738815,0.5361333333333334,4,0.5,1
0.00960463283420454,0.5534666666666667,4,0.5,1.05
0.010222617465318606,0.49062500000000003,4,0.5,1.1
0.010457402124574244,0.4641764705882353,4,0.5,1.15
0.011118818940850428,0.4311111111111111,4,0.5,1.2
0.009209573661568271,0.39525,4,0.758,1
0.008816940699154951,0.3679047619047619,4,0.758,1.05
0.008952325312517662,0.3526818181818182,4,0.758,1.1
0.008886848320811769,0.3578636363636364,4,0.758,1.15
0.00940179182210965,0.35813636363636364,4,0.758,1.2
0.007588272889723857,0.322375,4,1,1
0.008002813814248277,0.3264166666666667,4,1,1.05
0.008040357320358904,0.30103846153846153,4,1,1.1
0.008108992269929338,0.31672,4,1,1.15
0.00881719353238175,0.29074074074074074,4,1,1.2
0.006371368236446351,0.30515384615384616,4,1.4,1
0.006806902486184985,0.2815714285714286,4,1.4,1.05
0.007109592330084347,0.2575,4,1.4,1.1
0.007191322757226448,0.2468064516129032,4,1.4,1.15
0.008464789483008772,0.4990625,4.5,0.5,1
0.008783209801505265,0.5095000000000001,4.5,0.5,1.05
0.009300902682941814,0.47123529411764714,4.5,0.5,1.2
0.007859420783049575,0.4214210526315789,4.5,0.758,1
0.008012397162160845,0.39849999999999997,4.5,0.758,1.05
0.008234328444399974,0.3703809523809524,4.5,0.758,1.1
0.008380639714268057,0.36063636363636364,4.5,0.758,1.15
0.00843074577843872,0.34395652173913044,4.5,0.758,1.2
0.0069664456748399495,0.33934782608695657,4.5,1,1.05
0.007102783005688895,0.3357916666666667,4.5,1,1.1
0.0076939396702466745,0.31536000000000003,4.5,1,1.15
0.007596090458287463,0.30373076923076925,4.5,1,1.2
0.006242374004105322,0.28225,4.5,1.4,1.05
0.006584387567124761,0.27313793103448275,4.5,1.4,1.1
0.006656381586298554,0.261,4.5,1.4,1.15
0.008031672736345197,0.5445333333333334,5,0.5,1.05
0.008162622436707512,0.5073125,5,0.5,1.1
0.008123409058899966,0.502625,5,0.5,1.15
0.007151940521294975,0.40085,5,0.758,1.1
0.0072204062795830914,0.35845454545454547,5,0.758,1.15
0.0076117679739708954,0.36,5,0.758,1.2
0.006561834981686943,0.32995833333333335,5,1,1.1
0.0067426811987969515,0.31344,5,1,1.15
0.007050975192797626,0.3003076923076923,5,1,1.2
0.005745926408359026,0.27224137931034487,5,1.4,1.1
0.005830548678200209,0.2773793103448276,5,1.4,1.15
0.007891541967566251,0.493875,5.5,0.5,1.2
0.0062166784169988,0.3928,5.5,0.758,1.1
0.006487039420175922,0.3746666666666667,5.5,0.758,1.15
0.006180219551303434,0.31332,5.5,1,1.15
0.006234799100466759,0.2973461538461538,5.5,1,1.2
0.005452651215261728,0.29010714285714284,5.5,1.4,1.15
