ciclo,atasc
0.041136525958084036,1.037375
0.04138685858649849,1.046875
0.04193924927801573,1.0625
0.04247214457535575,1.0635000000000001
0.043033943729325674,1.069375
0.04030549489372559,0.6635
0.040021682865661656,0.619
0.04029692477094837,0.6126923076923076
0.040623014968170335,0.6149230769230769
0.04093443908739669,0.6235384615384615
0.03561700970261539,0.42388888888888887
0.03698794503349179,0.449
0.03776988740983178,0.42783333333333334
0.036867600994879623,0.4074736842105263
0.037012135233783994,0.43377777777777776
0.03412398279561124,0.3544285714285714
0.033615362540080795,0.33354545454545453
0.034492941286295764,0.3416818181818182
0.03547186431340288,0.3269565217391305
0.03480870919219692,0.33104347826086955
0.029770668205001627,0.25671428571428573
0.03103150166905566,0.2614642857142857
0.03096919704118939,0.26203571428571426
0.03178708444645517,0.26275
0.03262419947890427,0.23976666666666668
0.027381887279663175,0.22709375
0.02814324351826869,0.21478787878787878
0.028957341632123157,0.20629411764705882
0.028995336167761288,0.196
0.02952763032397998,0.20462857142857144
0.025309367212824174,0.1903243243243243
0.026109177407754647,0.18242105263157896
0.02776684857110423,1.050875
0.026758524895737157,1.065125
0.02723747329643178,1.06025
0.028215852321765933,0.941
0.027297675570067792,1.06925
0.02522566409642124,0.67975
0.025395583885694517,0.67
0.02667324219660916,0.6910833333333334
0.025986393003041286,0.6795833333333333
0.02603048138316799,0.69625
0.024246555816649362,0.4646470588235294
0.023294652935140103,0.4998125
0.024824398486487986,0.4661764705882353
0.023775221284283443,0.471
0.02534001241134387,0.4396111111111111
0.022484344317171612,0.3874
0.02185318525879998,0.36942857142857144
0.02265824511420389,0.3691428571428571
0.022801912200581587,0.3518181818181818
0.023029589039647913,0.33195652173913043
0.01990667524887657,0.2727037037037037
0.019342239055415433,0.2751851851851852
0.020614974166498712,0.277037037037037
0.020505499609427158,0.2665
0.020875895143319667,0.2586551724137931
0.01798810532656603,0.2346774193548387
0.01805084345432606,0.22875
0.018521463513988312,0.2315625
0.01916650626287275,0.22675757575757577
0.019032960642070496,0.22126470588235295
0.016203348001281537,0.20299999999999999
0.017179527553934815,0.20650000000000002
0.01691480412062507,0.2001081081081081
0.01965333466424557,1.054875
0.02057999084536366,1.063125
0.02080240311684678,1.067625
0.020160545025896592,1.075125
0.022714346513771133,1.063125
0.018722151794994257,0.6869166666666667
0.01936894860454874,0.6913333333333332
0.019271304767841446,0.6883333333333334
0.019929279306120318,0.6853333333333333
0.01927944668969106,0.6935000000000001
0.01793450415531428,0.5000625
0.017892524264361054,0.503375
0.018145910858968328,0.47064705882352936
0.018266411320439158,0.5075000000000001
0.01783175032739326,0.4764705882352941
0.01660953447014002,0.39115
0.01619742411353009,0.39849999999999997
0.016485930211163513,0.37357142857142855
0.016773610132122307,0.37547619047619046
0.01703674826918755,0.3569090909090909
0.01406203632548575,0.30576000000000003
0.014685153402674622,0.2950769230769231
0.01481810203304823,0.2829259259259259
0.015356705814580707,0.27951851851851856
0.015658639482726056,0.27339285714285716
0.013315513504121412,0.2502666666666667
0.01371425450619368,0.2315
0.013900756660594205,0.2324375
0.014029084248876611,0.22387878787878787
0.01407714694228357,0.22681818181818184
0.01226461457122996,0.2025
0.012625326479389187,0.2023888888888889
0.012579891676225863,0.19821621621621624
0.017186259395983505,1.2447142857142859
0.0158953843008236,1.0565
0.015782769217207004,1.250142857142857
0.016692053678898144,1.061375
0.01641976223717334,1.5006666666666666
0.014461514525483832,0.7626363636363636
0.015918257960426008,0.7580000000000001
0.015320369250150012,0.6896666666666667
0.015114973355834227,0.6965
0.015688245890724595,0.6906666666666667
0.014165397141083336,0.5090625
0.014864765895814092,0.47458823529411764
0.01414544611698787,0.512625
0.014123498987090422,0.47323529411764703
0.014405304356939652,0.47323529411764703
0.012803402694833821,0.3902
0.013021849669887509,0.4001
0.013413409591938041,0.39780000000000004
0.013494846593409271,0.40090000000000003
0.013257348969596627,0.38176190476190475
0.012274341514400877,0.3262916666666667
0.011984810161789206,0.31176000000000004
0.011700490288590881,0.31692
0.012282403781095574,0.2872222222222222
0.012354894530027583,0.2838148148148148
0.010389962681586873,0.2695862068965517
0.010953812121844653,0.258
0.011018139831625362,0.24438709677419357
0.01143343292225385,0.23709375
0.011388084834786927,0.22906060606060608
0.009744952473287327,0.22135294117647059
0.009736032366026937,0.2154
0.010317959953885403,0.2007027027027027
0.01269253231552403,1.2448571428571429
0.013388050505688476,1.065625
0.012989952133975358,1.2361428571428572
0.013146362907908493,1.074625
0.013633605090562995,1.2582857142857142
0.012473225880948569,0.7644545454545455
0.012822201707674008,0.7691818181818182
0.014553772613447258,0.7003333333333334
0.012397633367124072,0.69625
0.013185205451213378,0.6980833333333334
0.011536971181415723,0.5069375
0.01180516849819302,0.510625
0.012146334134429448,0.5068125
0.0131840857487866,0.47811764705882354
0.011695797138490338,0.41742105263157897
0.010854221484535298,0.4006
0.011763661867851827,0.4027
0.012006636266883586,0.40205
0.00980016401127548,0.31572
0.010642317554464764,0.31772
0.010249149973190264,0.31904
0.010728661502479753,0.30500000000000005
0.008891671556148673,0.25943333333333335
0.00930519054535317,0.26143333333333335
0.009250723446098341,0.2490967741935484
0.009774440847550636,0.24034375
0.008282921919128494,0.22145714285714288
0.00864406053231237,0.2162
0.011040259380725725,1.247142857142857
0.011373057279810972,1.2461428571428572
0.011306757459356831,1.2541428571428572
0.011518813318067256,0.7645454545454545
0.010637554741130373,0.7780909090909092
0.011050112578286697,0.6914166666666667
0.00977639252404261,0.5113125000000001
0.010845169578173497,0.5078125
0.011274829786130258,0.5125
0.010343384218273854,0.39865
0.009205528465125568,0.40745000000000003
0.009716802419931891,0.42615789473684207
0.008967382905351151,0.3176
0.009019816076182074,0.31904
0.00802162062366607,0.2652
0.008364859526983626,0.2540322580645161
0.003383047769683234,0.7053333333333334
0.00995484081247966,1.2674285714285713
0.009982004154048152,0.7919090909090909
0.009624387226390141,0.5531333333333334
0.008432281921098461,0.3837619047619048
0.007799894401117946,0.32448
0.007326780623545748,0.266
