t,u_antes,u_desp
0,1.58210744023499,1.58210744023499
0.05,1.58210744023499,1.58210744023499
0.1,1.58210744023499,1.58210744023499
0.15,1.58210744023499,1.58210744023499
0.2,1.58210744023499,1.58210744023499
0.25,1.58210744023499,1.58210744023499
0.3,1.58210744023499,1.58210744023499
0.35,1.58210744023499,1.58210744023499
0.4,1.58210744023499,1.58210744023499
0.45,1.58210744023499,1.58210744023499
0.5,1.58210744023499,1.58210744023499
0.55,1.58210744023499,1.58210744023499
0.6,1.58210744023499,1.58210744023499
0.65,1.58210744023499,1.58210744023499
0.7,1.58210744023499,1.58210744023499
0.75,1.58210744023499,1.58210744023499
0.8,1.58210744023499,1.58210744023499
0.85,1.58210744023499,1.58210744023499
0.9,1.58210744023499,1.58210744023499
0.95,1.58210744023499,1.58210744023499
1,1.58210744023499,1.58210744023499
1.05,1.58210744023499,1.58210744023499
1.1,1.58210744023499,1.58210744023499
1.15,1.58210744023499,1.58210744023499
1.2,1.58210744023499,1.58210744023499
1.25,1.58210744023499,1.58210744023499
1.3,1.58210744023499,1.58210744023499
1.35,1.58210744023499,1.58210744023499
1.4,1.58210744023499,1.58210744023499
1.45,1.58210744023499,1.58210744023499
1.5,1.58210744023499,1.58210744023499
1.55,1.58210744023499,1.58210744023499
1.6,1.58210744023499,1.58210744023499
1.65,1.58210744023499,1.58210744023499
1.7,1.58210744023499,1.58210744023499
1.75,1.58210744023499,1.58210744023499
1.8,1.58210744023499,1.58210744023499
1.85,1.58210744023499,1.58210744023499
1.9,1.58210744023499,1.58210744023499
1.95,1.58210744023499,1.58210744023499
2,1.58210744023499,1.58210744023499
2.05,1.58210744023499,1.58210744023499
2.1,1.58210744023499,1.58210744023499
2.15,1.58210744023499,1.58210744023499
2.2,1.58210744023499,1.58210744023499
2.25,1.58210744023499,1.58210744023499
2.3,1.58210744023499,1.58210744023499
2.35,1.58210744023499,1.58210744023499
2.4,1.58210744023499,1.58210744023499
2.45,1.58210744023499,1.58210744023499
2.5,1.58210744023499,1.58210744023499
2.55,1.58210744023499,1.58210744023499
2.6,1.58210744023499,1.58210744023499
2.65,1.58210744023499,1.58210744023499
2.7,1.58210744023499,1.58210744023499
2.75,1.58210744023499,1.58210744023499
2.8,1.58210744023499,1.58210744023499
2.85,1.58210744023499,1.58210744023499
2.9,1.58210744023499,1.58210744023499
2.95,1.58210744023499,1.58210744023499
3,1.58210744023499,1.58210744023499
3.05,1.58210744023499,1.58210744023499
3.1,1.58210744023499,1.58210744023499
3.15,1.58210744023499,1.58210744023499
3.2,1.58210744023499,1.58210744023499
3.25,1.58210744023499,1.58210744023499
3.3,1.58210744023499,1.58210744023499
3.35,1.58210744023499,1.58210744023499
3.4,1.58210744023499,1.58210744023499
3.45,1.58210744023499,1.58210744023499
3.5,1.58210744023499,1.58210744023499
3.55,1.58210744023499,1.58210744023499
3.6,1.58210744023499,1.58210744023499
3.65,1.58210744023499,1.58210744023499
3.7,1.58210744023499,1.58210744023499
3.75,1.58210744023499,1.58210744023499
3.8,1.58210744023499,1.58210744023499
3.85,1.58210744023499,1.58210744023499
3.9,1.58210744023499,1.58210744023499
3.95,1.58210744023499,1.58210744023499
4,1.58210744023499,1.58210744023499
4.05,1.58210744023499,1.58210744023499
4.1,1.58210744023499,1.58210744023499
4.15,1.58210744023499,1.58210744023499
4.2,1.58210744023499,1.58210744023499
4.25,1.58210744023499,1.58210744023499
4.3,1.58210744023499,1.58210744023499
4.35,1.58210744023499,1.58210744023499
4.4,1.58210744023499,1.58210744023499
4.45,1.58210744023499,1.58210744023499
4.5,1.58210744023499,1.58210744023499
4.55,1.58210744023499,1.58210744023499
4.6,1.58210744023499,1.58210744023499
4.65,1.58210744023499,1.58210744023499
4.7,1.58210744023499,1.58210744023499
4.75,1.58210744023499,1.58210744023499
4.8,1.58210744023499,1.58210744023499
4.85,1.58210744023499,1.58210744023499
4.9,1.58210744023499,1.58210744023499
4.95,1.58210744023499,1.58210744023499
5,1.58210744023499,1.58210744023499
5.05,1.58210744023499,1.58210744023499
5.1,1.58210744023499,1.58210744023499
5.15,1.58210744023499,1.58210744023499
5.2,1.58210744023499,1.58210744023499
5.25,1.58210744023499,1.58210744023499
5.3,1.58210744023499,1.58210744023499
5.35,1.58210744023499,1.58210744023499
5.4,1.58210744023499,1.58210744023499
5.45,1.58210744023499,1.58210744023499
5.5,1.58210744023499,1.58210744023499
5.55,1.58210744023499,1.58210744023499
5.6,1.58210744023499,1.58210744023499
5.65,1.58210744023499,1.58210744023499
5.7,1.58210744023499,1.58210744023499
5.75,1.58210744023499,1.58210744023499
5.8,1.58210744023499,1.58210744023499
5.85,1.58210744023499,1.58210744023499
5.9,1.58210744023499,1.58210744023499
5.95,1.58210744023499,1.58210744023499
6,1.58210744023499,1.58210744023499
6.05,1.58210744023499,1.58210744023499
6.1,1.58210744023499,1.58210744023499
6.15,1.58210744023499,1.58210744023499
6.2,1.58210744023499,1.58210744023499
6.25,1.58210744023499,1.58210744023499
6.3,1.58210744023499,1.58210744023499
6.35,1.58210744023499,1.58210744023499
6.4,1.58210744023499,1.58210744023499
6.45,1.58210744023499,1.58210744023499
6.5,1.58210744023499,1.58210744023499
6.55,1.58210744023499,1.58210744023499
6.6,1.58210744023499,1.58210744023499
6.65,1.58210744023499,1.58210744023499
6.7,1.58210744023499,1.58210744023499
6.75,1.58210744023499,1.58210744023499
6.8,1.58210744023499,1.58210744023499
6.85,1.58210744023499,1.58210744023499
6.9,1.58210744023499,1.58210744023499
6.95,1.58210744023499,1.58210744023499
7,1.58210744023499,1.58210744023499
7.05,1.58210744023499,1.58210744023499
7.1,1.58210744023499,1.58210744023499
7.15,1.58210744023499,1.58210744023499
7.2,1.58210744023499,1.58210744023499
7.25,1.58210744023499,1.58210744023499
7.3,1.58210744023499,1.58210744023499
7.35,1.58210744023499,1.58210744023499
7.4,1.58210744023499,1.58210744023499
7.45,1.58210744023499,1.58210744023499
7.5,1.58210744023499,1.58210744023499
7.55,1.58210744023499,1.58210744023499
7.6,1.58210744023499,1.58210744023499
7.65,1.58210744023499,1.58210744023499
7.7,1.58210744023499,1.58210744023499
7.75,1.58210744023499,1.58210744023499
7.8,1.58210744023499,1.58210744023499
7.85,1.58210744023499,1.58210744023499
7.9,1.58210744023499,1.58210744023499
7.95,1.58210744023499,1.58210744023499
8,1.58210744023499,1.58210744023499
8.05,1.58210744023499,1.58210744023499
8.1,1.58210744023499,1.58210744023499
8.15,1.58210744023499,1.58210744023499
8.2,1.58210744023499,1.58210744023499
8.25,1.58210744023499,1.58210744023499
8.3,1.58210744023499,1.58210744023499
8.35,1.58210744023499,1.58210744023499
8.4,1.58210744023499,1.58210744023499
8.45,1.58210744023499,1.58210744023499
8.5,1.58210744023499,1.58210744023499
8.55,1.58210744023499,1.58210744023499
8.6,1.58210744023499,1.58210744023499
8.65,1.58210744023499,1.58210744023499
8.7,1.58210744023499,1.58210744023499
8.75,1.58210744023499,1.58210744023499
8.8,1.58210744023499,1.58210744023499
8.85,1.58210744023499,1.58210744023499
8.9,1.58210744023499,1.58210744023499
8.95,1.58210744023499,1.58210744023499
9,1.58210744023499,1.58210744023499
9.05,1.58210744023499,1.58210744023499
9.1,1.58210744023499,1.58210744023499
9.15,1.58210744023499,1.58210744023499
9.2,1.58210744023499,1.58210744023499
9.25,1.58210744023499,1.58210744023499
9.3,1.58210744023499,1.58210744023499
9.35,1.58210744023499,1.58210744023499
9.4,1.58210744023499,1.58210744023499
9.45,1.58210744023499,1.58210744023499
9.5,1.58210744023499,1.58210744023499
9.55,1.58210744023499,1.58210744023499
9.6,1.58210744023499,1.58210744023499
9.65,1.58210744023499,1.58210744023499
9.7,1.58210744023499,1.58210744023499
9.75,1.58210744023499,1.58210744023499
9.8,1.58210744023499,1.58210744023499
9.85,1.58210744023499,1.58210744023499
9.9,1.58210744023499,1.58210744023499
9.95,1.58210744023499,1.58210744023499
10,0,0
10.036,3.2680304298469,3.2680304298469
10.037,3.27972620141728,3.2680304298469
10.05,2.58380186596474,2.59675917571121
10.051,2.57868355142173,2.59675917571121
10.07,2.77883433475457,2.77883433475457
10.073,2.78321992501854,2.77883433475457
10.1,2.76594700647401,2.77883433475457
10.143,2.71526821059101,2.71526821059101
10.149,2.70783947522165,2.71526821059101
10.18,3.04195592687601,3.04195592687601
10.181,3.05349738072714,3.04195592687601
10.198,2.60631902959222,2.60631902959222
10.199,2.599951837337,2.60631902959222
10.2,2.59588300905194,2.60631902959222
10.214,2.59813875325211,2.60631902959222
10.24,2.5644002820476,2.5644002820476
10.249,2.55562496217803,2.5644002820476
10.25,2.55471569982957,2.5644002820476
10.297,2.50179320837048,2.50179320837048
10.299,2.4988550691139,2.50179320837048
10.3,2.49812783462935,2.50179320837048
10.321,2.48026234810334,2.48026234810334
10.349,2.46235218254089,2.48026234810334
10.35,2.4603258119762,2.48026234810334
10.388,2.43757297343682,2.43757297343682
10.392,2.43419880312711,2.43757297343682
10.4,2.43744605580522,2.43757297343682
10.408,2.43938311818444,2.43757297343682
10.432,2.41623901601384,2.41623901601384
10.435,2.41356328389159,2.41623901601384
10.45,2.42631794874989,2.41623901601384
10.471,2.43630092236256,2.41623901601384
10.499,2.41506867558202,2.41623901601384
10.5,2.41338724323458,2.41623901601384
10.509,2.39479871156377,2.39479871156377
10.513,2.39095696567842,2.39479871156377
10.549,2.41803923375074,2.39479871156377
10.553,2.42013996314613,2.42013996314613
10.569,2.37900559974361,2.37900559974361
10.571,2.37714371593417,2.37900559974361
10.6,2.38781480093658,2.40503592168759
10.601,2.38480941984178,2.38480941984178
10.649,2.36940725305656,2.38480941984178
10.657,2.36446679725458,2.36446679725458
10.658,2.36422693722365,2.36446679725458
10.699,2.41544990915769,2.41544990915769
10.7,2.41586793197848,2.41586793197848
10.749,2.43513320196731,2.43513320196731
10.75,2.43550180772612,2.43550180772612
10.799,2.45236083937859,2.45236083937859
10.8,2.45268035736078,2.45268035736078
10.849,2.46713408796313,2.46713408796313
10.85,2.4674045181688,2.4674045181688
10.899,2.4794529477213,2.4794529477213
10.9,2.47967429015043,2.47967429015043
10.949,2.48931741865309,2.48931741865309
10.95,2.48948967330569,2.48948967330569
10.999,2.4967275007585,2.4967275007585
11,2.49685066763458,2.49685066763458
11.049,2.50168319403753,2.50168319403753
11.05,2.50175727313708,2.50175727313708
11.099,2.50418449849018,2.50418449849018
11.1,2.50420948981321,2.50420948981321
11.125,2.50451520234138,2.50451520234138
11.15,2.50420731766296,2.50420731766296
11.199,2.50182394091636,2.50182394091636
11.2,2.50175075668633,2.50175075668633
11.249,2.49696207888989,2.49696207888989
11.25,2.49683980688333,2.49683980688333
11.299,2.48964582803703,2.48964582803703
11.3,2.48947446825395,2.48947446825395
11.349,2.4798751883578,2.4798751883578
11.35,2.47965474079819,2.47965474079819
11.399,2.46765015985219,2.46765015985219
11.4,2.46738062451605,2.46738062451605
11.449,2.4529707425202,2.4529707425202
11.45,2.45265211940754,2.45265211940754
11.499,2.43583693636184,2.43583693636184
11.5,2.43546922547264,2.43546922547264
11.549,2.4162487413771,2.4162487413771
11.55,2.41583194271137,2.41583194271137
11.599,2.39420615756598,2.39420615756598
11.6,2.39374027112373,2.39374027112373
11.649,2.36970918492848,2.36970918492848
11.65,2.3691942107097,2.3691942107097
11.699,2.3427578234646,2.3427578234646
11.7,2.34219376146929,2.34219376146929
11.749,2.31335207317434,2.31335207317434
11.75,2.31273892340251,2.31273892340251
11.799,2.28149193405771,2.28149193405771
11.8,2.28082969650935,2.28082969650935
11.849,2.2471774061147,2.2471774061147
11.85,2.24646608078981,2.24646608078981
11.899,2.21040848934531,2.21040848934531
11.9,2.20964807624389,2.20964807624389
11.949,2.17118518374954,2.17118518374954
11.95,2.1703756828716,2.1703756828716
11.999,2.12950748932739,2.12950748932739
12,2.12864890067292,2.12864890067292
12.049,2.08537540607887,2.08537540607887
12.05,2.08446772964787,2.08446772964787
12.099,2.03878893400397,2.03878893400397
12.125,2.01611054379078,2.01611054379078
12.126,2.01578054945003,2.01611054379078
12.143,2.46873748413711,2.46873748413711
12.145,2.47168360605266,2.46873748413711
12.15,2.45003553816692,2.46873748413711
12.176,2.39993793951764,2.39993793951764
12.217,2.40382833045303,2.40382833045303
12.249,2.43226889418209,2.43226889418209
12.25,2.43327925760002,2.43327925760002
12.299,2.48448700410086,2.48448700410086
12.3,2.48556670525797,2.48556670525797
12.349,2.54016951909012,2.54016951909012
12.35,2.54131850421186,2.54131850421186
12.399,2.5993162323101,2.5993162323101
12.4,2.60053450139646,2.60053450139646
12.449,2.66192714376075,2.66192714376075
12.45,2.66321469681171,2.66321469681171
12.499,2.72800225344205,2.72800225344205
12.544,2.78467760469687,2.78467760469687
12.549,2.66359905625426,2.66359905625426
12.55,2.61788246383134,2.61788246383134
12.559,2.34027354912739,2.34027354912739
12.563,2.32156169107241,2.34027354912739
12.6,2.37635868599482,2.39416097744364
12.616,2.35230071415338,2.35230071415338
12.617,2.35212723534476,2.35230071415338
12.633,2.38670354162436,2.37982579620433
12.65,2.37119454273332,2.37982579620433
12.699,2.34010995574857,2.34010995574857
12.7,2.33928629047863,2.33928629047863
12.749,2.29735659558166,2.29735659558166
12.75,2.29646888112649,2.29646888112649
12.799,2.25140267662272,2.25140267662272
12.8,2.25045095415938,2.25045095415938
12.849,2.20224835725627,2.20224835725627
12.85,2.20123262678479,2.20123262678479
12.899,2.14989363748238,2.14989363748238
12.9,2.14881389900274,2.14881389900274
12.949,2.09433851730103,2.09433851730103
12.95,2.09319477081324,2.09319477081324
12.999,2.03558299671222,2.03558299671222
13.022,2.01242819646489,2.01242819646489
13.023,2.01203507794594,2.01242819646489
13.039,2.46340993400105,2.46340993400105
13.041,2.46840368531511,2.46340993400105
13.05,2.42506924828494,2.44307700285131
13.059,2.39955117361073,2.39955117361073
13.06,2.39886757504754,2.39955117361073
13.076,2.43094974266199,2.42535996473286
13.1,2.40291931110556,2.40479941067871
13.118,2.43135882424153,2.43135882424153
13.12,2.43298280444113,2.43135882424153
13.15,2.4320131673405,2.4320131673405
13.199,2.47624759631652,2.47624759631652
13.2,2.47718194907278,2.47718194907278
13.249,2.52450717746598,2.52450717746598
13.25,2.52550446668433,2.52550446668433
13.299,2.57591358168733,2.57591358168733
13.3,2.57697380736706,2.57697380736706
13.349,2.63046680897786,2.63046680897786
13.35,2.63158997111897,2.63158997111897
13.399,2.68816685933758,2.68816685933758
13.4,2.68935295794008,2.68935295794008
13.449,2.74901373276649,2.74901373276649
13.475,2.78185335810018,2.78185335810018
13.476,2.78253357638864,2.78185335810018
13.495,2.31983965591547,2.31983965591547
13.5,2.33773076614238,2.31983965591547
13.507,2.37918761722238,2.37918761722238
13.512,2.38703874351362,2.37918761722238
13.55,2.38315820446472,2.35866832956283
13.551,2.3855506399801,2.3855506399801
13.553,2.38811129324561,2.3855506399801
13.57,2.36041285562825,2.36480109756957
13.6,2.36236510431871,2.36236510431871
13.649,2.31946133282921,2.31946133282921
13.65,2.3185528271034,2.3185528271034
13.699,2.27244025293612,2.27244025293612
13.7,2.2714666127791,2.2714666127791
13.749,2.22216245156261,2.22216245156261
13.75,2.22112367697611,2.22112367697611
13.799,2.16862792871542,2.16862792871542
13.8,2.16752401969945,2.16752401969945
13.849,2.11183668439454,2.11183668439454
13.85,2.11066764094909,2.11066764094909
13.899,2.05178871859998,2.05178871859998
13.933,2.01266123932764,2.01266123932764
13.934,2.01214896899165,2.01266123932764
13.949,2.45438843423443,2.45438843423443
13.95,2.46166216530193,2.45438843423443
13.952,2.46695863467329,2.45438843423443
13.966,2.40852021919253,2.40852021919253
13.971,2.40190604913905,2.40852021919253
14,2.43300221799787,2.43376484577526
14.032,2.39924082936185,2.39924082936185
14.05,2.41030788808462,2.41030788808462
14.099,2.44958132389355,2.44958132389355
14.1,2.45041270923407,2.45041270923407
14.149,2.49260324984699,2.49260324984699
14.15,2.49349392738757,2.49349392738757
14.199,2.53858978574781,2.53858978574781
14.2,2.53953975548724,2.53953975548724
14.249,2.58754093159138,2.58754093159138
14.25,2.58855019352967,2.58855019352967
14.299,2.63945668737771,2.63945668737771
14.3,2.64052524151486,2.64052524151486
14.349,2.69433705310679,2.69433705310679
14.35,2.69546489944279,2.69546489944279
14.399,2.75218202877864,2.75218202877864
14.424,2.7812364604298,2.7812364604298
14.425,2.78178434124146,2.7812364604298
14.44,2.33672164361389,2.33672164361389
14.444,2.31907897445903,2.33672164361389
14.45,2.33462495662804,2.33672164361389
14.467,2.38960036071504,2.38960036071504
14.468,2.39029633370547,2.38960036071504
14.5,2.35191528887398,2.36877786409101
14.531,2.35733181510817,2.35733181510817
14.549,2.34366700797757,2.34366700797757
14.55,2.34270921381891,2.34270921381891
14.599,2.29384981161886,2.29384981161886
14.6,2.2928168231462,2.2928168231462
14.649,2.24045455834668,2.24045455834668
14.65,2.23935031152241,2.23935031152241
14.699,2.18349638754696,2.18349638754696
14.7,2.18232088237223,2.18232088237223
14.749,2.1229752992241,2.1229752992241
14.75,2.12172853569891,2.12172853569891
14.799,2.05889129337809,2.05889129337809
14.836,2.0111364801347,2.0111364801347
14.837,2.01044125410319,2.0111364801347
14.849,2.39796242368147,2.39796242368147
14.854,2.46159214189216,2.46159214189216
14.856,2.46465475310409,2.46159214189216
14.899,2.39348128082654,2.39348128082654
14.9,2.39374691352996,2.39348128082654
14.91,2.42109043164866,2.42109043164866
14.915,2.42849178906359,2.42109043164866
14.95,2.40405647098247,2.40405647098247
14.999,2.4398979557354,2.4398979557354
15,2.44065975061007,2.44065975061007
15.049,2.47935920812982,2.47935920812982
15.05,2.48017698293949,2.48017698293949
15.099,2.52161945673363,2.52161945673363
15.1,2.52249321146659,2.52249321146659
15.149,2.56667870150181,2.56667870150181
15.15,2.56760843615805,2.56760843615805
15.199,2.61453694243434,2.61453694243434
15.2,2.61552265701386,2.61552265701386
15.249,2.66519417953123,2.66519417953123
15.25,2.66623587403404,2.66623587403404
15.299,2.71865041279249,2.71865041279249
15.3,2.71974808721859,2.71974808721859
15.332,2.75546481684375,2.75546481684375
15.349,2.77237668338022,2.75546481684375
15.358,2.78059579368408,2.78059579368408
15.359,2.78088810434566,2.78059579368408
15.376,2.31851895341489,2.31851895341489
15.377,2.31721639337645,2.31851895341489
15.412,2.35687582409303,2.35687582409303
15.415,2.35449716656241,2.35687582409303
15.432,2.38317219169002,2.38317219169002
15.434,2.38575131992262,2.38317219169002
15.463,2.37008023256877,2.37008023256877
15.499,2.33851106416439,2.33851106416439
15.5,2.33753480595445,2.33753480595445
15.549,2.28797371933654,2.28797371933654
15.55,2.28692708795208,2.28692708795208
15.599,2.2339183372184,2.2339183372184
15.6,2.23280134612394,2.23280134612394
15.649,2.17634496960024,2.17634496960024
15.65,2.17515761879578,2.17515761879578
15.699,2.11525361648206,2.11525361648206
15.7,2.1139959059676,2.1139959059676
15.749,2.05064427786387,2.05064427786387
15.781,2.01128182797866,2.01128182797866
15.782,2.01071626728289,2.01128182797866
15.797,2.45370315213264,2.45370315213264
15.799,2.46409471615228,2.45370315213264
15.8,2.46516884240316,2.45370315213264
15.813,2.40947152695927,2.40947152695927
15.819,2.40035764853858,2.40947152695927
15.856,2.43457443809749,2.43457443809749
15.857,2.43524350207403,2.43457443809749
15.876,2.39484364241432,2.39484364241432
15.9,2.40916078061398,2.40916078061398
15.949,2.44556956732809,2.44556956732809
15.95,2.44634105471818,2.44634105471818
15.999,2.4855361969193,2.4855361969193
16,2.48636451125154,2.48636451125154
16.049,2.52834417360955,2.52834417360955
16.05,2.52922931488376,2.52922931488376
16.099,2.57399349739812,2.57399349739812
16.1,2.57493546561429,2.57493546561429
16.149,2.622484168285,2.622484168285
16.15,2.62348296344314,2.62348296344314
16.199,2.67381618627022,2.67381618627022
16.2,2.67487180837032,2.67487180837032
16.249,2.72798955135375,2.72798955135375
16.25,2.72910200039582,2.72910200039582
16.296,2.78080265935766,2.78080265935766
16.297,2.78131298558494,2.78080265935766
16.3,2.73892380031281,2.73892380031281
16.312,2.3362041255746,2.3362041255746
16.316,2.31814723127333,2.3362041255746
16.35,2.36268371080606,2.36569147187912
16.358,2.35582439522004,2.36569147187912
16.393,2.37712892533962,2.37712892533962
16.4,2.37356917546691,2.37356917546691
16.449,2.32788792331218,2.32788792331218
16.45,2.32691348733452,2.32691348733452
16.499,2.27748058075058,2.27748058075058
16.5,2.276437347106,2.276437347106
16.549,2.22363335663081,2.22363335663081
16.55,2.22252132535804,2.22252132535804
16.599,2.16634625110191,2.16634625110191
16.6,2.16516542220096,2.16516542220096
16.649,2.10561926416389,2.10561926416389
16.65,2.10436963763475,2.10436963763475
16.699,2.04145239581674,2.04145239581674
16.724,2.01205500911351,2.01205500911351
16.725,2.0115092697669,2.01205500911351
16.74,2.45311797160415,2.45311797160415
16.743,2.46523034835011,2.45311797160415
16.75,2.44090547010768,2.45311797160415
16.757,2.4069394064624,2.4069394064624
16.761,2.40086254097717,2.4069394064624
16.8,2.40617635653764,2.41235847488122
16.825,2.39718907478195,2.39718907478195
16.849,2.41193103887189,2.41193103887189
16.85,2.41265559724629,2.41265559724629
16.899,2.4495782540554,2.4495782540554
16.9,2.45036035559096,2.45036035559096
16.949,2.49008240192117,2.49008240192117
16.95,2.49092160839897,2.49092160839897
16.999,2.53344179689273,2.53344179689273
17,2.53433810831264,2.53433810831264
17.049,2.57965643896959,2.57965643896959
17.05,2.5806098553316,2.5806098553316
17.099,2.62872632815176,2.62872632815176
17.1,2.62973684945587,2.62973684945587
17.149,2.68065146443922,2.68065146443922
17.15,2.68171909068544,2.68171909068544
17.199,2.73543184783198,2.73543184783198
17.244,2.78168576887181,2.78168576887181
17.245,2.78173843245342,2.78168576887181
17.249,2.66499876820375,2.66499876820375
17.25,2.61933363655795,2.61933363655795
17.259,2.33718135962439,2.33718135962439
17.263,2.31718204639207,2.33718135962439
17.3,2.35943084369363,2.36472168933597
17.306,2.35523527700949,2.36472168933597
17.339,2.37901430412058,2.37901430412058
17.35,2.37209467652197,2.37209467652197
17.399,2.32559110815854,2.32559110815854
17.4,2.32460495463553,2.32460495463553
17.449,2.27458228007495,2.27458228007495
17.45,2.27352669178967,2.27352669178967
17.499,2.22010171442602,2.22010171442602
17.5,2.21897669139035,2.21897669139035
17.549,2.16214941125748,2.16214941125748
17.55,2.16095495347141,2.16095495347141
17.599,2.10072537056934,2.10072537056934
17.6,2.09946147803287,2.09946147803287
17.649,2.03582959236159,2.03582959236159
17.667,2.0119329503818,2.0119329503818
17.668,2.01111178861443,2.0119329503818
17.684,2.45305453447144,2.45305453447144
17.687,2.46463215031623,2.45305453447144
17.701,2.40558339974147,2.40558339974147
17.705,2.40006446840799,2.40558339974147
17.726,2.43082151685407,2.43082151685407
17.728,2.43265895834127,2.43082151685407
17.75,2.40405369012317,2.40791134098265
17.782,2.43372087392851,2.43372087392851
17.783,2.43416333342046,2.43372087392851
17.8,2.43136919267616,2.43136919267616
17.849,2.47136817291414,2.47136817291414
17.85,2.472217137956,2.472217137956
17.899,2.51529815686191,2.51529815686191
17.9,2.51620760074431,2.51620760074431
17.949,2.5622520822795,2.5622520822795
17.95,2.56322200499037,2.56322200499037
17.999,2.61222994912048,2.61222994912048
18,2.61326035065982,2.61326035065982
18.049,2.66523175738486,2.66523175738486
18.05,2.66632263775266,2.66632263775266
18.099,2.72125750707262,2.72125750707262
18.1,2.72240886626889,2.72240886626889
18.129,2.7563244487685,2.7563244487685
18.149,2.77848812458704,2.7563244487685
18.152,2.7817112059682,2.7817112059682
18.153,2.78218097497663,2.7817112059682
18.168,2.33507172731494,2.33507172731494
18.172,2.32003850005889,2.33507172731494
18.2,2.37896367331449,2.38940600117103
18.203,2.36896930139125,2.36896930139125
18.242,2.35000659006342,2.36896930139125
18.25,2.35049561069404,2.36896930139125
18.259,2.3564248601896,2.3564248601896
18.299,2.32082647190527,2.32082647190527
18.3,2.31982506277319,2.31982506277319
18.349,2.26902553944531,2.26902553944531
18.35,2.26795350310755,2.26795350310755
18.399,2.21369347970508,2.21369347970508
18.4,2.21255082121008,2.21255082121008
18.449,2.15483031210301,2.15483031210301
18.45,2.15361703145077,2.15361703145077
18.499,2.0924360366391,2.0924360366391
18.5,2.09115213382963,2.09115213382963
18.545,2.03191462874874,2.03191462874874
18.549,2.02686232799832,2.03191462874874
18.563,2.01110708357298,2.01110708357298
18.564,2.01053241947013,2.01110708357298
18.579,2.45337050118828,2.45337050118828
18.582,2.46517459642052,2.45337050118828
18.6,2.39992381480339,2.40559978674399
18.622,2.43234942333952,2.43234942333952
18.624,2.43408665855541,2.43234942333952
18.65,2.40495208792201,2.4096943650796
18.699,2.42530578627292,2.42530578627292
18.7,2.42605766076279,2.42605766076279
18.749,2.46435180042949,2.46435180042949
18.75,2.46516223437432,2.46516223437432
18.799,2.50628830998554,2.50628830998554
18.8,2.50715649137157,2.50715649137157
18.849,2.5511121915907,2.5511121915907
18.85,2.55203812041769,2.55203812041769
18.899,2.59882344524405,2.59882344524405
18.9,2.59980712151201,2.59980712151201
18.949,2.64942207094561,2.64942207094561
18.95,2.65046349465453,2.65046349465453
18.999,2.70290806869538,2.70290806869538
19,2.70400723984526,2.70400723984526
19.046,2.7558176124137,2.7558176124137
19.049,2.75914793720392,2.7558176124137
19.071,2.78121711629761,2.78121711629761
19.072,2.78156986553928,2.78121711629761
19.089,2.31921679049911,2.31921679049911
19.09,2.31744620089128,2.31921679049911
19.1,2.36707302214283,2.34907591039263
19.131,2.35350067644175,2.35523350276122
19.146,2.38164829017248,2.38164829017248
19.149,2.3852489536305,2.38164829017248
19.15,2.38501483976888,2.38164829017248
19.199,2.35187092277974,2.35187092277974
19.2,2.35092883608513,2.35092883608513
19.249,2.30301836698875,2.30301836698875
19.25,2.30200597290781,2.30200597290781
19.299,2.25070519907652,2.25070519907652
19.3,2.24962368402179,2.24962368402179
19.349,2.19493598249039,2.19493598249039
19.35,2.19378534646221,2.19378534646221
19.399,2.13571071723168,2.13571071723168
19.4,2.13449096023005,2.13449096023005
19.449,2.07302940330039,2.07302940330039
19.45,2.0717405253253,2.0717405253253
19.497,2.0123493217209,2.0123493217209
19.498,2.01171252300877,2.0123493217209
19.5,2.02944798982484,2.0123493217209
19.513,2.45086629229231,2.45086629229231
19.517,2.46585770915986,2.45086629229231
19.561,2.43327720468918,2.43327720468918
19.563,2.43444472381658,2.43327720468918
19.599,2.39907032931136,2.39907032931136
19.6,2.3990585281427,2.3990585281427
19.649,2.4325685302728,2.4325685302728
19.65,2.43332200695281,2.43332200695281
19.699,2.47163638973126,2.47163638973126
19.7,2.47244676522811,2.47244676522811
19.749,2.51354918055675,2.51354918055675
19.75,2.51441645466515,2.51441645466515
19.799,2.55830690195959,2.55830690195959
19.8,2.55923107467954,2.55923107467954
19.849,2.60590955393978,2.60590955393978
19.85,2.60689062527127,2.60689062527127
19.899,2.65635713649732,2.65635713649732
19.9,2.65739510644036,2.65739510644036
19.949,2.7096496496322,2.7096496496322
19.95,2.71074451818679,2.71074451818679
19.99,2.75547239759963,2.75547239759963
19.999,2.76508834021615,2.75547239759963
20.015,2.78117266087764,2.78117266087764
20.016,2.78154250947208,2.78117266087764
20.033,2.31907917137942,2.31907917137942
20.034,2.31701943122356,2.31907917137942
20.076,2.35421263000875,2.35421263000875
20.078,2.35282378338967,2.35421263000875
20.092,2.38119655568503,2.38119655568503
20.095,2.38522604373241,2.38119655568503
20.1,2.38122211356671,2.38119655568503
20.149,2.34547723665854,2.34547723665854
20.15,2.34451733813718,2.34451733813718
20.199,2.29576114697723,2.29576114697723
20.2,2.29473127834221,2.29473127834221
20.249,2.24256124973816,2.24256124973816
20.25,2.24146172945065,2.24146172945065
20.299,2.18587876987844,2.18587876987844
20.3,2.18470959793852,2.18470959793852
20.349,2.12571370739841,2.12571370739841
20.35,2.12447488380608,2.12447488380608
20.399,2.06206606229808,2.06206606229808
20.437,2.01212377676523,2.01212377676523
20.438,2.01133097338207,2.01212377676523
20.449,2.36106276403318,2.36106276403318
20.45,2.3887155245212,2.3887155245212
20.455,2.46075392804581,2.46075392804581
20.457,2.46603495739756,2.46075392804581
20.5,2.40445153039932,2.41203824205365
20.547,2.41494686721556,2.41203824205365
20.548,2.41325587019339,2.41325587019339
20.549,2.41169353752802,2.41169353752802
20.552,2.40999473553906,2.40999473553906
20.599,2.44260004618149,2.44260004618149
20.6,2.44337750758107,2.44337750758107
20.649,2.48288972472862,2.48288972472862
20.65,2.48372500645374,2.48372500645374
20.699,2.52607039697579,2.52607039697579
20.7,2.52696349853729,2.52696349853729
20.749,2.57214206104147,2.57214206104147
20.75,2.57309298243933,2.57309298243933
20.799,2.62110471692563,2.62110471692563
20.8,2.62211345815986,2.62211345815986
20.849,2.67295836462829,2.67295836462829
20.85,2.67402492569889,2.67402492569889
20.899,2.72770300414944,2.72770300414944
20.9,2.72882738505641,2.72882738505641
20.924,2.75615944584195,2.75615944584195
20.949,2.77985075428993,2.75615944584195
20.951,2.78154278564253,2.78154278564253
20.966,2.33618947471185,2.33618947471185
20.97,2.31770524918891,2.33618947471185
21,2.39145310232383,2.39145310232383
21.001,2.39150892371356,2.39145310232383
21.027,2.34931618465233,2.34931618465233
21.05,2.38073438906835,2.38073438906835
21.099,2.33571041905328,2.33571041905328
21.1,2.33474945831822,2.33474945831822
21.149,2.28598545080041,2.28598545080041
21.15,2.28495604391643,2.28495604391643
21.199,2.23283817691625,2.23283817691625
21.2,2.23174032392267,2.23174032392267
21.249,2.17626859755207,2.17626859755207
21.25,2.17510229844889,2.17510229844889
21.299,2.11627671270785,2.11627671270785
21.3,2.11504196749506,2.11504196749506
21.349,2.05286252238359,2.05286252238359
21.38,2.01266860162358,2.01266860162358
21.381,2.0118911879166,2.01266860162358
21.398,2.46101978735474,2.46101978735474
21.399,2.46516556975297,2.46101978735474
21.4,2.46636302563027,2.46101978735474
21.411,2.41249387239307,2.41249387239307
21.421,2.39892743908946,2.41249387239307
21.45,2.40557616385858,2.41249387239307
21.483,2.41036207018594,2.41249387239307
21.492,2.40498855756944,2.40498855756944
21.5,2.40840374648977,2.40840374648977
21.549,2.44495802403155,2.44495802403155
21.55,2.44573750512807,2.44573750512807
21.599,2.48534231749043,2.48534231749043
21.6,2.48617935932678,2.48617935932678
21.649,2.5286046468601,2.5286046468601
21.65,2.52949924941286,2.52949924941286
21.699,2.57474501205046,2.57474501205046
21.7,2.57569717531963,2.57569717531963
21.749,2.6237634130615,2.6237634130615
21.75,2.6247731370471,2.6247731370471
21.799,2.67565984989325,2.67565984989325
21.8,2.67672713459525,2.67672713459525
21.849,2.73043432254568,2.73043432254568
21.895,2.78140191398838,2.78140191398838
21.896,2.78184272800517,2.78140191398838
21.899,2.7310204933904,2.7310204933904
21.9,2.69220069979872,2.69220069979872
21.911,2.33436373412724,2.33436373412724
21.915,2.31899992097109,2.33436373412724
21.95,2.35795203738587,2.36504213693408
21.956,2.35509578620518,2.36504213693408
21.991,2.38002603476721,2.38002603476721
22,2.37460610425298,2.37460610425298
22.049,2.32915962511218,2.32915962511218
22.05,2.32819424563572,2.32819424563572
22.099,2.279219301457,2.279219301457
22.1,2.27818570363677,2.27818570363677
22.149,2.22586806148594,2.22586806148594
22.15,2.22476624534084,2.22476624534084
22.199,2.16910590527173,2.16910590527173
22.2,2.16793587080176,2.16793587080176
22.249,2.10893283281438,2.10893283281438
22.25,2.10769458001956,2.10769458001956
22.299,2.0453488441139,2.0453488441139
22.328,2.01152297131912,2.01152297131912
22.329,2.01102998963771,2.01152297131912
22.345,2.46169100461957,2.46169100461957
22.347,2.46699887424346,2.46169100461957
22.35,2.45925347054799,2.46169100461957
22.358,2.41283993955468,2.41283993955468
22.368,2.39936299302099,2.41283993955468
22.4,2.40729843050221,2.41283993955468
22.431,2.411901181502,2.41283993955468
22.439,2.40668912022483,2.40668912022483
22.45,2.41232772797197,2.41232772797197
22.499,2.45027285443419,2.45027285443419
22.5,2.45107863350676,2.45107863350676
22.549,2.49200482685116,2.49200482685116
22.55,2.49286950464124,2.49286950464124
22.599,2.53668173469698,2.53668173469698
22.6,2.53760531119489,2.53760531119489
22.649,2.58430357793442,2.58430357793442
22.65,2.58528605314017,2.58528605314017
22.699,2.63487035656349,2.63487035656349
22.7,2.63591173047707,2.63591173047707
22.749,2.68838207058419,2.68838207058419
22.75,2.6894823432056,2.6894823432056
22.799,2.74483871999652,2.74483871999652
22.836,2.78217150517821,2.78217150517821
22.849,2.36523392949099,2.36523392949099
22.851,2.3360220702754,2.3360220702754
22.855,2.31805973450079,2.3360220702754
22.877,2.3876872819219,2.3876872819219
22.878,2.38853186129748,2.3876872819219
22.9,2.35603636405111,2.36542592437847
22.932,2.37854442148819,2.37854442148819
22.95,2.36520317177063,2.36520317177063
22.999,2.31874149879373,2.31874149879373
23,2.31775873128078,2.31775873128078
23.049,2.2679221068063,2.2679221068063
23.05,2.26687072638268,2.26687072638268
23.099,2.21367206934648,2.21367206934648
23.1,2.21255207601352,2.21255207601352
23.149,2.15599138641934,2.15599138641934
23.15,2.15480278017703,2.15480278017703
23.199,2.09488005802489,2.09488005802489
23.2,2.09362283887324,2.09362283887324
23.247,2.03298563151056,2.03298563151056
23.249,2.03037915308619,2.03298563151056
23.263,2.01291328814914,2.01291328814914
23.264,2.01216491664913,2.01291328814914
23.281,2.4612293704224,2.4612293704224
23.283,2.4660202560647,2.4612293704224
23.302,2.39691534962063,2.39691534962063
23.303,2.39642158822378,2.39691534962063
23.315,2.42522829302957,2.42522829302957
23.319,2.43096742095067,2.42522829302957
23.35,2.41233291673325,2.40471558014895
23.363,2.4319680550191,2.43062403761827
23.399,2.43130592914623,2.43130592914623
23.4,2.43209288881006,2.43209288881006
23.449,2.4721392101177,2.4721392101177
23.45,2.472986490595,2.472986490595
23.499,2.51597267834482,2.51597267834482
23.5,2.51687993614294,2.51687993614294
23.549,2.56280501260877,2.56280501260877
23.55,2.56377224772762,2.56377224772762
23.599,2.61263621290918,2.61263621290918
23.6,2.61366342534876,2.61366342534876
23.649,2.66546627924604,2.66546627924604
23.65,2.66655346900635,2.66655346900635
23.699,2.72129521161936,2.72129521161936
23.7,2.72244237870039,2.72244237870039
23.729,2.75623202674085,2.75623202674085
23.749,2.77813616295966,2.75623202674085
23.752,2.78130675948029,2.78130675948029
23.753,2.78176569277855,2.78130675948029
23.768,2.33462823095926,2.33462823095926
23.772,2.32006712302174,2.33462823095926
23.8,2.38172068935532,2.39053054473527
23.804,2.36788827930172,2.36788827930172
23.825,2.35358490343077,2.36788827930172
23.85,2.35876993660373,2.36788827930172
23.855,2.36481362019572,2.36481362019572
23.899,2.3265486003154,2.3265486003154
23.9,2.3255695405491,2.3255695405491
23.949,2.27589366576843,2.27589366576843
23.95,2.27484514020317,2.27484514020317
23.999,2.22176551407864,2.22176551407864
24,2.22064752429188,2.22064752429188
24.049,2.16416415131363,2.16416415131363
24.05,2.16297669730536,2.16297669730536
24.099,2.10308957747337,2.10308957747337
24.1,2.1018326592436,2.1018326592436
24.149,2.03854179255789,2.03854179255789
24.168,2.01320797769413,2.01320797769413
24.17,2.01232731385264,2.01320797769413
24.185,2.45225100592033,2.45225100592033
24.188,2.46496479445166,2.45225100592033
24.202,2.40728737205612,2.40728737205612
24.207,2.40050563404749,2.40728737205612
24.233,2.43280910854285,2.43280910854285
24.235,2.43394844843526,2.43280910854285
24.272,2.39903429398026,2.39903429398026
24.299,2.41568417615523,2.41568417615523
24.3,2.41640191900961,2.41640191900961
24.349,2.45295055833622,2.45295055833622
24.35,2.45372444008969,2.45372444008969
24.399,2.49301570829764,2.49301570829764
24.4,2.49384555177711,2.49384555177711
24.449,2.53587894455642,2.53587894455642
24.45,2.53676474976182,2.53676474976182
24.499,2.58154026711234,2.58154026711234
24.5,2.58248203404369,2.58248203404369
24.549,2.62999967596541,2.62999967596541
24.55,2.6309974046227,2.6309974046227
24.599,2.68125717111562,2.68125717111562
24.6,2.68231086149885,2.68231086149885
24.649,2.73531275256297,2.73531275256297
24.693,2.7804751542587,2.7804751542587
24.694,2.78076612425567,2.7804751542587
24.699,2.62594640970412,2.62594640970412
24.7,2.57990471301374,2.57990471301374
24.711,2.31852402199077,2.31852402199077
24.712,2.31720319411025,2.31852402199077
24.75,2.35471701340052,2.35709806060622
24.767,2.3827942524722,2.3827942524722
24.77,2.38534125310253,2.3827942524722
24.8,2.36942678755153,2.36942678755153
24.849,2.32358647902479,2.32358647902479
24.85,2.32258706091231,2.32258706091231
24.899,2.27189517897309,2.27189517897309
24.9,2.27082554080685,2.27082554080685
24.949,2.21669288286356,2.21669288286356
24.95,2.21555302478722,2.21555302478722
24.999,2.15797959124873,2.15797959124873
25,2.15676951326228,2.15676951326228
25.049,2.09575530412861,2.09575530412861
25.05,2.09447500623206,2.09447500623206
25.097,2.03271684392191,2.03271684392191
25.099,2.03005613670186,2.03271684392191
25.113,2.01209451161415,2.01209451161415
25.114,2.01132021282672,2.01209451161415
25.131,2.46084561416697,2.46084561416697
25.133,2.4656070786697,2.46084561416697
25.152,2.39652564508085,2.39652564508085
25.153,2.39604754960829,2.39652564508085
25.164,2.42153169122591,2.42153169122591
25.169,2.42821676481285,2.42153169122591
25.2,2.4027872700533,2.40113789911958
25.214,2.42886203535368,2.42644768705649
25.249,2.42828606927602,2.42828606927602
25.25,2.42904833804812,2.42904833804812
25.299,2.46786338486409,2.46786338486409
25.3,2.46868488722917,2.46868488722917
25.349,2.51037540880816,2.51037540880816
25.35,2.51125556038494,2.51125556038494
25.399,2.55581989332923,2.55581989332923
25.4,2.55675869411753,2.55675869411753
25.449,2.60419683842664,2.60419683842664
25.45,2.60519428842647,2.60519428842647
25.499,2.6555062441004,2.6555062441004
25.5,2.65656234331176,2.65656234331176
25.549,2.70974811035051,2.70974811035051
25.55,2.71086285877339,2.71086285877339
25.59,2.75641464275766,2.75641464275766
25.599,2.76568212257259,2.75641464275766
25.617,2.78188711439101,2.78188711439101
25.632,2.33605794742738,2.33605794742738
25.636,2.31799005039265,2.33605794742738
25.65,2.3709537879678,2.3622818314193
25.658,2.3876119000842,2.3876119000842
25.659,2.38849768489338,2.3876119000842
25.678,2.35572389560557,2.3655718047759
25.713,2.37753988465316,2.37753988465316
25.749,2.34749644895678,2.34749644895678
25.75,2.34654857443328,2.34654857443328
25.799,2.29841639631433,2.29841639631433
25.8,2.29739970640546,2.29739970640546
25.849,2.24589631940099,2.24589631940099
25.85,2.24481083024845,2.24481083024845
25.899,2.18993628030459,2.18993628030459
25.9,2.18878199190839,2.18878199190839
25.949,2.13053627902516,2.13053627902516
25.95,2.1293131913853,2.1293131913853
25.999,2.06769631556269,2.06769631556269
26.044,2.01172085038764,2.01172085038764
26.045,2.01114827226203,2.01172085038764
26.049,2.10705625161331,2.10705625161331
26.05,2.15139290959997,2.15139290959997
26.06,2.45348128747288,2.45348128747288
26.063,2.4657025430439,2.45348128747288
26.105,2.43306970336014,2.43306970336014
26.107,2.43453443554497,2.43306970336014
26.145,2.39710643769347,2.39710643769347
26.15,2.39877669702356,2.39877669702356
26.199,2.43400146131976,2.43400146131976
26.2,2.43475949401182,2.43475949401182
26.249,2.47330196653571,2.47330196653571
26.25,2.47411709594069,2.47411709594069
26.299,2.5154573049539,2.5154573049539
26.3,2.51632953101884,2.51632953101884
26.349,2.56046747637067,2.56046747637067
26.35,2.56139679909559,2.56139679909559
26.399,2.60833248078604,2.60833248078604
26.4,2.60931890017093,2.60931890017093
26.449,2.6590523182,2.6590523182
26.45,2.66009583424486,2.66009583424486
26.499,2.71262698861255,2.71262698861255
26.5,2.71372760131739,2.71372760131739
26.537,2.75525305043555,2.75525305043555
26.549,2.76846803138272,2.75525305043555
26.56,2.78032324587407,2.78032324587407
26.561,2.78080106727516,2.78032324587407
26.576,2.33485487576629,2.33485487576629
26.58,2.31868017115723,2.33485487576629
26.6,2.38680738913923,2.38680738913923
26.602,2.38798964124924,2.38680738913923
26.612,2.363576286098,2.363576286098
26.619,2.35566248290265,2.363576286098
26.652,2.38794633500723,2.38794633500723
26.699,2.3495687299798,2.3495687299798
26.7,2.34865099449096,2.34865099449096
26.749,2.30204990165514,2.30204990165514
26.75,2.3010655522567,2.3010655522567
26.799,2.25120040576671,2.25120040576671
26.8,2.25014944306353,2.25014944306353
26.849,2.19702024464107,2.19702024464107
26.85,2.19590266863314,2.19590266863314
26.899,2.1395094182782,2.1395094182782
26.9,2.13832522896552,2.13832522896552
26.949,2.07866792667811,2.07866792667811
26.95,2.07741712406068,2.07741712406068
26.985,2.03279970481115,2.03279970481115
26.999,2.01687581618421,2.03279970481115
27.003,2.01265089333727,2.01265089333727
27.004,2.0120909297425,2.01265089333727
27.019,2.45340864697742,2.45340864697742
27.022,2.46636433725394,2.45340864697742
27.069,2.43455475743621,2.43455475743621
27.07,2.43554272101959,2.43455475743621
27.099,2.39469476431749,2.39469476431749
27.1,2.39476332683382,2.39476332683382
27.149,2.42920298344614,2.42920298344614
27.15,2.42997234599041,2.42997234599041
27.199,2.46910166226194,2.46910166226194
27.2,2.46992941450298,2.46992941450298
27.249,2.51191981732342,2.51191981732342
27.25,2.51280595907505,2.51280595907505
27.299,2.55765744791444,2.55765744791444
27.3,2.55860197917667,2.55860197917667
27.349,2.60631455403502,2.60631455403502
27.35,2.60731747480783,2.60731747480783
27.399,2.65789113568513,2.65789113568513
27.4,2.65895244596854,2.65895244596854
27.449,2.71238719286479,2.71238719286479
27.45,2.71350689265878,2.71350689265878
27.487,2.75575674155549,2.75575674155549
27.499,2.76894158111198,2.75575674155549
27.511,2.78163043601308,2.78163043601308
27.512,2.78206116044937,2.78163043601308
27.527,2.33389158270173,2.33389158270173
27.531,2.31947466185046,2.33389158270173
27.562,2.36303665704215,2.36303665704215
27.568,2.35625263047038,2.36303665704215
27.599,2.39113542027681,2.39113542027681
27.602,2.39261948332852,2.39261948332852
27.649,2.35485963090921,2.35485963090921
27.65,2.35396733208621,2.35396733208621
27.699,2.30864407301248,2.30864407301248
27.7,2.30768644333808,2.30768644333808
27.749,2.25916199575215,2.25916199575215
27.75,2.25813903572916,2.25813903572916
27.799,2.20641340106226,2.20641340106226
27.8,2.20532511069068,2.20532511069068
27.849,2.15039828894279,2.15039828894279
27.85,2.14924466822262,2.14924466822262
27.899,2.09111665939376,2.09111665939376
27.9,2.089897708325,2.089897708325
27.945,2.03369257201486,2.03369257201486
27.949,2.02869701037046,2.03369257201486
27.962,2.0130111635504,2.0130111635504
27.963,2.01231209346521,2.0130111635504
27.98,2.46246666235426,2.46246666235426
27.982,2.46701853918602,2.46246666235426
28.002,2.39706191907274,2.39706191907274
28.003,2.39670689623,2.39706191907274
28.014,2.42363405401388,2.42363405401388
28.019,2.43032841199919,2.42363405401388
28.05,2.40631161928618,2.40201704161149
28.099,2.43403851951971,2.43403851951971
28.1,2.43485928616014,2.43485928616014
28.149,2.47661433464461,2.47661433464461
28.15,2.47749754498386,2.47749754498386
28.199,2.52229610907362,2.52229610907362
28.2,2.52324141155426,2.52324141155426
28.249,2.57108249056724,2.57108249056724
28.25,2.57208988518917,2.57208988518917
28.299,2.62297347912508,2.62297347912508
28.3,2.62404296588829,2.62404296588829
28.349,2.67796907474713,2.67796907474713
28.35,2.67910065365163,2.67910065365163
28.399,2.73606927743343,2.73606927743343
28.438,2.78246962820686,2.78246962820686
28.439,2.78302603583234,2.78246962820686
28.449,2.44408653679922,2.44408653679922
28.45,2.41277584848908,2.41277584848908
28.454,2.33692561239955,2.33692561239955
28.458,2.31986479321111,2.33692561239955
28.5,2.35615363473697,2.36825639400205
28.51,2.35473250347631,2.36825639400205
28.537,2.36136272530064,2.36136272530064
28.542,2.36715805735035,2.36715805735035
28.55,2.36266962755441,2.36266962755441
28.599,2.31731235851757,2.31731235851757
28.6,2.3163475373465,2.3163475373465
28.649,2.26741433689201,2.26741433689201
28.65,2.26638188459872,2.26638188459872
28.699,2.21413476038731,2.21413476038731
28.7,2.21303467699849,2.21303467699849
28.749,2.15747362910608,2.15747362910608
28.75,2.15630591462173,2.15630591462173
28.799,2.09743094304833,2.09743094304833
28.8,2.09619559746846,2.09619559746846
28.849,2.03400670221407,2.03400670221407
28.868,2.01209323789833,2.01209323789833
28.869,2.01150913234772,2.01209323789833
28.884,2.45253503240998,2.45253503240998
28.887,2.46625297988538,2.45253503240998
28.902,2.40565514182763,2.40565514182763
28.906,2.40091389911777,2.40565514182763
28.926,2.43248084909139,2.43248084909139
28.928,2.4344146669828,2.43248084909139
28.95,2.40399329943443,2.41113409825351
28.975,2.40516294690107,2.40516294690107
28.999,2.42076050999866,2.42076050999866
29,2.42152292405644,2.42152292405644
29.049,2.46033654477783,2.46033654477783
29.05,2.46115796540177,2.46115796540177
29.099,2.50284229455576,2.50284229455576
29.1,2.50372227512166,2.50372227512166
29.149,2.54827604142575,2.54827604142575
29.15,2.54921458193348,2.54921458193348
29.199,2.5966377853873,2.5966377853873
29.2,2.59763488583686,2.59763488583686
29.249,2.64792752644041,2.64792752644041
29.25,2.64898318683181,2.64898318683181
29.299,2.70214526458508,2.70214526458508
29.3,2.70325948491831,2.70325948491831
29.346,2.75577968618916,2.75577968618916
29.349,2.75920587815935,2.75577968618916
29.369,2.78083849445204,2.78083849445204
29.37,2.78130345741903,2.78083849445204
29.385,2.33404698698996,2.33404698698996
29.389,2.319413867541,2.33404698698996
29.4,2.3643176133083,2.35918315578037
29.407,2.38532641208622,2.38532641208622
29.409,2.38735944600314,2.38532641208622
29.426,2.3565717404822,2.36345518157229
29.461,2.3918668606135,2.3918668606135
29.499,2.36187810414233,2.36187810414233
29.5,2.36100150415276,2.36100150415276
29.549,2.31645182759231,2.31645182759231
29.55,2.3155100792558,2.3155100792558
29.599,2.26776843758014,2.26776843758014
29.6,2.2667615474809,2.2667615474809
29.649,2.21582795943147,2.21582795943147
29.65,2.2147559275695,2.2147559275695
29.699,2.1606303931463,2.1606303931463
29.7,2.15949321952161,2.15949321952161
29.749,2.10217573872464,2.10217573872464
29.75,2.10097342333722,2.10097342333722
29.799,2.04046399616649,2.04046399616649
29.82,2.01364843404241,2.01364843404241
29.821,2.01285007423752,2.01364843404241
29.837,2.45400091945835,2.45400091945835
29.84,2.46630244002062,2.45400091945835
29.854,2.40775055447292,2.40775055447292
29.859,2.40147990013045,2.40775055447292
29.883,2.43396788965527,2.43396788965527
29.885,2.43528998386207,2.43396788965527
29.921,2.39850267688729,2.39850267688729
29.949,2.41691209875106,2.41691209875106
29.95,2.41767065525588,2.41767065525588
29.999,2.45628554938251,2.45628554938251
30,2.45710299283186,2.45710299283186
30.049,2.49859717615666,2.49859717615666
30.05,2.49947337284298,2.49947337284298
30.099,2.54384646477734,2.54384646477734
30.1,2.54478141470058,2.54478141470058
30.149,2.59203341524439,2.59203341524439
30.15,2.59302711840456,2.59302711840456
30.199,2.64315802755781,2.64315802755781
30.2,2.64421048395491,2.64421048395491
30.249,2.69722030171759,2.69722030171759
30.25,2.69833151135162,2.69833151135162
30.299,2.75422023772376,2.75422023772376
30.322,2.78136623029641,2.78136623029641
30.323,2.7819452694103,2.78136623029641
30.338,2.33834612193999,2.33834612193999
30.342,2.31843254704572,2.33834612193999
30.35,2.33962706438352,2.33834612193999
30.383,2.39362934422924,2.39362934422924
30.414,2.35002909969858,2.35002909969858
30.426,2.37093503964743,2.37093503964743
30.45,2.35178916146229,2.35178916146229
30.499,2.30462543812126,2.30462543812126
30.5,2.30362860532224,2.30362860532224
30.549,2.25310471999916,2.25310471999916
30.55,2.25203935339741,2.25203935339741
30.599,2.1981573117497,2.1981573117497
30.6,2.19702341134542,2.19702341134542
30.649,2.13978321337367,2.13978321337367
30.65,2.13858077916686,2.13858077916686
30.699,2.07798242487107,2.07798242487107
30.7,2.07671145686173,2.07671145686173
30.734,2.03268299229394,2.03268299229394
30.749,2.01470664070226,2.03268299229394
30.751,2.01241648774326,2.01241648774326
30.752,2.01176210984419,2.01241648774326
30.769,2.46233388555904,2.46233388555904
30.771,2.46515217236887,2.46233388555904
30.83,2.39355150384597,2.39355150384597
30.841,2.42026485685078,2.42026485685078
30.846,2.42754337851618,2.42026485685078
30.864,2.40891300160956,2.40891300160956
30.899,2.43270793962513,2.43270793962513
30.9,2.43348767543118,2.43348767543118
30.949,2.47313396363622,2.47313396363622
30.95,2.47397242687932,2.47397242687932
30.999,2.51649548240582,2.51649548240582
31,2.51739265408216,2.51739265408216
31.049,2.56279242283719,2.56279242283719
31.05,2.56374830294676,2.56374830294676
31.099,2.61202478493031,2.61202478493031
31.1,2.61303937347312,2.61303937347312
31.149,2.66419256868518,2.66419256868518
31.15,2.66526586566123,2.66526586566123
31.199,2.71929577410181,2.71929577410181
31.2,2.72042777951109,2.72042777951109
31.231,2.75610233485653,2.75610233485653
31.249,2.77492826067286,2.75610233485653
31.256,2.78178849769701,2.78178849769701
31.257,2.78214372692587,2.78178849769701
31.274,2.31939753996869,2.31939753996869
31.275,2.31776043391178,2.31939753996869
31.313,2.35542380563567,2.35542380563567
31.315,2.35355164377257,2.35542380563567
31.33,2.38122377084628,2.38122377084628
31.333,2.38484583483287,2.38122377084628
31.362,2.37010288491266,2.37010288491266
31.399,2.33875451073754,2.33875451073754
31.4,2.33780227715269,2.33780227715269
31.449,2.28946225695538,2.28946225695538
31.45,2.28844143823558,2.28844143823558
31.499,2.23674125527462,2.23674125527462
31.5,2.235651862445,2.235651862445
31.549,2.18059154810259,2.18059154810259
31.55,2.17943358116313,2.17943358116313
31.599,2.12101313543928,2.12101313543928
31.6,2.11978659439001,2.11978659439001
31.649,2.05800601728471,2.05800601728471
31.684,2.0126493874075,2.0126493874075
31.685,2.01186989421487,2.0126493874075
31.699,2.42948211287792,2.42948211287792
31.702,2.46095606486342,2.46095606486342
31.704,2.46637299491696,2.46095606486342
31.715,2.41261064201901,2.41261064201901
31.726,2.39880470646625,2.41261064201901
31.75,2.40352819769478,2.41261064201901
31.779,2.40719710564738,2.41261064201901
31.794,2.40113945334536,2.40113945334536
31.8,2.40311187109134,2.40311187109134
31.849,2.43864485714788,2.43864485714788
31.85,2.43940733089932,2.43940733089932
31.899,2.47815547329067,2.47815547329067
31.9,2.47897455633181,2.47897455633181
31.949,2.52049655184477,2.52049655184477
31.95,2.52137224413068,2.52137224413068
31.999,2.56566809263734,2.56566809263734
32,2.56660039416803,2.56660039416803
32.049,2.61367009566839,2.61367009566839
32.05,2.61465900644385,2.61465900644385
32.099,2.66450256093792,2.66450256093792
32.1,2.66554808095815,2.66554808095815
32.149,2.71816548844592,2.71816548844592
32.15,2.71926761771091,2.71926761771091
32.182,2.75513354781544,2.75513354781544
32.199,2.77363719810345,2.75513354781544
32.206,2.78109753694438,2.78109753694438
32.207,2.78154394063587,2.78109753694438
32.222,2.3337329797312,2.3337329797312
32.226,2.31854693331417,2.3337329797312
32.25,2.38784779556301,2.38864983971813
32.257,2.36808998620894,2.36808998620894
32.295,2.34934389483928,2.36808998620894
32.3,2.34958402747696,2.36808998620894
32.312,2.35584965869212,2.35584965869212
32.349,2.32166128105671,2.32166128105671
32.35,2.32062857207582,2.32062857207582
32.399,2.2682321005116,2.2682321005116
32.4,2.26712618798674,2.26712618798674
32.449,2.21114326427754,2.21114326427754
32.45,2.20996415950815,2.20996415950815
32.499,2.15039481581697,2.15039481581697
32.5,2.14914251880305,2.14914251880305
32.549,2.0859867551299,2.0859867551299
32.55,2.08466126587145,2.08466126587145
32.589,2.03182538577717,2.03182538577717
32.599,2.01887726604902,2.03182538577717
32.605,2.01142600575285,2.01142600575285
32.606,2.01068404258294,2.01142600575285
32.623,2.46066261176045,2.46066261176045
32.625,2.46403758036142,2.46066261176045
32.667,2.42099534315174,2.42099534315174
32.672,2.42858923553765,2.42099534315174
32.699,2.39325868487021,2.39325868487021
32.703,2.39023978667239,2.39023978667239
32.749,2.41825866275423,2.41825866275423
32.75,2.41894452917895,2.41894452917895
32.799,2.45385650024126,2.45385650024126
32.8,2.45459561169879,2.45459561169879
32.849,2.49211656177162,2.49211656177162
32.85,2.49290891766401,2.49290891766401
32.899,2.53303884504542,2.53303884504542
32.9,2.53388444537268,2.53388444537268
32.949,2.57662335006265,2.57662335006265
32.95,2.57752219482478,2.57752219482478
32.999,2.6228700768233,2.6228700768233
33,2.6238221660203,2.6238221660203
33.049,2.6717790253274,2.6717790253274
33.05,2.67278435895926,2.67278435895926
33.099,2.72335019557493,2.72335019557493
33.1,2.72440877364166,2.72440877364166
33.128,2.75448130432133,2.75448130432133
33.149,2.77511432650252,2.75448130432133
33.154,2.77976206266136,2.77976206266136
33.155,2.78008280006777,2.77976206266136
33.172,2.31800548791666,2.31800548791666
33.173,2.31602181387798,2.31800548791666
33.214,2.35413142802238,2.35413142802238
33.216,2.35266349652396,2.35413142802238
33.23,2.37932067366949,2.37932067366949
33.233,2.38322339350378,2.37932067366949
33.25,2.36024252104995,2.37932067366949
33.261,2.36536267050671,2.36536267050671
33.299,2.33102024622258,2.33102024622258
33.3,2.33000443763409,2.33000443763409
33.349,2.27846559484242,2.27846559484242
33.35,2.27737778507497,2.27737778507497
33.399,2.22231129603662,2.22231129603662
33.4,2.22115149400658,2.22115149400658
33.449,2.16255738410129,2.16255738410129
33.45,2.16132558980866,2.16132558980866
33.499,2.09920385903645,2.09920385903645
33.5,2.09790007248123,2.09790007248123
33.549,2.0322507208421,2.0322507208421
33.565,2.01147742612231,2.01147742612231
33.566,2.01070607264001,2.01147742612231
33.583,2.46067034002336,2.46067034002336
33.585,2.46479657218835,2.46067034002336
33.606,2.39511881879369,2.39511881879369
33.607,2.39497437126837,2.39511881879369
33.618,2.42301384570421,2.42301384570421
33.623,2.42953079723047,2.42301384570421
33.65,2.40181345152007,2.40114577976376
33.663,2.4269790524578,2.4269790524578
33.665,2.42930730385341,2.4269790524578
33.7,2.426048982141,2.426048982141
33.749,2.46379896434539,2.46379896434539
33.75,2.46459827576268,2.46459827576268
33.799,2.50517821700715,2.50517821700715
33.8,2.50603522972205,2.50603522972205
33.849,2.54944253453723,2.54944253453723
33.85,2.55035724854947,2.55035724854947
33.899,2.59659191693459,2.59659191693459
33.9,2.59756433224419,2.59756433224419
33.949,2.64662636419926,2.64662636419926
33.95,2.6476564808062,2.6476564808062
33.999,2.69954587633122,2.69954587633122
34,2.70063369423551,2.70063369423551
34.049,2.75535045333049,2.75535045333049
34.072,2.78077244759216,2.78077244759216
34.073,2.78126427157676,2.78077244759216
34.088,2.33556444430608,2.33556444430608
34.092,2.31862930547709,2.33556444430608
34.1,2.3442215480843,2.33556444430608
34.117,2.39109122460931,2.39109122460931
34.118,2.39145787587523,2.39109122460931
34.15,2.3702321068382,2.35061485226566
34.152,2.37702482752119,2.37702482752119
34.157,2.3839918216611,2.37702482752119
34.199,2.35735599480957,2.35735599480957
34.2,2.35644067469661,2.35644067469661
34.249,2.30986997178049,2.30986997178049
34.25,2.30888587628794,2.30888587628794
34.299,2.25901982444466,2.25901982444466
34.3,2.25796857088281,2.25796857088281
34.349,2.20481177366558,2.20481177366558
34.35,2.20369336203489,2.20369336203489
34.399,2.14724581944504,2.14724581944504
34.4,2.14606024974553,2.14606024974553
34.449,2.08632196178305,2.08632196178305
34.45,2.08506923401471,2.08506923401471
34.491,2.03255093356742,2.03255093356742
34.499,2.02320002787844,2.03255093356742
34.51,2.01165551617734,2.01165551617734
34.511,2.01114693733681,2.01165551617734
34.526,2.45425208952233,2.45425208952233
34.529,2.46577612498047,2.45425208952233
34.55,2.40248568009928,2.40639894945134
34.568,2.43207549782839,2.43207549782839
34.57,2.43390635863105,2.43207549782839
34.617,2.40561866574298,2.40561866574298
34.649,2.42752683881253,2.42752683881253
34.65,2.42830422084822,2.42830422084822
34.699,2.46785679777242,2.46785679777242
34.7,2.46869377144341,2.46869377144341
34.749,2.51116450095069,2.51116450095069
34.75,2.51206102644325,2.51206102644325
34.799,2.55744979520674,2.55744979520674
34.8,2.55840587252086,2.55840587252086
34.849,2.60671268054056,2.60671268054056
34.85,2.60772830967623,2.60772830967623
34.899,2.65895315695213,2.65895315695213
34.9,2.66002833790936,2.66002833790936
34.949,2.71417122444147,2.71417122444147
34.95,2.71530595722025,2.71530595722025
34.985,2.75577195742913,2.75577195742913
34.999,2.77196483710518,2.75577195742913
35.007,2.78117476449443,2.78117476449443
35.008,2.78172533253538,2.78117476449443
35.023,2.33730148993299,2.33730148993299
35.027,2.3189918134513,2.33730148993299
35.05,2.38918254670583,2.38818810863354
35.06,2.36683371056375,2.36683371056375
35.071,2.35646583179316,2.36683371056375
35.106,2.37530681724663,2.37530681724663
35.149,2.33941804762588,2.33941804762588
35.15,2.33848174601111,2.33848174601111
35.199,2.29095210158432,2.29095210158432
35.2,2.28994841940953,2.28994841940953
35.249,2.23911721617247,2.23911721617247
35.25,2.23804615535799,2.23804615535799
35.299,2.1839133987768,2.1839133987768
35.3,2.18277495932265,2.18277495932265
35.349,2.12534064939732,2.12534064939732
35.35,2.1241348313035,2.1241348313035
35.399,2.06339896803403,2.06339896803403
35.442,2.0117712898854,2.0117712898854
35.443,2.01127151587991,2.0117712898854
35.449,2.20388897772147,2.20388897772147
35.45,2.24813518099245,2.24813518099245
35.459,2.46175372233287,2.46175372233287
35.461,2.46737574623491,2.46175372233287
35.5,2.40061527306217,2.41369071196702
35.516,2.40156507469475,2.41369071196702
35.546,2.39180934199219,2.39180934199219
35.55,2.39285174763634,2.39285174763634
35.599,2.42732406295849,2.42732406295849
35.6,2.4280706986833,2.4280706986833
35.649,2.46603526908038,2.46603526908038
35.65,2.46683820759149,2.46683820759149
35.699,2.50756161107051,2.50756161107051
35.7,2.50842085229324,2.50842085229324
35.749,2.55190308864164,2.55190308864164
35.75,2.55281863257599,2.55281863257599
35.799,2.59905970179377,2.59905970179377
35.8,2.60003154843974,2.60003154843974
35.849,2.6490314505269,2.6490314505269
35.85,2.65005959988449,2.65005959988449
35.899,2.70181833484103,2.70181833484103
35.9,2.70290278691024,2.70290278691024
35.947,2.7551422233372,2.7551422233372
35.949,2.75738181205568,2.7551422233372
35.971,2.78062215955272,2.78062215955272
35.972,2.78105003579835,2.78062215955272
35.987,2.33401057598651,2.33401057598651
35.991,2.31875371775588,2.33401057598651
36,2.3517694176932,2.33401057598651
36.012,2.38838720519147,2.38838720519147
36.013,2.3891729789474,2.38838720519147
36.049,2.34940364579796,2.36825285430025
36.068,2.36935507718747,2.36935507718747
36.099,2.34313461292607,2.34313461292607
36.1,2.34215204844338,2.34215204844338
36.149,2.29224631655175,2.29224631655175
36.15,2.29119198411391,2.29119198411391
36.199,2.23777336810251,2.23777336810251
36.2,2.23664734886643,2.23664734886643
36.249,2.17971607974233,2.17971607974233
36.25,2.17851837370804,2.17851837370804
36.299,2.1180744514713,2.1180744514713
36.3,2.11680505863879,2.11680505863879
36.349,2.05284848328941,2.05284848328941
36.38,2.01127348546265,2.01127348546265
36.381,2.01045936035729,2.01127348546265
36.398,2.46030271289039,2.46030271289039
36.399,2.4643593991805,2.46030271289039
36.4,2.46548194546386,2.46030271289039
36.411,2.41128165412243,2.41128165412243
36.42,2.39829834150553,2.41128165412243
36.45,2.40833972372924,2.41128165412243
36.496,2.42428045843438,2.41128165412243
36.497,2.42326399112508,2.42326399112508
36.501,2.4199178317979,2.4199178317979
36.549,2.45428553775465,2.45428553775465
36.55,2.45508650350285,2.45508650350285
36.599,2.49576510130059,2.49576510130059
36.6,2.496624486154,2.496624486154
36.649,2.54016560293214,2.54016560293214
36.65,2.54108340651864,2.54108340651864
36.699,2.58748704121793,2.58748704121793
36.7,2.58846326353752,2.58846326353752
36.749,2.63772941615797,2.63772941615797
36.75,2.63876405721064,2.63876405721064
36.799,2.69089272775224,2.69089272775224
36.8,2.691985787538,2.691985787538
36.849,2.74697697600075,2.74697697600075
36.883,2.78152898949676,2.78152898949676
36.884,2.7817184645822,2.78152898949676
36.898,2.33827978997239,2.33827978997239
36.899,2.32863123938409,2.33827978997239
36.902,2.3175802296472,2.3175802296472
36.914,2.37746928613754,2.37746928613754
36.919,2.38542811995086,2.37746928613754
36.95,2.36678327776418,2.35743336600696
36.958,2.38403631520151,2.38403631520151
36.96,2.3865974158895,2.38403631520151
36.977,2.35965479380467,2.36391651090283
37,2.36305870392683,2.36305870392683
37.049,2.31633447988234,2.31633447988234
37.05,2.31534470694582,2.31534470694582
37.099,2.26516360351926,2.26516360351926
37.1,2.26410516816097,2.26410516816097
37.149,2.21055960650254,2.21055960650254
37.15,2.20943250873191,2.20943250873191
37.199,2.15252248886839,2.15252248886839
37.2,2.15132672868541,2.15132672868541
37.249,2.09105225061682,2.09105225061682
37.25,2.08978782802149,2.08978782802149
37.294,2.03279371806249,2.03279371806249
37.299,2.02644093971119,2.03279371806249
37.311,2.01198977121807,2.01198977121807
37.312,2.01130512861129,2.01198977121807
37.329,2.46214788073568,2.46214788073568
37.331,2.46542230206685,2.46214788073568
37.363,2.39448390672063,2.39448390672063
37.374,2.42203689092891,2.42203689092891
37.379,2.42954230524067,2.42203689092891
37.4,2.40683279110073,2.42203689092891
37.409,2.39315990001923,2.39315990001923
37.449,2.41936331210045,2.41936331210045
37.45,2.42009633441848,2.42009633441848
37.499,2.45740658385833,2.45740658385833
37.5,2.45819642590891,2.45819642590891
37.549,2.49829068790766,2.49829068790766
37.55,2.49913734634682,2.49913734634682
37.599,2.54201561138612,2.54201561138612
37.6,2.54291908621387,2.54291908621387
37.649,2.58858135429372,2.58858135429372
37.65,2.58954164551005,2.58954164551005
37.699,2.63798791663045,2.63798791663045
37.7,2.63900502423537,2.63900502423537
37.749,2.69023529839631,2.69023529839631
37.75,2.69130922238981,2.69130922238981
37.799,2.74532349959131,2.74532349959131
37.833,2.78074501976736,2.78074501976736
37.834,2.78109678976148,2.78074501976736
37.848,2.34153610613864,2.34153610613864
37.849,2.33065526950828,2.34153610613864
37.851,2.3190281612087,2.3190281612087
37.852,2.31717155781242,2.3190281612087
37.864,2.37596950763446,2.37596950763446
37.869,2.38454681733081,2.37596950763446
37.9,2.36031838623793,2.35454002742721
37.908,2.37987003968763,2.37987003968763
37.911,2.38385733280718,2.37987003968763
37.931,2.3572979761755,2.35919004474798
37.95,2.36123306768088,2.36123306768088
37.999,2.31381516490539,2.31381516490539
38,2.31280947195018,2.31280947195018
38.049,2.2618223510832,2.2618223510832
38.05,2.26074693707802,2.26074693707802
38.099,2.20634348548104,2.20634348548104
38.1,2.20519835044145,2.20519835044145
38.149,2.14737856815876,2.14737856815876
38.15,2.14616371208477,2.14616371208477
38.199,2.08492759911638,2.08492759911638
38.2,2.08364302200799,2.08364302200799
38.239,2.032456866644,2.032456866644
38.249,2.02004215131479,2.032456866644
38.256,2.01178378579338,2.01178378579338
38.257,2.01111397171251,2.01178378579338
38.274,2.46208101076454,2.46208101076454
38.276,2.46478203812322,2.46208101076454
38.3,2.39752809731565,2.41325476979641
38.317,2.39783060554687,2.41325476979641
38.349,2.39291582429396,2.39291582429396
38.35,2.39301718452823,2.39291582429396
38.399,2.4259175967669,2.4259175967669
38.4,2.42667031422292,2.42667031422292
38.449,2.46504057963176,2.46504057963176
38.45,2.46585266899771,2.46585266899771
38.499,2.50706288950309,2.50706288950309
38.5,2.5079328499533,2.5079328499533
38.549,2.55197875356681,2.55197875356681
38.55,2.55290658510083,2.55290658510083
38.599,2.59978817182124,2.59978817182124
38.6,2.60077387443908,2.60077387443908
38.649,2.65049114426638,2.65049114426638
38.65,2.65153471796803,2.65153471796803
38.699,2.70408767090223,2.70408767090223
38.7,2.70518911568769,2.70518911568769
38.745,2.75595206246845,2.75595206246845
38.749,2.76032516891666,2.75595206246845
38.771,2.78177180211326,2.78177180211326
38.772,2.78207816998763,2.78177180211326
38.789,2.31892939624672,2.31892939624672
38.79,2.31760428609382,2.31892939624672
38.8,2.36860013619287,2.35065473934696
38.828,2.35503339338949,2.35743096314559
38.845,2.3831419427056,2.3831419427056
38.848,2.38568704293836,2.3831419427056
38.85,2.38413108053038,2.3831419427056
38.899,2.35241539467197,2.35241539467197
38.9,2.35147310343588,2.35147310343588
38.949,2.30357477766993,2.30357477766993
38.95,2.30256267205969,2.30256267205969
38.999,2.25127669906566,2.25127669906566
39,2.25019549965592,2.25019549965592
39.049,2.1955239304958,2.1955239304958
39.05,2.19437363728676,2.19437363728676
39.099,2.13631647196115,2.13631647196115
39.1,2.13509708495282,2.13509708495282
39.149,2.07365432346171,2.07365432346171
39.15,2.07236584265408,2.07236584265408
39.196,2.01236474976957,2.01236474976957
39.197,2.01157713691136,2.01236474976957
39.2,2.04185701762669,2.04185701762669
39.214,2.46085175667687,2.46085175667687
39.216,2.46621586811857,2.46085175667687
39.25,2.40116379400628,2.41235785701088
39.299,2.41001491177015,2.41235785701088
39.308,2.40461128851361,2.40461128851361
39.349,2.43186228010856,2.43186228010856
39.35,2.4326166402606,2.4326166402606
39.399,2.47097905270682,2.47097905270682
39.4,2.47179050261126,2.47179050261126
39.449,2.51295017211617,2.51295017211617
39.45,2.51381870872213,2.51381870872213
39.499,2.55777562660162,2.55777562660162
39.5,2.55870124990911,2.55870124990911
39.549,2.60545541616317,2.60545541616317
39.55,2.60643812617218,2.60643812617218
39.599,2.65598954080081,2.65598954080081
39.6,2.65702933751134,2.65702933751134
39.649,2.70937800051455,2.70937800051455
39.65,2.7104748839266,2.7104748839266
39.69,2.75528644231359,2.75528644231359
39.699,2.76519787156847,2.75528644231359
39.714,2.78123970812274,2.78123970812274
39.715,2.78168364954617,2.78123970812274
39.73,2.33364084901622,2.33364084901622
39.734,2.31873003155851,2.33364084901622
39.75,2.38117183847944,2.3639258060316
39.756,2.39005486834477,2.39005486834477
39.757,2.39063764058906,2.39005486834477
39.791,2.35205993363667,2.36747518127125
39.8,2.35268302437568,2.36747518127125
39.817,2.36171190900408,2.36171190900408
39.849,2.33406273803147,2.33406273803147
39.85,2.33306209969135,2.33306209969135
39.899,2.28226766258553,2.28226766258553
39.9,2.2811951129377,2.2811951129377
39.949,2.22687985957096,2.22687985957096
39.95,2.22573546010179,2.22573546010179
39.999,2.1678995654905,2.1678995654905
