tau,du
0.0000,0.0000
0.0050,-0.0101
0.0100,-0.0094
0.0150,-0.0064
0.0200,-0.0028
0.0250,0.0010
0.0300,0.0048
0.0350,0.0086
0.0400,0.0125
0.0450,0.0164
0.0500,0.0203
0.0550,0.0242
0.0600,0.0282
0.0650,0.0322
0.0700,0.0363
0.0750,0.0404
0.0800,0.0445
0.0850,0.0486
0.0900,0.0528
0.0950,0.0569
0.1000,0.0612
0.1050,0.0654
0.1100,0.0697
0.1150,0.0740
0.1200,0.0783
0.1250,0.0827
0.1300,0.0871
0.1350,0.0915
0.1400,0.0960
0.1450,0.1005
0.1500,0.1050
0.1550,0.1095
0.1600,0.1141
0.1650,0.1187
0.1700,0.1234
0.1750,0.1280
0.1800,0.1327
0.1850,0.1374
0.1900,0.1422
0.1950,0.1470
0.2000,0.1518
0.2050,0.1566
0.2100,0.1615
0.2150,0.1664
0.2200,0.1713
0.2250,0.1763
0.2300,0.1812
0.2350,0.1863
0.2400,0.1913
0.2450,0.1964
0.2500,0.2015
0.2550,0.2066
0.2600,0.2118
0.2650,0.2170
0.2700,0.2222
0.2750,0.2274
0.2800,0.2327
0.2850,0.2380
0.2900,0.2434
0.2950,0.2487
0.3000,0.2541
0.3050,0.2595
0.3100,0.2650
0.3150,0.2705
0.3200,0.2760
0.3250,0.2816
0.3300,0.2871
0.3350,0.2927
0.3400,0.2984
0.3450,0.3040
0.3500,0.3097
0.3550,0.3154
0.3600,0.3212
0.3650,0.3270
0.3700,0.3328
nan,nan
0.0000,-0.0000
0.0050,-0.0112
0.0100,-0.0102
0.0150,-0.0066
0.0200,-0.0023
0.0250,0.0022
0.0300,0.0067
0.0350,0.0112
0.0400,0.0158
0.0450,0.0204
0.0500,0.0250
0.0550,0.0297
0.0600,0.0344
0.0650,0.0392
0.0700,0.0440
0.0750,0.0488
0.0800,0.0537
0.0850,0.0585
0.0900,0.0635
0.0950,0.0684
0.1000,0.0734
0.1050,0.0784
0.1100,0.0835
0.1150,0.0886
0.1200,0.0937
0.1250,0.0989
0.1300,0.1041
0.1350,0.1093
0.1400,0.1145
0.1450,0.1198
0.1500,0.1252
0.1550,0.1305
0.1600,0.1359
0.1650,0.1413
0.1700,0.1468
0.1750,0.1523
0.1800,0.1578
0.1850,0.1634
0.1900,0.1690
0.1950,0.1746
0.2000,0.1803
0.2050,0.1860
0.2100,0.1917
0.2150,0.1975
0.2200,0.2033
0.2250,0.2092
0.2300,0.2150
0.2350,0.2209
0.2400,0.2269
0.2450,0.2328
0.2500,0.2388
0.2550,0.2449
0.2600,0.2510
0.2650,0.2571
0.2700,0.2632
0.2750,0.2694
0.2800,0.2756
0.2850,0.2818
0.2900,0.2881
0.2950,0.2944
0.3000,0.3008
0.3050,0.3072
0.3100,0.3136
0.3150,0.3200
0.3200,0.3265
0.3250,0.3330
0.3300,0.3396
nan,nan
0.0000,0.0000
0.0050,-0.0052
0.0100,-0.0037
0.0150,-0.0006
0.0200,0.0028
0.0250,0.0063
0.0300,0.0098
0.0350,0.0134
0.0400,0.0170
0.0450,0.0207
0.0500,0.0244
0.0550,0.0281
0.0600,0.0318
0.0650,0.0356
0.0700,0.0394
0.0750,0.0432
0.0800,0.0470
0.0850,0.0509
0.0900,0.0548
0.0950,0.0587
0.1000,0.0627
0.1050,0.0667
0.1100,0.0707
0.1150,0.0747
0.1200,0.0788
0.1250,0.0829
0.1300,0.0870
0.1350,0.0912
0.1400,0.0954
0.1450,0.0996
0.1500,0.1038
0.1550,0.1081
0.1600,0.1124
0.1650,0.1167
0.1700,0.1211
0.1750,0.1254
0.1800,0.1299
0.1850,0.1343
0.1900,0.1388
0.1950,0.1433
0.2000,0.1478
0.2050,0.1523
0.2100,0.1569
0.2150,0.1615
0.2200,0.1662
0.2250,0.1708
0.2300,0.1755
0.2350,0.1802
0.2400,0.1850
0.2450,0.1898
0.2500,0.1946
0.2550,0.1994
0.2600,0.2043
0.2650,0.2092
0.2700,0.2141
0.2750,0.2190
0.2800,0.2240
0.2850,0.2290
0.2900,0.2340
0.2950,0.2391
0.3000,0.2442
0.3050,0.2493
0.3100,0.2544
0.3150,0.2596
0.3200,0.2648
0.3250,0.2700
0.3300,0.2753
0.3350,0.2806
0.3400,0.2859
0.3450,0.2912
0.3500,0.2966
0.3550,0.3020
0.3600,0.3074
0.3650,0.3129
0.3700,0.3184
0.3750,0.3239
0.3800,0.3294
0.3850,0.3350
0.3900,0.3406
0.3950,0.3462
0.4000,0.3519
nan,nan
0.0000,-0.0000
0.0050,-0.0018
0.0100,0.0013
0.0150,0.0055
0.0200,0.0099
0.0250,0.0144
0.0300,0.0190
0.0350,0.0236
0.0400,0.0283
0.0450,0.0329
0.0500,0.0376
0.0550,0.0424
0.0600,0.0471
0.0650,0.0520
0.0700,0.0568
0.0750,0.0617
0.0800,0.0666
0.0850,0.0715
0.0900,0.0765
0.0950,0.0815
0.1000,0.0866
0.1050,0.0916
0.1100,0.0968
0.1150,0.1019
0.1200,0.1071
0.1250,0.1123
0.1300,0.1175
0.1350,0.1228
0.1400,0.1281
0.1450,0.1335
0.1500,0.1389
0.1550,0.1443
0.1600,0.1498
0.1650,0.1552
0.1700,0.1608
0.1750,0.1663
0.1800,0.1719
0.1850,0.1775
0.1900,0.1832
0.1950,0.1889
0.2000,0.1946
0.2050,0.2003
0.2100,0.2061
0.2150,0.2120
0.2200,0.2178
0.2250,0.2237
0.2300,0.2296
0.2350,0.2356
0.2400,0.2416
0.2450,0.2476
0.2500,0.2537
0.2550,0.2598
0.2600,0.2659
0.2650,0.2721
0.2700,0.2783
0.2750,0.2845
0.2800,0.2908
0.2850,0.2971
0.2900,0.3034
0.2950,0.3098
0.3000,0.3162
0.3050,0.3226
0.3100,0.3291
0.3150,0.3356
0.3200,0.3421
nan,nan
0.0000,0.0000
0.0050,-0.0040
0.0100,-0.0020
0.0150,0.0014
0.0200,0.0051
0.0250,0.0088
0.0300,0.0127
0.0350,0.0165
0.0400,0.0204
0.0450,0.0243
0.0500,0.0283
0.0550,0.0323
0.0600,0.0363
0.0650,0.0403
0.0700,0.0444
0.0750,0.0485
0.0800,0.0526
0.0850,0.0567
0.0900,0.0609
0.0950,0.0651
0.1000,0.0694
0.1050,0.0737
0.1100,0.0780
0.1150,0.0823
0.1200,0.0867
0.1250,0.0911
0.1300,0.0955
0.1350,0.0999
0.1400,0.1044
0.1450,0.1089
0.1500,0.1135
0.1550,0.1180
0.1600,0.1226
0.1650,0.1273
0.1700,0.1319
0.1750,0.1366
0.1800,0.1413
0.1850,0.1461
0.1900,0.1508
0.1950,0.1556
0.2000,0.1605
0.2050,0.1653
0.2100,0.1702
0.2150,0.1752
0.2200,0.1801
0.2250,0.1851
0.2300,0.1901
0.2350,0.1952
0.2400,0.2002
0.2450,0.2053
0.2500,0.2105
0.2550,0.2156
0.2600,0.2208
0.2650,0.2260
0.2700,0.2313
0.2750,0.2366
0.2800,0.2419
0.2850,0.2472
0.2900,0.2526
0.2950,0.2580
0.3000,0.2634
0.3050,0.2688
0.3100,0.2743
0.3150,0.2798
0.3200,0.2854
0.3250,0.2910
0.3300,0.2966
0.3350,0.3022
0.3400,0.3079
0.3450,0.3136
0.3500,0.3193
0.3550,0.3250
0.3600,0.3308
0.3650,0.3366
0.3700,0.3425
nan,nan
