ciclo,atasc,os,erampa,kK,alpha
0.11338,0.5689,32.98,4.8036,0.5000,0.2500
0.10904,0.4542,33.32,4.1459,0.5000,0.3299
0.09548,0.3851,33.88,2.7661,0.5000,0.4353
0.09315,0.3113,34.72,2.2382,0.5000,0.5743
0.08185,0.2599,36.12,1.7629,0.5000,0.7579
0.07190,0.2157,38.08,1.1347,0.5000,1.0000
0.08950,0.6394,27.95,2.6768,0.5981,0.2500
0.08537,0.4520,28.58,1.7705,0.5981,0.3299
0.07745,0.3866,29.38,2.0947,0.5981,0.4353
0.07103,0.3435,30.31,1.5350,0.5981,0.5743
0.06867,0.2752,31.63,1.6409,0.5981,0.7579
0.05673,0.2403,33.42,1.0459,0.5981,1.0000
0.07263,0.6478,24.37,3.3744,0.7155,0.2500
0.06748,0.5508,25.06,1.9070,0.7155,0.3299
0.06136,0.4464,25.98,2.0118,0.7155,0.4353
0.05744,0.3407,27.03,1.2702,0.7155,0.5743
0.05282,0.2934,28.30,1.0173,0.7155,0.7579
0.04533,0.2534,29.99,0.9349,0.7155,1.0000
0.05862,0.6515,21.50,2.3017,0.8559,0.2500
0.05665,0.5490,22.53,1.6731,0.8559,0.3299
0.04973,0.4505,23.43,1.4476,0.8559,0.4353
0.04577,0.3602,24.58,1.0701,0.8559,0.5743
0.04207,0.3094,25.89,0.6378,0.8559,0.7579
0.03690,0.2540,27.49,0.5077,0.8559,1.0000
0.04921,0.6617,19.52,1.8810,1.0000,0.2500
0.04699,0.5578,20.65,1.5028,1.0000,0.3299
0.04329,0.4751,21.69,1.2599,1.0000,0.4353
0.03819,0.3739,22.91,0.8491,1.0000,0.5743
0.03628,0.3179,24.27,0.6529,1.0000,0.7579
0.03090,0.2593,25.85,0.5557,1.0000,1.0000
0.04928,0.6508,19.25,1.9246,1.0238,0.2500
0.04524,0.5523,20.36,1.1594,1.0238,0.3299
0.04165,0.4768,21.51,1.0802,1.0238,0.4353
0.03876,0.3696,22.70,0.8055,1.0238,0.5743
0.03365,0.3230,24.05,0.5557,1.0238,0.7579
0.03025,0.2611,25.63,0.4553,1.0238,1.0000
0.04005,0.7182,17.54,1.6704,1.2247,0.2500
0.03898,0.5601,18.71,1.0284,1.2247,0.3299
0.03459,0.4843,19.92,0.8245,1.2247,0.4353
0.03126,0.3746,21.21,0.5798,1.2247,0.5743
0.02757,0.3327,22.64,0.4067,1.2247,0.7579
0.03224,0.6592,16.18,1.2638,1.4651,0.2500
0.03127,0.6054,17.37,1.0302,1.4651,0.3299
0.02806,0.4789,18.71,0.8078,1.4651,0.4353
0.02595,0.3854,20.06,0.6493,1.4651,0.5743
0.02336,0.3458,21.53,0.4485,1.4651,0.7579
0.02709,0.8126,15.06,1.0766,1.7526,0.2500
0.02550,0.6072,16.35,0.7290,1.7526,0.3299
0.02391,0.4863,17.72,0.6424,1.7526,0.4353
0.02169,0.4028,19.17,0.4641,1.7526,0.5743
0.02289,0.8171,14.13,0.9294,2.0965,0.2500
0.02086,0.6136,15.53,0.6861,2.0965,0.3299
0.01924,0.5301,16.92,0.5513,2.0965,0.4353
0.01340,0.3485,19.33,0.2283,2.5079,0.7579
