t,y
0,0
0.000500417014178482,0.00512474605094946
0.00100083402835696,0.0195324521341117
0.00150125104253545,0.0418586912057814
0.00200166805671393,0.0708503270739537
0.00250208507089241,0.105361867321241
0.00300250208507089,0.144351339688168
0.00350291909924937,0.186875792497175
0.00400333611342786,0.232086509627085
0.00450375312760634,0.279224021012269
0.00500417014178482,0.327612980654021
0.0055045871559633,0.37665697570104
0.00600500417014178,0.425833322282448
0.00650542118432027,0.474687896456637
0.00700583819849875,0.522830041863958
0.00750625521267723,0.569927589428791
0.00800667222685571,0.615702018731501
0.0085070892410342,0.659923785445414
0.00900750625521268,0.702407834488164
0.00950792326939116,0.743009314249106
0.0100083402835696,0.781619503402041
0.0105087572977481,0.818161958371682
0.0110091743119266,0.852588886468885
0.0115095913261051,0.884877747019273
0.0120100083402836,0.915028080458092
0.0125104253544621,0.943058563326728
0.0130108423686405,0.969004285359636
0.013511259382819,0.992914243371157
0.0140116763969975,1.01484904541741
0.014512093411176,1.03487881769752
0.0150125104253545,1.05308130584995
0.0155129274395329,1.06954016167406
0.0160133444537114,1.08434340584496
0.0165137614678899,1.0975820568744
0.0170141784820684,1.10934891638374
0.0175145954962469,1.11973750068306
0.0180150125104254,1.12884110867692
0.0185154295246038,1.13675201623006
0.0190158465387823,1.14356078731231
0.0195162635529608,1.14935569248942
0.0200166805671393,1.15422222562595
0.0205170975813178,1.15824271000694
0.0210175145954962,1.16149598545953
0.0215179316096747,1.16405716845484
0.0220183486238532,1.16599747758862
0.0225187656380317,1.16738411726922
0.0230191826522102,1.16828021287833
0.0235195996663887,1.16874479110875
0.0240200166805671,1.16883279962012
0.0245204336947456,1.16859516058408
0.0250208507089241,1.16807885311233
0.0255212677231026,1.167327019971
0.0260216847372811,1.16637909438167
0.0265221017514595,1.16527094309033
0.027022518765638,1.16403502225021
0.0275229357798165,1.16270054301113
0.028023352793995,1.16129364403596
0.0285237698081735,1.15983756847456
0.029024186822352,1.15835284321502
0.0295246038365304,1.15685745850337
0.0300250208507089,1.15536704627422
0.0305254378648874,1.1538950557681
0.0310258548790659,1.15245292522567
0.0315262718932444,1.15105024864559
0.0320266889074228,1.14969493677271
0.0325271059216013,1.14839337164588
0.0330275229357798,1.14715055418229
0.0335279399499583,1.14597024440701
0.0340283569641368,1.1448550940551
0.0345287739783153,1.14380677137783
0.0350291909924937,1.14282607807724
0.0355296080066722,1.14191305837367
0.0360300250208507,1.14106710028071
0.0365304420350292,1.14028702922199
0.0370308590492077,1.13957119417459
0.0375312760633862,1.13891754656644
0.0380316930775646,1.13832371218906
0.0385321100917431,1.13778705641518
0.0390325271059216,1.13730474303164
0.0395329441201001,1.13687378701379
0.0400333611342786,1.13649110157834
0.0405337781484571,1.13615353985773
0.0410341951626355,1.13585793154144
0.041534612176814,1.13560111482858
0.0420350291909925,1.13537996403209
0.042535446205171,1.13519141316839
0.0430358632193495,1.13503247585749
0.0435362802335279,1.1349002618484
0.0440366972477064,1.13479199047271
0.0445371142618849,1.13470500131632
0.0450375312760634,1.13463676238535
0.0455379482902419,1.13458487602797
0.0460383653044203,1.13454708285893
0.0465387823185988,1.13452126391844
0.0470391993327773,1.1345054412821
0.0475396163469558,1.13449777732325
0.0480400333611343,1.13449657281437
0.0485404503753128,1.13450026403987
0.0490408673894912,1.13450741907786
0.0495412844036697,1.13451673339558
0.0500417014178482,1.13452702488942
0.0505421184320267,1.13453722848817
0.0510425354462052,1.13454639042636
0.0515429524603837,1.13455366228282
0.0520433694745621,1.13455829486943
0.0525437864887406,1.13455963204466
0.0530442035029191,1.13455710451749
0.0535446205170976,1.13455022369835
0.0540450375312761,1.13453857564601
0.0545454545454545,1.13452181515172
0.055045871559633,1.13449965999534
0.0555462885738115,1.13447188540184
0.05604670558799,1.13443831872111
0.0565471226021685,1.13439883434896
0.0570475396163469,1.13435334890241
0.0575479566305254,1.13430181665869
0.0580483736447039,1.13424422526355
0.0585487906588824,1.13418059171127
0.0590492076730609,1.13411095859609
0.0595496246872394,1.13403539063253
0.0600500417014178,1.13395397143968
0.0605504587155963,1.13386680058307
0.0610508757297748,1.13377399086626
0.0615512927439533,1.13367566586303
0.0620517097581318,1.13357195768008
0.0625521267723103,1.1334630049396
0.0630525437864887,1.13334895097037
0.0635529608006672,1.13322994219577
0.0640533778148457,1.13310612670674
0.0645537948290242,1.132977653008
0.0650542118432027,1.1328446689254
0.0655546288573811,1.13270732066283
0.0660550458715596,1.13256575199705
0.0665554628857381,1.13242010359943
0.0670558798999166,1.13227051247349
0.0675562969140951,1.13211711149803
0.0680567139282736,1.13196002906579
0.068557130942452,1.13179938880803
0.0690575479566305,1.13163530939628
0.069557964970809,1.13146790441243
0.0700583819849875,1.13129728227946
0.070558798999166,1.1311235462453
0.0710592160133445,1.13094679441273
0.0715596330275229,1.13076711980915
0.0720600500417014,1.13058461049009
0.0725604670558799,1.1303993496712
0.0730608840700584,1.13021141588362
0.0735613010842369,1.13002088314832
0.0740617180984153,1.12982782116531
0.0745621351125938,1.12963229551402
0.0750625521267723,1.12943436786166
0.0755629691409508,1.12923409617653
0.0760633861551293,1.1290315349439
0.0765638031693077,1.12882673538195
0.0770642201834862,1.12861974565613
0.0775646371976647,1.12841061109001
0.0780650542118432,1.12819937437137
0.0785654712260217,1.12798607575226
0.0790658882402002,1.12777075324209
0.0795663052543786,1.12755344279294
0.0800667222685571,1.12733417847656
0.0805671392827356,1.12711299265249
0.0810675562969141,1.1268899161271
0.0815679733110926,1.12666497830327
0.0820683903252711,1.12643820732071
0.0825688073394495,1.12620963018692
0.083069224353628,1.12597927289875
0.0835696413678065,1.125747160555
0.084070058381985,1.12551331746
0.0845704753961635,1.12527776721862
0.085070892410342,1.125040532823
0.0855713094245204,1.12480163673127
0.0860717264386989,1.12456110093874
0.0865721434528774,1.12431894704187
0.0870725604670559,1.12407519629543
0.0875729774812344,1.12382986966336
0.0880733944954128,1.12358298786353
0.0885738115095913,1.12333457140709
0.0890742285237698,1.12308464063254
0.0895746455379483,1.12283321573512
0.0900750625521268,1.12258031679177
0.0905754795663053,1.1223259637822
0.0910758965804837,1.12207017660616
0.0915763135946622,1.12181297509758
0.0920767306088407,1.12155437903562
0.0925771476230192,1.12129440815314
0.0930775646371977,1.12103308214277
0.0935779816513762,1.1207704206609
0.0940783986655546,1.12050644332986
0.0945788156797331,1.12024116973845
0.0950792326939116,1.11997461944114
0.0955796497080901,1.11970681195611
0.0960800667222685,1.11943776676226
0.096580483736447,1.11916750329544
0.0970809007506255,1.11889604094403
0.097581317764804,1.11862339904395
0.0980817347789825,1.11834959687336
0.098582151793161,1.11807465364698
0.0990825688073394,1.11779858851032
0.0995829858215179,1.11752142053379
0.100083402835696,1.11724316870673
0.100583819849875,1.1169638519316
0.101084236864053,1.11668348901819
0.101584653878232,1.11640209867806
0.10208507089241,1.1161196995191
0.102585487906589,1.11583631004037
0.103085904920767,1.11555194862722
0.103586321934946,1.11526663354661
0.104086738949124,1.11498038294282
0.104587155963303,1.11469321483338
0.105087572977481,1.11440514710536
0.10558798999166,1.11411619751197
0.106088407005838,1.11382638366945
0.106588824020017,1.1135357230543
0.107089241034195,1.11324423300078
0.107589658048374,1.11295193069874
0.108090075062552,1.11265883319174
0.108590492076731,1.11236495737535
0.109090909090909,1.1120703199959
0.109591326105088,1.11177493764928
0.110091743119266,1.11147882678013
0.110592160133445,1.11118200368116
0.111092577147623,1.11088448449273
0.111592994161801,1.1105862852026
0.11209341117598,1.11028742164587
0.112593828190158,1.10998790950509
0.113094245204337,1.10968776431053
0.113594662218515,1.10938700144058
0.114095079232694,1.10908563612228
0.114595496246872,1.10878368343193
0.115095913261051,1.10848115829593
0.115596330275229,1.10817807549151
0.116096747289408,1.10787444964775
0.116597164303586,1.10757029524652
0.117097581317765,1.10726562662357
0.117597998331943,1.10696045796961
0.118098415346122,1.10665480333151
0.1185988323603,1.10634867661347
0.119099249374479,1.10604209157827
0.119599666388657,1.10573506184849
0.120100083402836,1.1054276009078
0.120600500417014,1.10511972210228
0.121100917431193,1.10481143864166
0.121601334445371,1.10450276360066
0.12210175145955,1.10419370992026
0.122602168473728,1.10388429040905
0.123102585487907,1.10357451774447
0.123603002502085,1.10326440447413
0.124103419516264,1.10295396301707
0.124603836530442,1.10264320566504
0.125104253544621,1.10233214458374
0.125604670558799,1.10202079181406
0.126105087572977,1.10170915927329
0.126605504587156,1.10139725875637
0.127105921601334,1.101085101937
0.127606338615513,1.10077270036886
0.128106755629691,1.10046006548677
0.12860717264387,1.10014720860779
0.129107589658048,1.09983414093233
0.129608006672227,1.09952087354527
0.130108423686405,1.09920741741705
0.130608840700584,1.09889378340467
0.131109257714762,1.09857998225279
0.131609674728941,1.09826602459474
0.132110091743119,1.0979519209535
0.132610508757298,1.09763768174272
0.133110925771476,1.09732331726769
0.133611342785655,1.0970088377263
0.134111759799833,1.09669425320999
0.134612176814012,1.09637957370466
0.13511259382819,1.09606480909162
0.135613010842369,1.09574996914846
0.136113427856547,1.09543506354998
0.136613844870726,1.09512010186904
0.137114261884904,1.09480509357744
0.137614678899083,1.09449004804678
0.138115095913261,1.0941749745493
0.13861551292744,1.09385988225872
0.139115929941618,1.09354478025108
0.139616346955796,1.09322967750554
0.140116763969975,1.09291458290517
0.140617180984153,1.09259950523781
0.141117597998332,1.09228445319681
0.14161801501251,1.09196943538183
0.142118432026689,1.09165446029962
0.142618849040867,1.09133953636479
0.143119266055046,1.09102467190057
0.143619683069224,1.09070987513956
0.144120100083403,1.09039515422448
0.144620517097581,1.09008051720894
0.14512093411176,1.08976597205812
0.145621351125938,1.08945152664957
0.146121768140117,1.08913718877386
0.146622185154295,1.08882296613538
0.147122602168474,1.08850886635299
0.147623019182652,1.08819489696075
0.148123436196831,1.08788106540861
0.148623853211009,1.08756737906317
0.149124270225188,1.08725384520826
0.149624687239366,1.08694047104574
0.150125104253545,1.08662726369611
0.150625521267723,1.08631423019922
0.151125938281902,1.08600137751493
0.15162635529608,1.08568871252378
0.152126772310259,1.08537624202767
0.152627189324437,1.08506397275048
0.153127606338615,1.08475191133877
0.153628023352794,1.08444006436239
0.154128440366972,1.08412843831515
0.154628857381151,1.08381703961546
0.155129274395329,1.08350587460694
0.155629691409508,1.08319494955907
0.156130108423686,1.08288427066782
0.156630525437865,1.08257384405627
0.157130942452043,1.08226367577521
0.157631359466222,1.08195377180378
0.1581317764804,1.08164413805004
0.158632193494579,1.08133478035163
0.159132610508757,1.08102570447631
0.159633027522936,1.0807169161226
0.160133444537114,1.08040842092034
0.160633861551293,1.0801002244313
0.161134278565471,1.07979233214975
0.16163469557965,1.07948474950303
0.162135112593828,1.07917748185215
0.162635529608007,1.07887053449232
0.163135946622185,1.07856391265355
0.163636363636364,1.07825762150119
0.164136780650542,1.07795166613651
0.164637197664721,1.07764605159721
0.165137614678899,1.07734078285801
0.165638031693078,1.07703586483117
0.166138448707256,1.07673130236705
0.166638865721435,1.07642710025461
0.167139282735613,1.07612326322198
0.167639699749791,1.07581979593697
0.16814011676397,1.07551670300758
0.168640533778148,1.07521398898256
0.169140950792327,1.07491165835186
0.169641367806505,1.07460971554722
0.170141784820684,1.07430816494261
0.170642201834862,1.07400701085478
0.171142618849041,1.07370625754372
0.171643035863219,1.0734059092132
0.172143452877398,1.07310597001121
0.172643869891576,1.07280644403049
0.173144286905755,1.07250733530901
0.173644703919933,1.07220864783042
0.174145120934112,1.07191038552456
0.17464553794829,1.07161255226792
0.175145954962469,1.07131515188411
0.175646371976647,1.07101818814432
0.176146788990826,1.07072166476779
0.176647206005004,1.07042558542226
0.177147623019183,1.07012995372443
0.177648040033361,1.06983477324043
0.17814845704754,1.06954004748624
0.178648874061718,1.06924577992813
0.179149291075897,1.06895197398312
0.179649708090075,1.06865863301944
0.180150125104254,1.0683657603569
0.180650542118432,1.06807335926737
0.181150959132611,1.0677814329752
0.181651376146789,1.06748998465764
0.182151793160967,1.06719901744524
0.182652210175146,1.0669085344223
0.183152627189324,1.06661853862728
0.183653044203503,1.06632903305317
0.184153461217681,1.06604002064797
0.18465387823186,1.06575150431501
0.185154295246038,1.06546348691342
0.185654712260217,1.0651759712585
0.186155129274395,1.0648889601221
0.186655546288574,1.06460245623306
0.187155963302752,1.06431646227754
0.187656380316931,1.06403098089943
0.188156797331109,1.06374601470077
0.188657214345288,1.06346156624206
0.189157631359466,1.06317763804269
0.189658048373645,1.06289423258129
0.190158465387823,1.06261135229611
0.190658882402002,1.06232899958539
0.19115929941618,1.06204717680771
0.191659716430359,1.06176588628237
0.192160133444537,1.06148513028972
0.192660550458716,1.06120491107158
0.193160967472894,1.06092523083152
0.193661384487073,1.06064609173524
0.194161801501251,1.06036749591094
0.19466221851543,1.06008944544963
0.195162635529608,1.05981194240549
0.195663052543786,1.05953498879623
0.196163469557965,1.05925858660337
0.196663886572143,1.05898273777264
0.197164303586322,1.05870744421426
0.1976647206005,1.05843270780331
0.198165137614679,1.05815853038004
0.198665554628857,1.05788491375016
0.199165971643036,1.05761185968523
0.199666388657214,1.05733936992293
0.200166805671393,1.05706744616739
0.200667222685571,1.05679609008949
0.20116763969975,1.05652530332721
0.201668056713928,1.0562550874859
0.202168473728107,1.05598544413859
0.202668890742285,1.05571637482633
0.203169307756464,1.05544788105844
0.203669724770642,1.05517996431285
0.204170141784821,1.05491262603638
0.204670558798999,1.05464586764504
0.205170975813178,1.05437969052431
0.205671392827356,1.05411409602945
0.206171809841535,1.05384908548577
0.206672226855713,1.05358466018892
0.207172643869892,1.05332082140518
0.20767306088407,1.05305757037173
0.208173477898249,1.05279490829694
0.208673894912427,1.05253283636063
0.209174311926605,1.05227135571438
0.209674728940784,1.05201046748174
0.210175145954962,1.05175017275857
0.210675562969141,1.05149047261324
0.211175979983319,1.05123136808695
0.211676396997498,1.05097286019398
0.212176814011676,1.05071494992192
0.212677231025855,1.05045763823197
0.213177648040033,1.05020092605917
0.213678065054212,1.04994481431267
0.21417848206839,1.04968930387596
0.214678899082569,1.04943439560717
0.215179316096747,1.04918009033925
0.215679733110926,1.04892638888029
0.216180150125104,1.04867329201369
0.216680567139283,1.04842080049846
0.217180984153461,1.04816891506946
0.21768140116764,1.04791763643758
0.218181818181818,1.04766696529005
0.218682235195997,1.04741690229064
0.219182652210175,1.04716744807987
0.219683069224354,1.04691860327529
0.220183486238532,1.04667036847168
0.220683903252711,1.04642274424129
0.221184320266889,1.04617573113406
0.221684737281068,1.04592932967782
0.222185154295246,1.04568354037857
0.222685571309425,1.04543836372063
0.223185988323603,1.04519380016693
0.223686405337781,1.04494985015917
0.22418682235196,1.04470651411806
0.224687239366138,1.04446379244353
0.225187656380317,1.04422168551494
0.225688073394495,1.04398019369128
0.226188490408674,1.0437393173114
0.226688907422852,1.04349905669421
0.227189324437031,1.04325941213886
0.227689741451209,1.04302038392498
0.228190158465388,1.04278197231285
0.228690575479566,1.04254417754362
0.229190992493745,1.0423069998395
0.229691409507923,1.04207043940396
0.230191826522102,1.0418344964219
0.23069224353628,1.0415991710599
0.231192660550459,1.04136446346636
0.231693077564637,1.04113037377169
0.232193494578816,1.04089690208854
0.232693911592994,1.04066404851195
0.233194328607173,1.04043181311956
0.233694745621351,1.04020019597175
0.23419516263553,1.03996919711188
0.234695579649708,1.03973881656645
0.235195996663887,1.03950905434525
0.235696413678065,1.03927991044157
0.236196830692244,1.03905138483238
0.236697247706422,1.03882347747847
0.2371976647206,1.03859618832466
0.237698081734779,1.03836951729996
0.238198498748957,1.03814346431773
0.238698915763136,1.03791802927586
0.239199332777314,1.03769321205694
0.239699749791493,1.03746901252842
0.240200166805671,1.03724543054276
0.24070058381985,1.03702246593765
0.241201000834028,1.03680011853608
0.241701417848207,1.0365783881466
0.242201834862385,1.03635727456341
0.242702251876564,1.03613677756654
0.243202668890742,1.03591689692202
0.243703085904921,1.035697632382
0.244203502919099,1.03547898368496
0.244703919933278,1.03526095055581
0.245204336947456,1.03504353270607
0.245704753961635,1.034826729834
0.246205170975813,1.03461054162479
0.246705587989992,1.03439496775064
0.24720600500417,1.03418000787099
0.247706422018349,1.03396566163259
0.248206839032527,1.03375192866969
0.248707256046706,1.03353880860417
0.249207673060884,1.03332630104567
0.249708090075063,1.03311440559176
0.250208507089241,1.03290312182805
0.250708924103419,1.03269244932833
0.251209341117598,1.03248238765474
0.251709758131776,1.03227293635787
0.252210175145955,1.03206409497689
0.252710592160133,1.03185586303974
0.253211009174312,1.03164824006318
0.25371142618849,1.031441225553
0.254211843202669,1.03123481900409
0.254712260216847,1.03102901990061
0.255212677231026,1.03082382771609
0.255713094245204,1.03061924191359
0.256213511259383,1.03041526194577
0.256713928273561,1.03021188725507
0.25721434528774,1.03000911727383
0.257714762301918,1.02980695142436
0.258215179316097,1.02960538911912
0.258715596330275,1.02940442976082
0.259216013344454,1.02920407274253
0.259716430358632,1.0290043174478
0.260216847372811,1.02880516325079
0.260717264386989,1.02860660951639
0.261217681401168,1.02840865560031
0.261718098415346,1.02821130084921
0.262218515429525,1.02801454460083
0.262718932443703,1.02781838618407
0.263219349457882,1.02762282491913
0.26371976647206,1.02742786011759
0.264220183486239,1.02723349108255
0.264720600500417,1.02703971710873
0.265221017514595,1.02684653748256
0.265721434528774,1.02665395148232
0.266221851542952,1.02646195837822
0.266722268557131,1.02627055743249
0.267222685571309,1.02607974789954
0.267723102585488,1.025889529026
0.268223519599666,1.02569990005087
0.268723936613845,1.02551086020559
0.269224353628023,1.02532240871417
0.269724770642202,1.02513454479325
0.27022518765638,1.02494726765224
0.270725604670559,1.02476057649338
0.271226021684737,1.02457447051187
0.271726438698916,1.02438894889595
0.272226855713094,1.024204010827
0.272727272727273,1.02401965547962
0.273227689741451,1.02383588202174
0.27372810675563,1.02365268961472
0.274228523769808,1.02347007741341
0.274728940783987,1.02328804456627
0.275229357798165,1.02310659021546
0.275729774812344,1.02292571349692
0.276230191826522,1.02274541354043
0.276730608840701,1.02256568946977
0.277231025854879,1.02238654040274
0.277731442869058,1.02220796545127
0.278231859883236,1.02202996372153
0.278732276897414,1.02185253431396
0.279232693911593,1.0216756763234
0.279733110925771,1.02149938883917
0.28023352793995,1.02132367094513
0.280733944954128,1.02114852171977
0.281234361968307,1.0209739402363
0.281734778982485,1.02079992556273
0.282235195996664,1.02062647676193
0.282735613010842,1.02045359289175
0.283236030025021,1.02028127300504
0.283736447039199,1.02010951614979
0.284236864053378,1.01993832136914
0.284737281067556,1.01976768770154
0.285237698081735,1.01959761418074
0.285738115095913,1.01942809983591
0.286238532110092,1.01925914369171
0.28673894912427,1.01909074476838
0.287239366138449,1.01892290208176
0.287739783152627,1.01875561464341
0.288240200166806,1.01858888146068
0.288740617180984,1.01842270153674
0.289241034195163,1.01825707387069
0.289741451209341,1.01809199745764
0.29024186822352,1.01792747128871
0.290742285237698,1.01776349435119
0.291242702251877,1.01760006562852
0.291743119266055,1.01743718410044
0.292243536280234,1.01727484874297
0.292743953294412,1.01711305852857
0.29324437030859,1.01695181242611
0.293744787322769,1.01679110940101
0.294245204336947,1.01663094841527
0.294745621351126,1.01647132842753
0.295246038365304,1.01631224839313
0.295746455379483,1.01615370726422
0.296246872393661,1.01599570398974
0.29674728940784,1.01583823751556
0.297247706422018,1.01568130678448
0.297748123436197,1.01552491073633
0.298248540450375,1.01536904830801
0.298748957464554,1.01521371843357
0.299249374478732,1.01505892004421
0.299749791492911,1.01490465206843
0.300250208507089,1.014750913432
0.300750625521268,1.01459770305808
0.301251042535446,1.01444501986721
0.301751459549625,1.01429286277746
0.302251876563803,1.01414123070438
0.302752293577982,1.01399012256113
0.30325271059216,1.0138395372585
0.303753127606339,1.01368947370497
0.304253544620517,1.01353993080678
0.304753961634696,1.01339090746795
0.305254378648874,1.01324240259035
0.305754795663053,1.01309441507375
0.306255212677231,1.01294694381588
0.30675562969141,1.01279998771248
0.307256046705588,1.0126535456573
0.307756463719766,1.01250761654225
0.308256880733945,1.01236219925733
0.308757297748123,1.01221729269079
0.309257714762302,1.01207289572909
0.30975813177648,1.01192900725701
0.310258548790659,1.01178562615765
0.310758965804837,1.01164275131251
0.311259382819016,1.01150038160151
0.311759799833194,1.01135851590308
0.312260216847373,1.01121715309415
0.312760633861551,1.01107629205023
0.31326105087573,1.01093593164542
0.313761467889908,1.01079607075252
0.314261884904087,1.010656708243
0.314762301918265,1.01051784298709
0.315262718932444,1.0103794738538
0.315763135946622,1.01024159971098
0.316263552960801,1.01010421942533
0.316763969974979,1.00996733186249
0.317264386989158,1.00983093588704
0.317764804003336,1.00969503036256
0.318265221017515,1.00955961415165
0.318765638031693,1.009424686116
0.319266055045872,1.00929024511642
0.31976647206005,1.00915629001286
0.320266889074229,1.00902281966446
0.320767306088407,1.0088898329296
0.321267723102586,1.00875732866592
0.321768140116764,1.00862530573037
0.322268557130942,1.00849376297924
0.322768974145121,1.0083626992682
0.323269391159299,1.00823211345233
0.323769808173478,1.00810200438617
0.324270225187656,1.00797237092375
0.324770642201835,1.0078432119186
0.325271059216013,1.00771452622383
0.325771476230192,1.00758631269213
0.32627189324437,1.00745857017581
0.326772310258549,1.00733129752686
0.327272727272727,1.00720449359694
0.327773144286906,1.00707815723745
0.328273561301084,1.00695228729954
0.328773978315263,1.00682688263415
0.329274395329441,1.00670194209206
0.32977481234362,1.00657746452387
0.330275229357798,1.00645344878011
0.330775646371977,1.00632989371118
0.331276063386155,1.00620679816747
0.331776480400334,1.00608416099931
0.332276897414512,1.00596198105707
0.332777314428691,1.00584025719114
0.333277731442869,1.00571898825199
0.333778148457048,1.00559817309016
0.334278565471226,1.00547781055635
0.334778982485404,1.00535789950138
0.335279399499583,1.00523843877628
0.335779816513761,1.00511942723228
0.33628023352794,1.00500086372083
0.336780650542118,1.00488274709366
0.337281067556297,1.00476507620281
0.337781484570475,1.00464784990059
0.338281901584654,1.0045310670397
0.338782318598832,1.00441472647319
0.339282735613011,1.00429882705451
0.339783152627189,1.00418336763752
0.340283569641368,1.00406834707656
0.340783986655546,1.0039537642264
0.341284403669725,1.00383961794233
0.341784820683903,1.00372590708016
0.342285237698082,1.00361263049625
0.34278565471226,1.00349978704751
0.343286071726439,1.00338737559146
0.343786488740617,1.00327539498623
0.344286905754796,1.00316384409059
0.344787322768974,1.00305272176398
0.345287739783153,1.0029420268665
0.345788156797331,1.00283175825898
0.34628857381151,1.00272191480298
0.346788990825688,1.00261249536078
0.347289407839867,1.00250349879548
0.347789824854045,1.00239492397093
0.348290241868223,1.00228676975181
0.348790658882402,1.00217903500365
0.34929107589658,1.00207171859281
0.349791492910759,1.00196481938654
0.350291909924937,1.00185833625298
0.350792326939116,1.0017522680612
0.351292743953294,1.00164661368119
0.351793160967473,1.0015413719839
0.352293577981651,1.00143654184126
0.35279399499583,1.00133212212617
0.353294412010008,1.00122811171257
0.353794829024187,1.00112450947541
0.354295246038365,1.0010213142907
0.354795663052544,1.00091852503552
0.355296080066722,1.00081614058801
0.355796497080901,1.00071415982743
0.356296914095079,1.00061258163416
0.356797331109258,1.00051140488971
0.357297748123436,1.00041062847675
0.357798165137615,1.0003102512791
0.358298582151793,1.0002102721818
0.358798999165972,1.00011069007105
0.35929941618015,1.0000115038343
0.359799833194329,0.999912712360231
0.360300250208507,0.99981431453876
0.360800667222686,0.999716309261079
0.361301084236864,0.999618695419659
0.361801501251043,0.999521471908267
0.362301918265221,0.99942463762198
0.362802335279399,0.999328191457203
0.363302752293578,0.999232132311677
0.363803169307756,0.999136459084501
0.364303586321935,0.99904117067614
0.364804003336113,0.998946265988442
0.365304420350292,0.998851743924653
0.36580483736447,0.998757603389425
0.366305254378649,0.998663843288837
0.366805671392827,0.998570462530403
0.367306088407006,0.998477460023087
0.367806505421184,0.998384834677313
0.368306922435363,0.998292585404982
0.368807339449541,0.998200711119484
0.36930775646372,0.998109210735706
0.369808173477898,0.998018083170049
0.370308590492077,0.997927327340438
0.370809007506255,0.997836942166332
0.371309424520434,0.997746926568741
0.371809841534612,0.997657279470231
0.372310258548791,0.997567999794941
0.372810675562969,0.99747908646859
0.373311092577148,0.997390538418492
0.373811509591326,0.997302354573562
0.374311926605505,0.99721453386433
0.374812343619683,0.997127075222953
0.375312760633862,0.997039977583221
0.37581317764804,0.996953239880571
0.376313594662219,0.996866861052095
0.376814011676397,0.99678084003655
0.377314428690575,0.996695175774371
0.377814845704754,0.996609867207676
0.378315262718932,0.996524913280277
0.378815679733111,0.996440312937693
0.379316096747289,0.996356065127153
0.379816513761468,0.99627216879761
0.380316930775646,0.996188622899749
0.380817347789825,0.996105426385994
0.381317764804003,0.996022578210517
0.381818181818182,0.995940077329248
0.38231859883236,0.995857922699884
0.382819015846539,0.995776113281894
0.383319432860717,0.99569464803653
0.383819849874896,0.995613525926833
0.384320266889074,0.995532745917644
0.384820683903253,0.995452306975607
0.385321100917431,0.995372208069181
0.38582151793161,0.995292448168644
0.386321934945788,0.995213026246105
0.386822351959967,0.995133941275506
0.387322768974145,0.99505519223263
0.387823185988324,0.994976778095113
0.388323603002502,0.994898697842444
0.388824020016681,0.994820950455978
0.389324437030859,0.994743534918935
0.389824854045038,0.994666450216415
0.390325271059216,0.994589695335399
0.390825688073394,0.994513269264756
0.391326105087573,0.994437170995251
0.391826522101751,0.994361399519549
0.39232693911593,0.994285953832223
0.392827356130108,0.994210832929756
0.393327773144287,0.994136035810551
0.393828190158465,0.994061561474935
0.394328607172644,0.993987408925163
0.394829024186822,0.993913577165427
0.395329441201001,0.993840065201856
0.395829858215179,0.993766872042525
0.396330275229358,0.993693996697461
0.396830692243536,0.993621438178644
0.397331109257715,0.993549195500015
0.397831526271893,0.993477267677478
0.398331943286072,0.993405653728908
0.39883236030025,0.993334352674153
0.399332777314429,0.993263363535041
0.399833194328607,0.993192685335379
0.400333611342786,0.993122317100964
0.400834028356964,0.993052257859583
0.401334445371143,0.992982506641018
0.401834862385321,0.99291306247705
0.4023352793995,0.992843924401463
0.402835696413678,0.992775091450048
0.403336113427857,0.992706562660605
0.403836530442035,0.992638337072948
0.404336947456213,0.992570413728911
0.404837364470392,0.992502791672347
0.405337781484571,0.992435469949132
0.405838198498749,0.992368447607172
0.406338615512927,0.992301723696401
0.406839032527106,0.992235297268788
0.407339449541284,0.992169167378339
0.407839866555463,0.992103333081098
0.408340283569641,0.992037793435152
0.40884070058382,0.991972547500634
0.409341117597998,0.991907594339723
0.409841534612177,0.991842933016649
0.410341951626355,0.991778562597695
0.410842368640534,0.991714482151199
0.411342785654712,0.991650690747555
0.411843202668891,0.991587187459219
0.412343619683069,0.991523971360709
0.412844036697248,0.991461041528603
0.413344453711426,0.99139839704155
0.413844870725605,0.991336036980263
0.414345287739783,0.991273960427528
0.414845704753962,0.9912121664682
0.41534612176814,0.991150654189209
0.415846538782319,0.991089422679559
0.416346955796497,0.991028471030331
0.416847372810676,0.990967798334685
0.417347789824854,0.990907403687859
0.417848206839033,0.990847286187173
0.418348623853211,0.990787444932027
0.418849040867389,0.990727879023909
0.419349457881568,0.990668587566386
0.419849874895746,0.990609569665116
0.420350291909925,0.99055082442784
0.420850708924103,0.990492350964389
0.421351125938282,0.990434148386681
0.42185154295246,0.990376215808724
0.422351959966639,0.990318552346619
0.422852376980817,0.990261157118553
0.423352793994996,0.990204029244809
0.423853211009174,0.990147167847759
0.424353628023353,0.990090572051872
0.424854045037531,0.990034240983707
0.42535446205171,0.989978173771916
0.425854879065888,0.989922369547249
0.426355296080067,0.989866827442547
0.426855713094245,0.989811546592748
0.427356130108424,0.989756526134882
0.427856547122602,0.989701765208077
0.428356964136781,0.989647262953554
0.428857381150959,0.989593018514631
0.429357798165138,0.98953903103672
0.429858215179316,0.989485299667327
0.430358632193495,0.989431823556055
0.430859049207673,0.989378601854601
0.431359466221852,0.989325633716755
0.43185988323603,0.989272918298403
0.432360300250208,0.989220454757525
0.432860717264387,0.989168242254192
0.433361134278565,0.98911627995057
0.433861551292744,0.989064567010918
0.434361968306922,0.989013102601586
0.434862385321101,0.988961885891015
0.435362802335279,0.988910916049737
0.435863219349458,0.988860192250375
0.436363636363636,0.988809713667641
0.436864053377815,0.988759479478336
0.437364470391993,0.988709488861346
0.437864887406172,0.988659740997647
0.43836530442035,0.988610235070301
0.438865721434529,0.988560970264453
0.439366138448707,0.988511945767333
0.439866555462886,0.988463160768256
0.440366972477064,0.988414614458615
0.440867389491243,0.988366306031887
0.441367806505421,0.988318234683627
0.4418682235196,0.988270399611469
0.442368640533778,0.988222800015126
0.442869057547957,0.988175435096383
0.443369474562135,0.988128304059103
0.443869891576314,0.98808140610922
0.444370308590492,0.988034740454742
0.444870725604671,0.987988306305747
0.445371142618849,0.987942102874378
0.445871559633028,0.987896129374852
0.446371976647206,0.987850385023446
0.446872393661384,0.987804869038505
0.447372810675563,0.987759580640435
0.447873227689741,0.987714519051703
0.44837364470392,0.987669683496836
0.448874061718098,0.987625073202417
0.449374478732277,0.987580687397086
0.449874895746455,0.987536525311538
0.450375312760634,0.987492586178518
0.450875729774812,0.987448869232821
0.451376146788991,0.987405373711294
0.451876563803169,0.987362098852826
0.452376980817348,0.987319043898354
0.452877397831526,0.987276208090854
0.453377814845705,0.987233590675346
0.453878231859883,0.987191190898885
0.454378648874062,0.987149008010566
0.45487906588824,0.987107041261515
0.455379482902419,0.987065289904891
0.455879899916597,0.987023753195883
0.456380316930776,0.986982430391708
0.456880733944954,0.986941320751609
0.457381150959133,0.986900423536849
0.457881567973311,0.986859738010716
0.45838198498749,0.986819263438514
0.458882402001668,0.986778999087564
0.459382819015846,0.986738944227199
0.459883236030025,0.986699098128767
0.460383653044203,0.986659460065622
0.460884070058382,0.986620029313126
0.46138448707256,0.986580805148643
0.461884904086739,0.986541786851541
0.462385321100917,0.986502973703187
0.462885738115096,0.986464364986942
0.463386155129274,0.986425959988163
0.463886572143453,0.986387757994198
0.464386989157631,0.986349758294382
0.46488740617181,0.986311960180039
0.465387823185988,0.986274362944474
0.465888240200167,0.986236965882973
0.466388657214345,0.986199768292801
0.466889074228524,0.986162769473197
0.467389491242702,0.986125968725373
0.467889908256881,0.98608936535251
0.468390325271059,0.986052958659757
0.468890742285238,0.986016747954227
0.469391159299416,0.985980732544992
0.469891576313595,0.985944911743086
0.470391993327773,0.985909284861495
0.470892410341952,0.985873851215159
0.47139282735613,0.985838610120968
0.471893244370309,0.985803560897759
0.472393661384487,0.985768702866311
0.472894078398666,0.985734035349344
0.473394495412844,0.985699557671518
0.473894912427022,0.985665269159426
0.474395329441201,0.985631169141592
0.474895746455379,0.985597256948471
0.475396163469558,0.985563531912441
0.475896580483736,0.985529993367803
0.476396997497915,0.98549664065078
0.476897414512093,0.985463473099509
0.477397831526272,0.985430490054039
0.47789824854045,0.985397690856333
0.478398665554629,0.985365074850256
0.478899082568807,0.98533264138158
0.479399499582986,0.985300389797977
0.479899916597164,0.985268319449016
0.480400333611343,0.985236429686158
0.480900750625521,0.985204719862759
0.4814011676397,0.985173189334059
0.481901584653878,0.985141837457184
0.482402001668057,0.98511066359114
0.482902418682235,0.985079667096811
0.483402835696414,0.985048847336956
0.483903252710592,0.985018203676205
0.484403669724771,0.984987735481055
0.484904086738949,0.984957442119868
0.485404503753128,0.984927322962867
0.485904920767306,0.984897377382133
0.486405337781485,0.9848676047516
0.486905754795663,0.984838004447055
0.487406171809842,0.98480857584613
0.48790658882402,0.984779318328303
0.488407005838199,0.984750231274893
0.488907422852377,0.984721314069053
0.489407839866555,0.984692566095774
0.489908256880734,0.984663986741875
0.490408673894912,0.984635575396002
0.490909090909091,0.984607331448625
0.491409507923269,0.984579254292033
0.491909924937448,0.984551343320331
0.492410341951626,0.984523597929439
0.492910758965805,0.984496017517086
0.493411175979983,0.984468601482803
0.493911592994162,0.984441349227929
0.49441201000834,0.984414260155598
0.494912427022519,0.984387333670739
0.495412844036697,0.984360569180075
0.495913261050876,0.984333966092116
0.496413678065054,0.984307523817155
0.496914095079233,0.984281241767269
0.497414512093411,0.984255119356309
0.49791492910759,0.984229155999902
0.498415346121768,0.984203351115444
0.498915763135947,0.984177704122098
0.499416180150125,0.984152214440789
0.499916597164304,0.984126881494203
0.500417014178482,0.984101704706781
0.500917431192661,0.984076683504713
0.501417848206839,0.984051817315942
0.501918265221017,0.984027105570153
0.502418682235196,0.984002547698771
0.502919099249375,0.983978143134962
0.503419516263553,0.983953891313622
0.503919933277731,0.983929791671378
0.50442035029191,0.983905843646585
0.504920767306088,0.983882046679319
0.505421184320267,0.983858400211374
0.505921601334445,0.983834903686261
0.506422018348624,0.983811556549203
0.506922435362802,0.983788358247129
0.507422852376981,0.983765308228672
0.507923269391159,0.983742405944168
0.508423686405338,0.983719650845646
0.508924103419516,0.983697042386831
0.509424520433695,0.983674580023136
0.509924937447873,0.983652263211659
0.510425354462052,0.98363009141118
0.51092577147623,0.983608064082158
0.511426188490409,0.983586180686726
0.511926605504587,0.983564440688685
0.512427022518766,0.983542843553507
0.512927439532944,0.983521388748323
0.513427856547123,0.983500075741926
0.513928273561301,0.983478904004764
0.51442869057548,0.983457873008935
0.514929107589658,0.983436982228187
0.515429524603837,0.983416231137911
0.515929941618015,0.98339561921514
0.516430358632193,0.983375145938541
0.516930775646372,0.983354810788417
0.51743119266055,0.983334613246698
0.517931609674729,0.983314552796939
0.518432026688907,0.983294628924319
0.518932443703086,0.983274841115633
0.519432860717264,0.98325518885929
0.519933277731443,0.98323567164531
0.520433694745621,0.983216288965318
0.5209341117598,0.983197040312544
0.521434528773978,0.983177925181816
0.521934945788157,0.983158943069555
0.522435362802335,0.983140093473776
0.522935779816514,0.983121375894081
0.523436196830692,0.983102789831654
0.523936613844871,0.983084334789262
0.524437030859049,0.983066010271245
0.524937447873228,0.983047815783517
0.525437864887406,0.983029750833562
0.525938281901585,0.983011814930425
0.526438698915763,0.982994007584716
0.526939115929942,0.9829763283086
0.52743953294412,0.982958776615795
0.527939949958299,0.982941352021571
0.528440366972477,0.982924054042741
0.528940783986655,0.982906882197663
0.529441201000834,0.98288983600623
0.529941618015012,0.982872914989873
0.530442035029191,0.982856118671551
0.53094245204337,0.982839446575752
0.531442869057548,0.982822898228485
0.531943286071726,0.98280647315728
0.532443703085905,0.982790170891182
0.532944120100083,0.982773990960748
0.533444537114262,0.982757932898043
0.53394495412844,0.982741996236636
0.534445371142619,0.982726180511597
0.534945788156797,0.982710485259492
0.535446205170976,0.98269491001838
0.535946622185154,0.982679454327811
0.536447039199333,0.982664117728818
0.536947456213511,0.982648899763917
0.53744787322769,0.9826337999771
0.537948290241868,0.982618817913836
0.538448707256047,0.982603953121062
0.538949124270225,0.982589205147183
0.539449541284404,0.982574573542066
0.539949958298582,0.982560057857037
0.540450375312761,0.982545657644879
0.540950792326939,0.982531372459824
0.541451209341118,0.982517201857554
0.541951626355296,0.982503145395193
0.542452043369475,0.982489202631308
0.542952460383653,0.982475373125899
0.543452877397832,0.982461656440404
0.54395329441201,0.982448052137684
0.544453711426188,0.982434559782031
0.544954128440367,0.982421178939155
0.545454545454545,0.982407909176185
0.545954962468724,0.982394750061666
0.546455379482902,0.98238170116555
0.546955796497081,0.982368762059199
0.547456213511259,0.982355932315376
0.547956630525438,0.982343211508245
0.548457047539616,0.982330599213365
0.548957464553795,0.982318095007686
0.549457881567973,0.982305698469548
0.549958298582152,0.982293409178674
0.55045871559633,0.982281226716169
0.550959132610509,0.982269150664515
0.551459549624687,0.982257180607568
0.551959966638866,0.982245316130552
0.552460383653044,0.98223355682006
0.552960800667223,0.982221902264044
0.553461217681401,0.982210352051818
0.55396163469558,0.982198905774051
0.554462051709758,0.98218756302276
0.554962468723937,0.982176323391314
0.555462885738115,0.982165186474424
0.555963302752294,0.982154151868143
0.556463719766472,0.982143219169859
0.55696413678065,0.982132387978294
0.557464553794829,0.982121657893502
0.557964970809008,0.982111028516859
0.558465387823186,0.982100499451066
0.558965804837364,0.982090070300142
0.559466221851543,0.982079740669423
0.559966638865721,0.982069510165552
0.5604670558799,0.982059378396486
0.560967472894078,0.982049344971481
0.561467889908257,0.982039409501097
0.561968306922435,0.98202957159719
0.562468723936614,0.982019830872909
0.562969140950792,0.982010186942695
0.563469557964971,0.982000639422272
0.563969974979149,0.981991187928651
0.564470391993328,0.981981832080119
0.564970809007506,0.981972571496241
0.565471226021685,0.981963405797852
0.565971643035863,0.981954334607057
0.566472060050042,0.981945357547226
0.56697247706422,0.98193647424299
0.567472894078399,0.981927684320238
0.567973311092577,0.981918987406114
0.568473728106756,0.981910383129013
0.568974145120934,0.981901871118576
0.569474562135113,0.981893451005688
0.569974979149291,0.981885122422478
0.57047539616347,0.981876885002306
0.570975813177648,0.981868738379771
0.571476230191826,0.981860682190697
0.571976647206005,0.981852716072139
0.572477064220184,0.981844839662371
0.572977481234362,0.981837052600888
0.57347789824854,0.981829354528401
0.573978315262719,0.981821745086835
0.574478732276897,0.98181422391932
0.574979149291076,0.981806790670195
0.575479566305254,0.981799444985001
0.575979983319433,0.981792186510476
0.576480400333611,0.981785014894554
0.57698081734779,0.981777929786361
0.577481234361968,0.98177093083621
0.577981651376147,0.981764017695603
0.578482068390325,0.981757190017218
0.578982485404504,0.981750447454915
0.579482902418682,0.981743789663727
0.579983319432861,0.98173721629986
0.580483736447039,0.981730727020685
0.580984153461218,0.981724321484741
0.581484570475396,0.981717999351727
0.581984987489575,0.981711760282497
0.582485404503753,0.981705603939064
0.582985821517932,0.98169952998459
0.58348623853211,0.981693538083382
0.583986655546288,0.981687627900897
0.584487072560467,0.981681799103728
0.584987489574646,0.98167605135961
0.585487906588824,0.981670384337407
0.585988323603003,0.98166479770712
0.586488740617181,0.981659291139873
0.586989157631359,0.981653864307917
0.587489574645538,0.981648516884623
0.587989991659716,0.981643248544481
0.588490408673895,0.981638058963094
0.588990825688073,0.981632947817177
0.589491242702252,0.981627914784553
0.58999165971643,0.98162295954415
0.590492076730609,0.981618081775996
0.590992493744787,0.981613281161219
0.591492910758966,0.98160855738204
0.591993327773144,0.981603910121774
0.592493744787323,0.981599339064823
0.592994161801501,0.981594843896673
0.59349457881568,0.981590424303893
0.593994995829858,0.981586079974133
0.594495412844037,0.981581810596115
0.594995829858215,0.981577615859634
0.595496246872394,0.981573495455556
0.595996663886572,0.981569449075811
0.596497080900751,0.981565476413393
0.596997497914929,0.981561577162355
0.597497914929108,0.981557751017805
0.597998331943286,0.981553997675906
0.598498748957465,0.981550316833871
0.598999165971643,0.981546708189959
0.599499582985822,0.981543171443472
0.6,0.981539706294755
